{
  "generated_at_utc": "2026-06-12T11:48:03.968816+00:00",
  "seed": 42,
  "device": "cuda",
  "parent_pool": {
    "original": 604,
    "virtual_elite": 0,
    "total": 604
  },
  "num_offspring": 604,
  "valid_count": 604,
  "invalid_count": 0,
  "invalid_indices": [],
  "target_ys": 1.0,
  "target_fs": 1.0,
  "gnn_forward": true,
  "gnn_evaluated": 604,
  "performance": {
    "offspring": {
      "count": 604,
      "ys_pred": {
        "min": 0.10481950640678406,
        "max": 0.5068856477737427,
        "mean": 0.45907071287071466,
        "median": 0.4820975065231323,
        "std": 0.07133101792471899
      },
      "fs_pred": {
        "min": -0.06284904479980469,
        "max": 0.20242388546466827,
        "mean": 0.14060000455414026,
        "median": 0.16028611361980438,
        "std": 0.051552426375347085
      },
      "f1": {
        "min": 0.4931143522262573,
        "max": 0.8951804935932159,
        "mean": 0.5409292871292853,
        "median": 0.5178880095481873,
        "std": 0.07133101792471899
      },
      "f2": {
        "min": 0.7975761145353317,
        "max": 1.0628490447998047,
        "mean": 0.8593999954458598,
        "median": 0.8390842974185944,
        "std": 0.05155242637534708
      },
      "weighted_score": {
        "min": 1.3124914467334747,
        "max": 4.300310751795768,
        "mean": 1.8162146821593406,
        "median": 1.7244232445955276,
        "std": 0.3598973032134901
      }
    }
  }
}