sample_id,teacher_UTS,linear_UTS,residual_true_UTS,residual_pred_UTS,combined_UTS,abs_err_linear_vs_teacher_UTS,abs_err_residual_pred_vs_true_UTS,abs_err_combined_vs_teacher_UTS,teacher_FS,linear_FS,residual_true_FS,residual_pred_FS,combined_FS,abs_err_linear_vs_teacher_FS,abs_err_residual_pred_vs_true_FS,abs_err_combined_vs_teacher_FS,label_UTS,abs_err_combined_vs_label_UTS,abs_err_teacher_vs_label_UTS,label_FS,abs_err_combined_vs_label_FS,abs_err_teacher_vs_label_FS
0,1.0840343236923218,1.108305375981257,-0.024271052288935113,0.00955064594745636,1.1178560219287133,0.024271052288935113,0.03382169823639147,0.03382169823639147,0.6473160982131958,0.5250039237517159,0.1223121744614799,0.11425387859344482,0.6392578023451607,0.1223121744614799,0.008058295868035081,0.008058295868035081,1.0596116781234741,0.05824434380523913,0.024422645568847656,0.5226442217826843,0.1166135805624764,0.12467187643051147
1,1.1051682233810425,1.1287342643218587,-0.02356604094081627,0.0006222024676389992,1.1293564667894977,0.02356604094081627,0.024188243408455268,0.024188243408455268,0.48771998286247253,0.43832489868844626,0.04939508417402627,0.2409285008907318,0.6792533995791781,0.04939508417402627,0.19153341671670554,0.19153341671670554,1.2015068531036377,0.07215038631413995,0.09633862972259521,0.3118848502635956,0.3673685493155825,0.17583513259887695
2,1.1746156215667725,1.1389487084921597,0.03566691307461278,0.00013105034304317087,1.1390797588352028,0.03566691307461278,0.03553586273156961,0.03553586273156961,0.34886837005615234,0.39498538615681156,-0.046117016100659214,-0.3019719123840332,0.09301347377277835,0.046117016100659214,0.255854896283374,0.255854896283374,1.1975070238113403,0.05842726497613748,0.02289140224456787,0.3128231167793274,0.21980964300654904,0.03604525327682495
3,1.2030134201049805,1.1491631526624606,0.05385026744251986,0.0022886113729327917,1.1514517640353934,0.05385026744251986,0.05156165606958707,0.05156165606958707,0.453887403011322,0.35164587362517663,0.10224152938614539,-0.019193530082702637,0.332452343542474,0.10224152938614539,0.12143505946884803,0.12143505946884803,1.2140729427337646,0.06262117869837125,0.01105952262878418,0.2887524664402008,0.04369987710227319,0.16513493657112122
4,1.2284159660339355,1.1593775970682307,0.06903836896570481,0.0070948852226138115,1.1664724822908445,0.06903836896570481,0.061943483743091,0.061943483743091,0.5027737021446228,0.30830636009445467,0.19446734205016813,0.019089579582214355,0.327395939676669,0.19446734205016813,0.17537776246795378,0.17537776246795378,1.2483664751052856,0.0818939928144411,0.019950509071350098,0.346030056476593,0.018634116799923994,0.15674364566802979
5,1.2391951084136963,1.1695920424158777,0.06960306599781863,0.014549873769283295,1.184141916185161,0.06960306599781863,0.05505319222853533,0.05505319222853533,0.5251985788345337,0.2649668425673837,0.26023173626715,0.034180253744125366,0.29914709631150904,0.26023173626715,0.22605148252302465,0.22605148252302465,1.1998347043991089,0.015692788213947928,0.0393604040145874,0.2734149098396301,0.025732186471878915,0.25178366899490356
6,1.2399296760559082,1.179806485879771,0.06012319017613721,0.02465357445180416,1.2044600603315752,0.06012319017613721,0.03546961572433305,0.03546961572433305,0.5271292328834534,0.22162733303301052,0.30550189985044285,0.04221212863922119,0.2638394616722317,0.30550189985044285,0.26328977121122166,0.26328977121122166,1.205527901649475,0.0010678413178999424,0.034401774406433105,0.3109441101551056,0.04710464848287388,0.21618512272834778
7,0.7673951983451843,0.8893094378363506,-0.12191423949116631,-0.008735544979572296,0.8805738928567783,0.12191423949116631,0.11317869451159401,0.11317869451159401,0.7497979402542114,0.7734200885973415,-0.023622148343130034,-0.2523966133594513,0.5210234752378902,0.023622148343130034,0.22877446501632126,0.22877446501632126,0.7528173327445984,0.12775656011217995,0.014577865600585938,0.4445516765117645,0.07647179872612564,0.3052462637424469
8,0.7296638488769531,0.8219260742425635,-0.09226222536561035,-0.014362065121531487,0.807564009121032,0.09226222536561035,0.07790016024407886,0.07790016024407886,0.7553828954696655,0.8498558293702637,-0.09447293390059819,-0.05409306287765503,0.7957627664926087,0.09447293390059819,0.04037987102294316,0.04037987102294316,0.7224476933479309,0.08511631577310108,0.007216155529022217,0.33082666993141174,0.46493609656119694,0.4245562255382538
9,0.6490918397903442,0.7545427020286457,-0.10545086223830147,-0.019988585263490677,0.734554116765155,0.10545086223830147,0.08546227697481079,0.08546227697481079,0.8955681920051575,0.9262915799213574,-0.030723387916199885,0.29061946272850037,1.2169110426498577,0.030723387916199885,0.32134285064470025,0.32134285064470025,0.6532803177833557,0.08127379898179932,0.004188477993011475,0.8139623403549194,0.4029487022949383,0.08160585165023804
10,1.0650477409362793,1.0325089501870863,0.03253879074919297,0.00955064594745636,1.0420595961345427,0.03253879074919297,0.02298814480173661,0.02298814480173661,0.872314453125,0.7942955977125841,0.07801885541241593,0.11425387859344482,0.9085494763060289,0.07801885541241593,0.03623502318102889,0.03623502318102889,1.0265862941741943,0.015473301960348351,0.03846144676208496,0.7364670634269714,0.17208241287905746,0.13584738969802856
11,1.1417938470840454,1.0631522826979891,0.0786415643860563,0.00013105034304317087,1.0632833330410323,0.0786415643860563,0.07851051404301312,0.07851051404301312,0.38082125782966614,0.6642770601176797,-0.2834558022880136,-0.3019719123840332,0.3623051477336465,0.2834558022880136,0.01851611009601961,0.01851611009601961,1.1224006414413452,0.05911730840031293,0.019393205642700195,0.3350110650062561,0.027294082727390423,0.045810192823410034
12,1.161991834640503,1.07336672686829,0.08862510777221289,0.0022886113729327917,1.0756553382412228,0.08862510777221289,0.0863364963992801,0.0863364963992801,0.540632426738739,0.6209375475860448,-0.08030512084730579,-0.019193530082702637,0.6017440175033422,0.08030512084730579,0.06111159076460315,0.06111159076460315,1.099929928779602,0.024274590538379215,0.06206190586090088,0.6347873210906982,0.03304330358735608,0.09415489435195923
13,1.1924991607666016,1.093795616621707,0.09870354414489446,0.014549873769283295,1.1083454903909904,0.09870354414489446,0.08415367037561117,0.08415367037561117,0.651953399181366,0.5342585165282518,0.11769488265311412,0.034180253744125366,0.5684387702723772,0.11769488265311412,0.08351462890898875,0.08351462890898875,1.080033779144287,0.028311711246703286,0.11246538162231445,0.5454860925674438,0.022952677704933366,0.10646730661392212
14,1.1864895820617676,1.1040100600856004,0.08247952197616715,0.02465357445180416,1.1286636345374046,0.08247952197616715,0.057825947524362986,0.057825947524362986,0.6481311917304993,0.4909190069938787,0.15721218473662057,0.04221212863922119,0.5331311356330999,0.15721218473662057,0.11500005609739938,0.11500005609739938,1.0991936922073364,0.029469942330068166,0.08729588985443115,0.591052234172821,0.05792109853972116,0.05707895755767822
15,0.7343012094497681,0.8135130120421801,-0.079211802592412,-0.008735544979572296,0.8047774670626078,0.079211802592412,0.07047625761283971,0.07047625761283971,1.0283839702606201,1.0427117625582096,-0.014327792297589514,-0.2523966133594513,0.7903151491987583,0.014327792297589514,0.23806882106186178,0.23806882106186178,0.6927419900894165,0.11203547697319127,0.04155921936035156,1.1524347066879272,0.3621195574891689,0.12405073642730713
16,0.6677883863449097,0.7461296484483929,-0.07834126210348324,-0.014362065121531487,0.7317675833268614,0.07834126210348324,0.06397919698195176,0.06397919698195176,1.1509952545166016,1.119147503331132,0.031847751185469564,-0.05409306287765503,1.065054440453477,0.031847751185469564,0.0859408140631246,0.0859408140631246,0.666869044303894,0.06489853902296738,0.000919342041015625,1.1418019533157349,0.0767475128622579,0.0091933012008667
17,0.5930787920951843,0.6787462762344751,-0.08566748413929082,-0.019988585263490677,0.6587576909709845,0.08566748413929082,0.06567889887580014,0.06567889887580014,2.035773992538452,1.1955832538822255,0.8401907386562266,0.29061946272850037,1.486202716610726,0.8401907386562266,0.5495712759277263,0.5495712759277263,0.567052960395813,0.09170473057517148,0.026025831699371338,2.2875866889953613,0.8013839723846354,0.2518126964569092
18,1.0219300985336304,1.0131423088427427,0.00878778969088767,0.00955064594745636,1.022692954790199,0.00878778969088767,0.0007628562565686892,0.0007628562565686892,1.1449062824249268,0.9364100550609137,0.20849622736401308,0.11425387859344482,1.0506639336543584,0.20849622736401308,0.09424234877056825,0.09424234877056836,0.9066269993782043,0.11606595541199471,0.11530309915542603,1.0754330158233643,0.024769082169005863,0.0694732666015625
19,1.0953186750411987,1.0437856413536457,0.05153303368755302,0.00013105034304317087,1.0439166916966889,0.05153303368755302,0.05140198334450985,0.05140198334450985,0.3908995985984802,0.8063915174660092,-0.415491918867529,-0.3019719123840332,0.504419605081976,0.415491918867529,0.1135200064834958,0.1135200064834958,1.0036588907241821,0.04025780097250675,0.0916597843170166,0.4060209095478058,0.09839869553417024,0.015121310949325562
20,1.1384875774383545,1.0642145299297168,0.07427304750863772,0.0070948852226138115,1.0713094151523306,0.07427304750863772,0.06717816228602391,0.06717816228602391,0.6755931973457336,0.7197124914036523,-0.0441192940579187,0.019089579582214355,0.7388020709858667,0.0441192940579187,0.06320887364013306,0.06320887364013306,1.0235239267349243,0.04778548841740626,0.11496365070343018,0.6351115107536316,0.10369056023223511,0.04048168659210205
21,1.1524055004119873,1.0744289752773637,0.07797652513462361,0.014549873769283295,1.088978849046647,0.07797652513462361,0.06342665136534031,0.06342665136534031,0.7040773630142212,0.6763729738765814,0.02770438913763984,0.034180253744125366,0.7105532276207067,0.02770438913763984,0.006475864606485526,0.006475864606485526,0.9821420311927795,0.10683681785386745,0.17026346921920776,0.4687538743019104,0.24179935331879632,0.2353234887123108
22,1.154834508895874,1.084643418741257,0.070191090154617,0.02465357445180416,1.1092969931930612,0.070191090154617,0.045537515702812836,0.045537515702812836,0.6899141073226929,0.6330334643422083,0.056880642980484564,0.04221212863922119,0.6752455929814295,0.056880642980484564,0.014668514341263372,0.014668514341263372,1.0708991289138794,0.03839786427918179,0.08393537998199463,0.7430717945098877,0.0678262015284582,0.053157687187194824
23,0.6744045615196228,0.7941463706978366,-0.11974180917821375,-0.008735544979572296,0.7854108257182643,0.11974180917821375,0.11100626419864146,0.11100626419864146,1.3172096014022827,1.1848262199065394,0.13238338149574336,-0.2523966133594513,0.9324296065470881,0.13238338149574336,0.38477999485519465,0.38477999485519465,0.5965766310691833,0.1888341946490809,0.07782793045043945,1.8205245733261108,0.8880949667790228,0.5033149719238281
24,0.6361094117164612,0.7267630071040495,-0.09065359538758833,-0.014362065121531487,0.712400941982518,0.09065359538758833,0.07629153026605684,0.07629153026605684,1.4340890645980835,1.2612619606794615,0.172827103918622,-0.05409306287765503,1.2071688978018065,0.172827103918622,0.22692016679627702,0.22692016679627702,0.5759115219116211,0.13648942007089693,0.06019788980484009,1.6528886556625366,0.44571975786073015,0.21879959106445312
25,0.5793445110321045,0.6593796348901316,-0.08003512385802714,-0.019988585263490677,0.639391049626641,0.08003512385802714,0.06004653859453646,0.06004653859453646,2.2763173580169678,1.337697711230555,0.9386196467864127,0.29061946272850037,1.6283171739590554,0.9386196467864127,0.6480001840579124,0.6480001840579124,0.4949135482311249,0.14447750139551607,0.08443096280097961,2.358175754547119,0.7298585805880637,0.08185839653015137
26,1.083993673324585,1.0928242959326964,-0.008830622608111405,0.00955064594745636,1.1023749418801527,0.008830622608111405,0.018381268555567765,0.018381268555567765,0.647736668586731,0.7335171667232763,-0.08578049813654531,0.11425387859344482,0.8477710453167211,0.08578049813654531,0.20003437672999014,0.20003437672999014,1.0577261447906494,0.04464879708950331,0.026267528533935547,0.7926827073097229,0.055088338006998194,0.14494603872299194
27,1.1747093200683594,1.1234676284435992,0.05124169162476022,0.00013105034304317087,1.1235986787866423,0.05124169162476022,0.05111064128171705,0.05111064128171705,0.3502615988254547,0.6034986291283718,-0.2532370303029171,-0.3019719123840332,0.3015267167443386,0.2532370303029171,0.04873488208111609,0.04873488208111609,1.1409472227096558,0.017348543923013438,0.03376209735870361,0.350155770778656,0.04862905403431739,0.00010582804679870605
28,1.2028048038482666,1.1336820726139,0.06912273123436652,0.0022886113729327917,1.1359706839868329,0.06912273123436652,0.06683411986143373,0.06683411986143373,0.4614036977291107,0.560159116596737,-0.09875541886762629,-0.019193530082702637,0.5409655865140344,0.09875541886762629,0.07956188878492365,0.07956188878492365,1.2094106674194336,0.07343998343260072,0.006605863571166992,0.5827383399009705,0.04177275338693609,0.12133464217185974
29,1.2389144897460938,1.1541109623673171,0.08480352737877661,0.014549873769283295,1.1686608361366004,0.08480352737877661,0.07025365360949332,0.07025365360949332,0.5241828560829163,0.47348008553894394,0.05070277054397232,0.034180253744125366,0.5076603392830693,0.05070277054397232,0.016522516799846954,0.016522516799846954,1.2128456830978394,0.04418484696123892,0.026068806648254395,0.657409131526947,0.14974879224387772,0.13322627544403076
30,1.2396842241287231,1.1643254058312105,0.07535881829751268,0.02465357445180416,1.1889789802830146,0.07535881829751268,0.050705243845708514,0.050705243845708514,0.5286221504211426,0.4301405760045709,0.09848157441657168,0.04221212863922119,0.4723527046437921,0.09848157441657168,0.05626944577735049,0.05626944577735049,1.2341721057891846,0.04519312550616994,0.005512118339538574,0.6474426984786987,0.17508999383490664,0.11882054805755615
31,0.765796422958374,0.8738283577877901,-0.10803193482941609,-0.008735544979572296,0.8650928128082178,0.10803193482941609,0.09929638984984379,0.09929638984984379,0.7749884128570557,0.9819333315689018,-0.20694491871184617,-0.2523966133594513,0.7295367182094505,0.20694491871184617,0.04545169464760512,0.04545169464760512,0.785577118396759,0.07951569441145878,0.01978069543838501,0.9744859933853149,0.2449492751758644,0.19949758052825928
32,0.7261087894439697,0.806444994194003,-0.08033620475003322,-0.014362065121531487,0.7920829290724715,0.08033620475003322,0.06597413962850174,0.06597413962850174,0.7784103155136108,1.058369072341824,-0.27995875682821314,-0.05409306287765503,1.004276009464169,0.27995875682821314,0.2258656939505581,0.2258656939505581,0.7904360890388489,0.0016468400336225875,0.06432729959487915,0.8076324462890625,0.19664356317510645,0.02922213077545166
33,0.6462070941925049,0.7390616219800851,-0.09285452778758019,-0.019988585263490677,0.7190730367165944,0.09285452778758019,0.07286594252408951,0.07286594252408951,1.0988616943359375,1.1348048228929177,-0.03594312855698023,0.29061946272850037,1.425424285621418,0.03594312855698023,0.3265625912854806,0.3265625912854806,0.6560288071632385,0.06304422955335587,0.009821712970733643,1.2512239217758179,0.17420036384560023,0.15236222743988037
34,1.06527578830719,1.0560773338361633,0.00919845447102663,0.00955064594745636,1.0656279797836197,0.00919845447102663,0.0003521914764297307,0.0003521914764297307,0.9236687421798706,0.8640728074710887,0.059595934708781884,0.11425387859344482,0.9783266860645335,0.059595934708781884,0.05465794388466294,0.05465794388466294,1.0601885318756104,0.0054394479080093205,0.00508725643157959,1.0853593349456787,0.10703264888114516,0.1616905927658081
35,1.1413569450378418,1.086720666347066,0.0546362786907757,0.00013105034304317087,1.0868517166901093,0.0546362786907757,0.054505228347732526,0.054505228347732526,0.3940058946609497,0.7340542698761843,-0.34004837521523457,-0.3019719123840332,0.43208235749215107,0.34004837521523457,0.03807646283120136,0.03807646283120136,1.1594619750976562,0.07261025840754698,0.018105030059814453,0.3071407377719879,0.12494161972016316,0.08686515688896179
36,1.1627635955810547,1.096935110517367,0.06582848506368766,0.0022886113729327917,1.0992237218902998,0.06582848506368766,0.06353987369075487,0.06353987369075487,0.5464226007461548,0.6907147573445495,-0.14429215659839467,-0.019193530082702637,0.6715212272618468,0.14429215659839467,0.12509862651569204,0.12509862651569204,1.2387242317199707,0.13950050982967088,0.07596063613891602,0.5728635191917419,0.09865770807010488,0.026440918445587158
37,1.1961143016815186,1.117364000270784,0.07875030141073447,0.014549873769283295,1.1319138740400674,0.07875030141073447,0.06420042764145117,0.06420042764145117,0.6755504012107849,0.6040357262867564,0.07151467492402852,0.034180253744125366,0.6382159800308818,0.07151467492402852,0.037334421179903154,0.037334421179903154,1.2544491291046143,0.12253525506454688,0.0583348274230957,0.7910422086715698,0.15282622864068807,0.11549180746078491
38,1.1926929950714111,1.1275784437346774,0.06511455133673372,0.02465357445180416,1.1522320181864816,0.06511455133673372,0.040460976884929556,0.040460976884929556,0.6686710119247437,0.5606962167523833,0.1079747951723603,0.04221212863922119,0.6029083453916045,0.1079747951723603,0.06576266653313911,0.06576266653313911,1.2688287496566772,0.11659673147019567,0.07613575458526611,0.8517035245895386,0.24879517919793404,0.18303251266479492
39,0.747312605381012,0.837081395691257,-0.08976879031024498,-0.008735544979572296,0.8283458507116847,0.08976879031024498,0.08103324533067269,0.08103324533067269,1.0421371459960938,1.1124889723167142,-0.07035182632062043,-0.2523966133594513,0.8600923589572629,0.07035182632062043,0.18204478703883087,0.18204478703883087,0.7617881894111633,0.06655766130052132,0.014475584030151367,0.973845899105072,0.11375354014780914,0.06829124689102173
40,0.6862562298774719,0.7696980320974699,-0.08344180221999797,-0.014362065121531487,0.7553359669759384,0.08344180221999797,0.06907973709846649,0.06907973709846649,1.1598389148712158,1.1889247130896365,-0.029085798218420722,-0.05409306287765503,1.1348316502119815,0.029085798218420722,0.025007264659234307,0.025007264659234307,0.7224796414375305,0.03285632553840789,0.036223411560058594,1.0863391160964966,0.04849253411548493,0.07349979877471924
41,0.603924036026001,0.702314659883552,-0.09839062385755104,-0.019988585263490677,0.6823260746200613,0.09839062385755104,0.07840203859406036,0.07840203859406036,1.9022183418273926,1.26536046364073,0.6368578781866625,0.29061946272850037,1.5559799263692304,0.6368578781866625,0.34623841545816214,0.34623841545816214,0.6050462126731873,0.07727986194687408,0.0011221766471862793,1.8479068279266357,0.2919269015574053,0.054311513900756836
42,1.0224359035491943,1.0466881676853699,-0.02425226413617554,0.00955064594745636,1.0562388136328262,0.02425226413617554,0.0338029100836319,0.0338029100836319,1.1596115827560425,0.9329714992343363,0.22664008352170617,0.11425387859344482,1.0472253778277811,0.22664008352170617,0.11238620492826135,0.11238620492826135,1.063033938407898,0.006795124775071715,0.04059803485870361,1.0533190965652466,0.006093718737465448,0.1062924861907959
43,1.095872402191162,1.0773315001962729,0.018540901994889225,0.00013105034304317087,1.077462550539316,0.018540901994889225,0.018409851651846054,0.018409851651846054,0.396238774061203,0.8029529616394319,-0.40671418757822886,-0.3019719123840332,0.5009810492553987,0.40671418757822886,0.10474227519419566,0.10474227519419566,1.1522330045700073,0.07477045403069127,0.056360602378845215,0.36231863498687744,0.13866241426852122,0.03392013907432556
44,1.1077779531478882,1.0875459443665738,0.02023200878131437,0.0022886113729327917,1.0898345557395066,0.02023200878131437,0.01794339740838158,0.01794339740838158,0.5448629260063171,0.759613449107797,-0.2147505231014799,-0.019193530082702637,0.7404199190250944,0.2147505231014799,0.19555699301877727,0.19555699301877727,1.1711556911468506,0.08132113540734398,0.0633777379989624,0.5904949903488159,0.1499249286762785,0.04563206434249878
45,1.1537282466888428,1.1079748341199909,0.0457534125688519,0.014549873769283295,1.1225247078892742,0.0457534125688519,0.03120353879956861,0.03120353879956861,0.7328048944473267,0.672934418050004,0.05987047639732268,0.034180253744125366,0.7071146717941293,0.05987047639732268,0.025690222653197314,0.025690222653197314,1.1953608989715576,0.07283619108228345,0.041632652282714844,0.7715997099876404,0.06448503819351104,0.03879481554031372
46,1.1560759544372559,1.1181892775838842,0.03788667685337166,0.02465357445180416,1.1428428520356884,0.03788667685337166,0.013233102401567498,0.013233102401567498,0.7124139070510864,0.6295949085156309,0.08281899853545549,0.04221212863922119,0.6718070371548521,0.08281899853545549,0.0406068698962343,0.0406068698962343,1.2351077795028687,0.09226492746718029,0.07903182506561279,0.954917311668396,0.28311027451354387,0.24250340461730957
47,0.6762992143630981,0.8276922295404637,-0.1513930151773656,-0.008735544979572296,0.8189566845608914,0.1513930151773656,0.1426574701977933,0.1426574701977933,1.3053723573684692,1.1813876640799619,0.12398469328850736,-0.2523966133594513,0.9289910507205106,0.12398469328850736,0.37638130664795866,0.37638130664795866,0.7115496397018433,0.10740704485904817,0.03525042533874512,1.173309087753296,0.24431803703278532,0.13206326961517334
48,0.638716459274292,0.7603088659466766,-0.12159240667238458,-0.014362065121531487,0.7459468008251451,0.12159240667238458,0.10723034155085309,0.10723034155085309,1.39622962474823,1.257823404852884,0.13840621989534596,-0.05409306287765503,1.203730341975229,0.13840621989534596,0.192499282773001,0.192499282773001,0.6794012784957886,0.06654552232935651,0.04068481922149658,1.222881555557251,0.019151213582021986,0.173348069190979
49,0.5809613466262817,0.6929254937327588,-0.11196414710647706,-0.019988585263490677,0.6729369084692681,0.11196414710647706,0.09197556184298639,0.09197556184298639,2.227508544921875,1.3342591554039778,0.8932493895178972,0.29061946272850037,1.6248786181324781,0.8932493895178972,0.6026299267893969,0.6026299267893969,0.5739094018936157,0.0990275065756524,0.007051944732666016,2.30234432220459,0.6774657040721117,0.07483577728271484
50,1.092735767364502,1.0782560379365624,0.014479729427939514,0.00955064594745636,1.0878066838840188,0.014479729427939514,0.004929083480483154,0.004929083480483154,0.832679808139801,0.929735693446978,-0.09705588530717701,0.11425387859344482,1.0439895720404229,0.09705588530717701,0.21130976390062184,0.21130976390062184,1.0774807929992676,0.010325890884751221,0.015254974365234375,0.8582112193107605,0.18577835272966237,0.025531411170959473
51,1.181373119354248,1.1088993704474652,0.07247374890678282,0.00013105034304317087,1.1090304207905084,0.07247374890678282,0.07234269856373965,0.07234269856373965,0.3785126805305481,0.7997171558520736,-0.4212044753215255,-0.3019719123840332,0.4977452434680404,0.4212044753215255,0.11923256293749229,0.11923256293749229,1.1597614288330078,0.050731008042499415,0.021611690521240234,0.3249397575855255,0.17280548588251488,0.05357292294502258
52,1.189647912979126,1.1191138146177662,0.07053409836135982,0.0022886113729327917,1.121402425990699,0.07053409836135982,0.06824548698842703,0.06824548698842703,0.545597493648529,0.7563776433204388,-0.21078014967190972,-0.019193530082702637,0.7371841132377361,0.21078014967190972,0.19158661958920709,0.19158661958920709,1.2237871885299683,0.10238476253926931,0.034139275550842285,0.5846233367919922,0.15256077644574395,0.039025843143463135
53,1.2440154552459717,1.1395427043711832,0.10447275087478847,0.014549873769283295,1.1540925781404665,0.10447275087478847,0.08992287710550517,0.08992287710550517,0.6976878643035889,0.6696986122626457,0.027989252040943158,0.034180253744125366,0.7038788660067711,0.027989252040943158,0.0061910017031822084,0.0061910017031822084,1.2631033658981323,0.10901078775766582,0.019087910652160645,0.8010650277137756,0.09718616170700456,0.10337716341018677
54,1.2447364330291748,1.1497571478350765,0.09497928519409826,0.02465357445180416,1.1744107222868807,0.09497928519409826,0.0703257107422941,0.0703257107422941,0.6991026401519775,0.6263591027282727,0.07274353742370487,0.04221212863922119,0.6685712313674939,0.07274353742370487,0.030531408784483682,0.030531408784483682,1.3031646013259888,0.12875387903910807,0.058428168296813965,0.7346519231796265,0.06608069181213261,0.035549283027648926
55,0.7629467248916626,0.8592600997916561,-0.09631337489999348,-0.008735544979572296,0.8505245548120838,0.09631337489999348,0.08757782992042118,0.08757782992042118,0.9880638122558594,1.1781518582926036,-0.19008804603674423,-0.2523966133594513,0.9257552449331523,0.19008804603674423,0.062308567322707065,0.062308567322707065,0.7338086366653442,0.11671591814673954,0.02913808822631836,0.9888526797294617,0.06309743479630936,0.0007888674736022949
56,0.7070019841194153,0.791876736197869,-0.08487475207845374,-0.014362065121531487,0.7775146710763375,0.08487475207845374,0.07051268695692225,0.07051268695692225,1.0614736080169678,1.254587599065526,-0.1931139910485582,-0.05409306287765503,1.200494536187871,0.1931139910485582,0.13902092817090317,0.13902092817090317,0.7453650832176208,0.03214958785871669,0.038363099098205566,1.088317632675171,0.11217690351270004,0.026844024658203125
57,0.6240707635879517,0.7244933639839511,-0.10042260039599948,-0.019988585263490677,0.7045047787204605,0.10042260039599948,0.08043401513250881,0.08043401513250881,1.4793338775634766,1.3310233496166195,0.14831052794685706,0.29061946272850037,1.6216428123451199,0.14831052794685706,0.1423089347816433,0.1423089347816433,0.59988933801651,0.10461544070395046,0.02418142557144165,1.479420781135559,0.14222203120956078,8.690357208251953e-05
58,1.0586069822311401,0.9979497307931074,0.06065725143803269,0.05908847227692604,1.0570382030700336,0.06065725143803269,0.0015687791611066482,0.0015687791611065371,0.6856770515441895,0.8416799307316358,-0.15600287918744637,0.11807528138160706,0.9597552121132429,0.15600287918744637,0.27407816056905343,0.27407816056905343,1.0078452825546265,0.049192920515407135,0.05076169967651367,0.7231500744819641,0.23660513763127877,0.03747302293777466
59,1.1246259212493896,1.0285930633040103,0.0960328579453793,0.0008107895846478641,1.0294038528886582,0.0960328579453793,0.09522206836073144,0.09522206836073144,0.4255918860435486,0.7116613931367314,-0.2860695070931828,-0.3268279731273651,0.38483342000936627,0.2860695070931828,0.04075846603418232,0.04075846603418232,1.0918774604797363,0.06247360759107812,0.03274846076965332,0.36617907881736755,0.018654341191998713,0.05941280722618103
60,1.150112509727478,1.0388075074743113,0.11130500225316675,0.0141593087464571,1.0529668162207684,0.11130500225316675,0.09714569350670965,0.09714569350670965,0.5464105606079102,0.6683218806050966,-0.12191131999718641,-0.024667739868164062,0.6436541407369325,0.12191131999718641,0.09724358012902234,0.09724358012902234,1.137098789215088,0.08413197299431951,0.013013720512390137,0.5783748626708984,0.06527927806603406,0.03196430206298828
61,1.1698381900787354,1.0490219518800814,0.12081623819865395,0.04389503598213196,1.0929169878622134,0.12081623819865395,0.07692120221652199,0.07692120221652199,0.6194100379943848,0.6249823670743745,-0.005572329079989724,0.016218602657318115,0.6412009697316926,0.005572329079989724,0.02179093173730784,0.02179093173730784,1.1659040451049805,0.0729870572427671,0.003934144973754883,0.632427990436554,0.00877297929513865,0.01301795244216919
62,1.1775100231170654,1.0592363972277283,0.1182736258893371,0.09001797437667847,1.1492543716044068,0.1182736258893371,0.02825565151265863,0.02825565151265863,0.6510210037231445,0.5816428495473035,0.06937815417584103,0.03232333064079285,0.6139661801880963,0.06937815417584103,0.03705482353504819,0.03705482353504819,1.1378707885742188,0.01138358303018805,0.03963923454284668,0.7527178525924683,0.13875167240437192,0.10169684886932373
63,1.174086570739746,1.0694508406916217,0.10463573004812443,0.15252810716629028,1.221978947857912,0.10463573004812443,0.04789237711816585,0.04789237711816585,0.6549240946769714,0.5383033400129305,0.11662075466404098,0.04088705778121948,0.5791903977941499,0.11662075466404098,0.0757336968828215,0.0757336968828215,1.1312870979309082,0.09069184992700374,0.04279947280883789,0.5479112863540649,0.031279111440084995,0.1070128083229065
64,0.7028384208679199,0.7789537926482013,-0.07611537178028138,-0.05404556170105934,0.724908230947142,0.07611537178028138,0.02206981007922204,0.02206981007922204,0.9471226334571838,1.0900960955772614,-0.14297346212007755,-0.25291866064071655,0.8371774349365448,0.14297346212007755,0.109945198520639,0.109945198520639,0.6906507611274719,0.03425746981967004,0.012187659740447998,0.8996294736862183,0.06245203874967342,0.047493159770965576
65,0.6751900315284729,0.7115704290544141,-0.036380397525941244,-0.0888560339808464,0.6227143950735677,0.036380397525941244,0.05247563645490516,0.05247563645490516,1.0063097476959229,1.1665318363501835,-0.16022208865426069,-0.0559515655040741,1.1105802708461094,0.16022208865426069,0.10427052315018659,0.10427052315018659,0.6597068309783936,0.036992435904825816,0.015483200550079346,0.8679443597793579,0.24263591106675153,0.13836538791656494
66,0.6446908712387085,0.6441870568404964,0.0005038143982121213,-0.12366651743650436,0.520520539403992,0.0005038143982121213,0.12417033183471649,0.12417033183471649,1.4510531425476074,1.242967586901277,0.20808555564633036,0.2874245345592499,1.530392121460527,0.20808555564633036,0.07933897891291952,0.07933897891291952,0.6891033053398132,0.16858276593582122,0.044412434101104736,1.5187870264053345,0.011605095055192471,0.06773388385772705
67,1.0587158203125,1.007136982653445,0.05157883765905491,0.05908847227692604,1.0662254549303711,0.05157883765905491,0.00750963461787113,0.00750963461787113,0.6944335699081421,0.8688799631864745,-0.17444639327833245,0.11807528138160706,0.9869552445680816,0.17444639327833245,0.2925216746599395,0.2925216746599395,1.02898108959198,0.03724436533839115,0.02973473072052002,0.641381561756134,0.34557368281194756,0.05305200815200806
68,1.124814748764038,1.0377803151643479,0.08703443359969021,0.0008107895846478641,1.0385911047489957,0.08703443359969021,0.08622364401504234,0.08622364401504234,0.42642509937286377,0.7388614255915702,-0.31243632621870643,-0.3268279731273651,0.4120334524642051,0.31243632621870643,0.014391646908658684,0.014391646908658684,1.176248550415039,0.13765744566604332,0.05143380165100098,0.3186420500278473,0.0933914024363578,0.10778304934501648
69,1.1505460739135742,1.0479947593346488,0.10255131457892541,0.0141593087464571,1.062154068081106,0.10255131457892541,0.08839200583246831,0.08839200583246831,0.5478476285934448,0.6955219130599354,-0.14767428446649056,-0.024667739868164062,0.6708541731917713,0.14767428446649056,0.1230065445983265,0.1230065445983265,1.1442854404449463,0.08213137236384038,0.00626063346862793,0.5187197923660278,0.1521343808257435,0.029127836227416992
70,1.1784013509750366,1.0684236490880659,0.10997770188697076,0.09001797437667847,1.1584416234647443,0.10997770188697076,0.01995972751029229,0.01995972751029229,0.6597883701324463,0.6088428820021423,0.05094548813030397,0.03232333064079285,0.6411662126429352,0.05094548813030397,0.018622157489511126,0.018622157489511126,1.1689716577529907,0.010530034288246393,0.009429693222045898,0.726263165473938,0.08509695283100283,0.0664747953414917
71,1.1751353740692139,1.0786380925519592,0.09649728151725467,0.15252810716629028,1.2311661997182495,0.09649728151725467,0.05603082564903561,0.05603082564903561,0.6637693643569946,0.5655033724677693,0.09826599188922536,0.04088705778121948,0.6063904302489888,0.09826599188922536,0.057378934108005875,0.057378934108005875,1.2243322134017944,0.006833986316455043,0.049196839332580566,0.669304609298706,0.0629141790497173,0.005535244941711426
72,0.7050437927246094,0.7881410445085388,-0.08309725178392946,-0.05404556170105934,0.7340954828074795,0.08309725178392946,0.02905169008287012,0.02905169008287012,0.9570135474205017,1.1172961280321,-0.1602825806115984,-0.25291866064071655,0.8643774673913835,0.1602825806115984,0.09263608002911816,0.09263608002911816,0.7091079354286194,0.02498754737886011,0.00406414270401001,0.8359036445617676,0.02847382282961597,0.12110990285873413
73,0.6771594285964966,0.7207576809147517,-0.04359825231825509,-0.0888560339808464,0.6319016469339053,0.04359825231825509,0.04525778166259131,0.04525778166259131,1.0216624736785889,1.1937318688050222,-0.17206939512643338,-0.0559515655040741,1.1377803033009481,0.17206939512643338,0.11611782962235928,0.11611782962235928,0.703610360622406,0.07170871368850074,0.026450932025909424,0.9636397957801819,0.17414050752076626,0.05802267789840698
74,0.6466586589813232,0.6533743087008339,-0.0067156497195106635,-0.12366651743650436,0.5297077912643295,0.0067156497195106635,0.1169508677169937,0.1169508677169937,1.44472336769104,1.270167619356116,0.17455574833492404,0.2874245345592499,1.5575921539153659,0.17455574833492404,0.11286878622432583,0.11286878622432583,0.6764745712280273,0.1467667799636978,0.0298159122467041,1.1836575269699097,0.3739346269454562,0.26106584072113037
75,1.1187074184417725,1.1360800640227822,-0.017372645581009705,0.05908847227692604,1.1951685362997082,0.017372645581009705,0.07646111785793575,0.07646111785793575,0.821199893951416,0.7488611994890491,0.07233869446236696,0.11807528138160706,0.8669364808706561,0.07233869446236696,0.045736586919240096,0.045736586919240096,1.1157455444335938,0.07942299186611446,0.002961874008178711,0.8496658205986023,0.017270660272053817,0.02846592664718628
76,1.1906615495681763,1.166723396533685,0.023938153034491316,0.0008107895846478641,1.1675341861183328,0.023938153034491316,0.023127363449843452,0.023127363449843452,0.4407733678817749,0.6188426618941447,-0.17806929401236982,-0.3268279731273651,0.2920146887667796,0.17806929401236982,0.1487586791149953,0.1487586791149953,1.1115764379501343,0.05595774816819854,0.07908511161804199,0.2978459894657135,0.0058313006989338945,0.1429273784160614
77,1.224010705947876,1.1769378407039859,0.047072865243890094,0.0141593087464571,1.191097149450443,0.047072865243890094,0.032913556497432994,0.032913556497432994,0.5878568291664124,0.5755031493625098,0.012353679803902562,-0.024667739868164062,0.5508354094943457,0.012353679803902562,0.037021419672066624,0.037021419672066624,1.178825855255127,0.01227129419531603,0.04518485069274902,0.5478774309158325,0.0029579785785132096,0.039979398250579834
78,1.2633895874023438,1.187152285109756,0.07623730229258774,0.04389503598213196,1.231047321091888,0.07623730229258774,0.03234226631045578,0.03234226631045578,0.7129741907119751,0.5321636358317878,0.18081055488018727,0.016218602657318115,0.5483822384891059,0.18081055488018727,0.16459195222286915,0.16459195222286915,1.2545989751815796,0.02355165408969162,0.00879061222076416,0.7792503237724304,0.23086808528332448,0.06627613306045532
79,1.2738633155822754,1.2075811739212963,0.06628214166097912,0.15252810716629028,1.3601092810875866,0.06628214166097912,0.08624596550531116,0.08624596550531116,0.7576740980148315,0.4454846087703439,0.31218948924448764,0.04088705778121948,0.4863716665515634,0.31218948924448764,0.27130243146326816,0.27130243146326816,1.236979603767395,0.12312967732019153,0.03688371181488037,0.7704042792320251,0.28403261268046176,0.012730181217193604
80,0.8002362251281738,0.917084125877876,-0.1168479007497022,-0.05404556170105934,0.8630385641768167,0.1168479007497022,0.06280233904864285,0.06280233904864285,0.9296618103981018,0.9972773643346748,-0.06761555393657304,-0.25291866064071655,0.7443587036939583,0.06761555393657304,0.18530310670414352,0.18530310670414352,0.7510329484939575,0.11200561568285916,0.04920327663421631,0.8356190919876099,0.09126038829365157,0.09404271841049194
81,0.763856053352356,0.8497007622840889,-0.0858447089317329,-0.0888560339808464,0.7608447283032425,0.0858447089317329,0.0030113250491135,0.0030113250491135,0.9674104452133179,1.073713105107597,-0.10630265989427912,-0.0559515655040741,1.017761539603523,0.10630265989427912,0.05035109439020502,0.05035109439020502,0.753305196762085,0.007539531541157496,0.010550856590270996,0.9993789196014404,0.01838262000208246,0.03196847438812256
82,0.7229467034339905,0.782317390070171,-0.0593706866361805,-0.12366651743650436,0.6586508726336666,0.0593706866361805,0.06429583080032386,0.06429583080032386,1.0696760416030884,1.1501488556586905,-0.08047281405560214,0.2874245345592499,1.4375733902179404,0.08047281405560214,0.367897348614852,0.367897348614852,0.7062896490097046,0.04763877637603797,0.01665705442428589,1.1773275136947632,0.2602458765231772,0.1076514720916748
83,1.1186933517456055,1.1399626979657298,-0.02126934622012433,0.05908847227692604,1.1990511702426558,0.02126934622012433,0.08035781849705037,0.08035781849705037,0.8207012414932251,0.7603562331360916,0.06034500835713352,0.11807528138160706,0.8784315145176986,0.06034500835713352,0.05773027302447353,0.05773027302447353,1.1460380554199219,0.053013114822733964,0.027344703674316406,0.8015820384025574,0.07684947611514126,0.019119203090667725
84,1.1906321048736572,1.1706060304766326,0.02002607439702464,0.0008107895846478641,1.1714168200612805,0.02002607439702464,0.019215284812376776,0.019215284812376776,0.441039502620697,0.6303376955411872,-0.18929819292049022,-0.3268279731273651,0.3035097224138221,0.18929819292049022,0.1375297802068749,0.1375297802068749,1.1748629808425903,0.0034461607813098816,0.015769124031066895,0.35717394948005676,0.05366422706623464,0.08386555314064026
85,1.2240937948226929,1.1808204746469335,0.043273320175759356,0.0141593087464571,1.1949797833933906,0.043273320175759356,0.029114011429302256,0.029114011429302256,0.5886732339859009,0.5869981830095523,0.0016750509763485688,-0.024667739868164062,0.5623304431413882,0.0016750509763485688,0.02634279084451263,0.02634279084451263,1.2290947437286377,0.03411496033524708,0.005000948905944824,0.6017640233039856,0.03943358016259735,0.013090789318084717
86,1.2751920223236084,1.2012493644003506,0.07394265792325783,0.09001797437667847,1.291267338777029,0.07394265792325783,0.01607531645342064,0.01607531645342064,0.7568771839141846,0.5003191519517594,0.2565580319624252,0.03232333064079285,0.5326424825925522,0.2565580319624252,0.22423470132163237,0.22423470132163237,1.2709293365478516,0.020338002229177476,0.004262685775756836,0.7697495818138123,0.23710709922126005,0.012872397899627686
87,1.27395498752594,1.2114638078642441,0.06249117966169582,0.15252810716629028,1.3639919150305344,0.06249117966169582,0.09003692750459447,0.09003692750459447,0.7583807110786438,0.4569796424173864,0.3014010686612574,0.04088705778121948,0.4978667001986059,0.3014010686612574,0.2605140108800379,0.2605140108800379,1.2673053741455078,0.0966865408850266,0.006649613380432129,0.7628496885299683,0.26498298833136236,0.004468977451324463
88,0.801194429397583,0.9209667598208237,-0.11977233042324065,-0.05404556170105934,0.8669211981197643,0.11977233042324065,0.0657267687221813,0.0657267687221813,0.9290192723274231,1.0087723979817174,-0.07975312565429427,-0.25291866064071655,0.7558537373410008,0.07975312565429427,0.1731655349864223,0.1731655349864223,0.8266834616661072,0.040237736453657136,0.02548903226852417,1.020573377609253,0.2647196402682521,0.09155410528182983
89,0.7647205591201782,0.8535833962270365,-0.08886283710685827,-0.0888560339808464,0.7647273622461901,0.08886283710685827,6.803126011867278e-06,6.803126011867278e-06,0.9663435816764832,1.0852081387546395,-0.11886455707815635,-0.0559515655040741,1.0292565732505654,0.11886455707815635,0.06291299157408226,0.06291299157408226,0.7811304330825806,0.016403070836390476,0.016409873962402344,0.9422674179077148,0.08698915534285057,0.02407616376876831
90,0.7235276699066162,0.7862000240131186,-0.0626723541065024,-0.12366651743650436,0.6625335065766143,0.0626723541065024,0.06099416333000196,0.06099416333000196,1.069621205329895,1.161643889305733,-0.09202268397583802,0.2874245345592499,1.449068423864983,0.09202268397583802,0.3794472185350879,0.3794472185350879,0.7360583543777466,0.07352484780113233,0.012530684471130371,1.0634247064590454,0.3856437174059375,0.006196498870849609
91,1.1542555093765259,1.1968449556482166,-0.0425894462716907,0.05908847227692604,1.2559334279251426,0.0425894462716907,0.10167791854861674,0.10167791854861674,0.6879773139953613,0.55826334775932,0.12971396623604137,0.11807528138160706,0.676338629140927,0.12971396623604137,0.011638684854434311,0.011638684854434311,1.2315267324447632,0.024406695480379437,0.0772712230682373,0.510964572429657,0.16537405671127003,0.17701274156570435
92,1.258178472518921,1.2377027323294203,0.020475740189500602,0.0141593087464571,1.2518620410758774,0.020475740189500602,0.006316431443043502,0.006316431443043502,0.5373703241348267,0.3849052976327809,0.15246502650204574,-0.024667739868164062,0.36023755776461686,0.15246502650204574,0.1771327663702098,0.1771327663702098,1.3361070156097412,0.08424497453386381,0.07792854309082031,0.5196341276168823,0.15939656985226547,0.017736196517944336
93,1.2962241172790527,1.2479171767351904,0.04830694054386231,0.04389503598213196,1.2918122127173224,0.04830694054386231,0.004411904561730351,0.004411904561730351,0.623096764087677,0.3415657841020585,0.2815309799856185,0.016218602657318115,0.3577843867593766,0.2815309799856185,0.2653123773283004,0.2653123773283004,1.3335309028625488,0.041718690145226445,0.037306785583496094,0.7529918551445007,0.3952074683851241,0.12989509105682373
94,1.3061561584472656,1.2581316220828374,0.04802453636442827,0.09001797437667847,1.3481495964595158,0.04802453636442827,0.041993438012250195,0.041993438012250195,0.6570310592651367,0.2982262665749875,0.3588047926901492,0.03232333064079285,0.33054959721578037,0.3588047926901492,0.32648146204935635,0.32648146204935635,1.3382304906845093,0.009919105775006543,0.03207433223724365,0.5492194890975952,0.21866989188181485,0.1078115701675415
95,0.8419378995895386,0.9778490175033103,-0.13591111791377175,-0.05404556170105934,0.923803455802251,0.13591111791377175,0.08186555621271241,0.08186555621271241,0.7949846386909485,0.8066795126049455,-0.01169487391399704,-0.25291866064071655,0.553760851964229,0.01169487391399704,0.2412237867267195,0.2412237867267195,0.916645884513855,0.007157571288396003,0.0747079849243164,0.7430886626243591,0.18932781066013016,0.051895976066589355
96,0.7988428473472595,0.9104656539095233,-0.11162280656226375,-0.0888560339808464,0.8216096199286769,0.11162280656226375,0.02276677258141735,0.02276677258141735,0.8413762450218201,0.8831152533778679,-0.041739008356047824,-0.0559515655040741,0.8271636878737938,0.041739008356047824,0.014212557148026272,0.014212557148026272,0.6919854879379272,0.12962413199074962,0.10685735940933228,0.8637837171554565,0.03662002928166275,0.022407472133636475
97,0.7440161108970642,0.8430822816956054,-0.09906617079854119,-0.12366651743650436,0.719415764259101,0.09906617079854119,0.024600346637963177,0.024600346637963177,0.9098950028419495,0.9595510039289614,-0.04965600108701196,0.2874245345592499,1.2469755384882113,0.04965600108701196,0.33708053564626184,0.33708053564626184,0.7732988595962524,0.05388309533715141,0.029282748699188232,0.8537553548812866,0.3932201836069247,0.05613964796066284
98,1.088576316833496,1.0755121163172066,0.013064200516289537,0.05908847227692604,1.1346005885941326,0.013064200516289537,0.046024271760636504,0.046024271760636504,0.7422369718551636,0.6382815692657567,0.10395540258940683,0.11807528138160706,0.7563568506473638,0.10395540258940683,0.014119878792200224,0.014119878792200224,0.9938787221908569,0.14072186640327566,0.09469759464263916,0.817164957523346,0.06080810687598215,0.07492798566818237
99,1.2007184028625488,1.1163698929984105,0.08434850986413833,0.0141593087464571,1.1305292017448676,0.08434850986413833,0.07018920111768123,0.07018920111768123,0.5341508984565735,0.4649235191392176,0.0692273793173559,-0.024667739868164062,0.4402557792710535,0.0692273793173559,0.09389511918551996,0.09389511918551996,1.1830600500106812,0.05253084826581356,0.017658352851867676,0.5325978994369507,0.09234212016589716,0.0015529990196228027
100,1.2353821992874146,1.1265843374041804,0.10879786188323415,0.04389503598213196,1.1704793733863124,0.10879786188323415,0.06490282590110219,0.06490282590110219,0.6240015625953674,0.4215840056084954,0.20241755698687203,0.016218602657318115,0.4378026082658135,0.20241755698687203,0.1861989543295539,0.1861989543295539,1.2491768598556519,0.0786974864693395,0.013794660568237305,0.7335357666015625,0.295733158335749,0.10953420400619507
101,1.246446132659912,1.1367987827518276,0.10964734990808456,0.09001797437667847,1.226816757128506,0.10964734990808456,0.01962937553140609,0.01962937553140609,0.6581936478614807,0.3782444880814244,0.2799491597800563,0.03232333064079285,0.41056781872221726,0.2799491597800563,0.24762582913926345,0.24762582913926345,1.2053537368774414,0.021463020251064613,0.0410923957824707,0.8440170288085938,0.4334492100863765,0.18582338094711304
102,1.252971887588501,1.1572276696796142,0.09574421790888676,0.2314254492521286,1.3886531189317428,0.09574421790888676,0.13568123134324184,0.13568123134324184,0.6678493618965149,0.2915654690126783,0.37628389288383657,0.04617321491241455,0.3377386839250929,0.37628389288383657,0.330110677971422,0.330110677971422,1.1682268381118774,0.22042628081986537,0.08474504947662354,0.8422249555587769,0.504486271633684,0.17437559366226196
103,0.7778069972991943,0.8565161781723004,-0.07870918087310608,-0.05404556170105934,0.8024706164712411,0.07870918087310608,0.024663619172046736,0.024663619172046736,0.8547817468643188,0.8866977341113824,-0.03191598724706357,-0.25291866064071655,0.6337790734706659,0.03191598724706357,0.22100267339365298,0.22100267339365298,0.8277740478515625,0.02530343138032143,0.049967050552368164,1.0844058990478516,0.4506268255771857,0.22962415218353271
104,0.7528876662254333,0.7891328145785133,-0.0362451483530799,-0.0888560339808464,0.7002767805976668,0.0362451483530799,0.0526108856277665,0.0526108856277665,0.8649886846542358,0.9631334748843046,-0.09814479023006872,-0.0559515655040741,0.9071819093802305,0.09814479023006872,0.04219322472599463,0.04219322472599463,0.8028779029846191,0.10260112238695229,0.04999023675918579,0.7574909925460815,0.14969091683414892,0.1074976921081543
105,0.7181626558303833,0.7217494423645955,-0.003586786534212183,-0.12366651743650436,0.5980829249280911,0.003586786534212183,0.12007973090229218,0.12007973090229218,0.9354023337364197,1.039569225435398,-0.10416689169897841,0.2874245345592499,1.326993759994648,0.10416689169897841,0.3915914262582283,0.3915914262582283,0.6804734468460083,0.08239052191791718,0.037689208984375,0.9390313625335693,0.38796239746107863,0.003629028797149658
106,1.058650016784668,1.0015710196027166,0.05707899718195142,0.05908847227692604,1.0606594918796426,0.05707899718195142,0.002009475094974622,0.002009475094974622,0.6891638040542603,0.8524012187345202,-0.16323741468025998,0.11807528138160706,0.9704765001161273,0.16323741468025998,0.28131269606186704,0.28131269606186704,1.1634892225265503,0.1028297306469077,0.10483920574188232,0.44571271538734436,0.5247637847287829,0.2434510886669159
107,1.1247029304504395,1.0322143521136196,0.0924885783368199,0.0008107895846478641,1.0330251416982674,0.0924885783368199,0.09167778875217203,0.09167778875217203,0.42590969800949097,0.7223826811396158,-0.2964729831301248,-0.3268279731273651,0.3955547080122507,0.2964729831301248,0.03035498999724029,0.03035498999724029,1.161302924156189,0.12827778245792154,0.03659999370574951,0.530206024646759,0.13465131663450836,0.10429632663726807
108,1.150286078453064,1.0424287962839205,0.10785728216914348,0.0141593087464571,1.0565881050303776,0.10785728216914348,0.09369797342268638,0.09369797342268638,0.5469681024551392,0.679043168607981,-0.1320750661528418,-0.024667739868164062,0.6543754287398169,0.1320750661528418,0.10740732628467775,0.10740732628467775,1.0906256437301636,0.034037538699785985,0.05966043472290039,0.5247912406921387,0.12958418804767824,0.02217686176300049
109,1.170149803161621,1.0526432406896906,0.11750656247193048,0.04389503598213196,1.0965382766718226,0.11750656247193048,0.07361152648979852,0.07361152648979852,0.6220262050628662,0.6357036550772589,-0.01367745001439269,0.016218602657318115,0.651922257734577,0.01367745001439269,0.029896052671710804,0.029896052671710804,1.13518226146698,0.038643984795157404,0.03496754169464111,0.5856468677520752,0.06627538998250182,0.036379337310791016
110,1.1778665781021118,1.0628576860373375,0.11500889206477427,0.09001797437667847,1.152875660414016,0.11500889206477427,0.024990917688095804,0.024990917688095804,0.6543288826942444,0.5923641375501879,0.06196474514405648,0.03232333064079285,0.6246874681909808,0.06196474514405648,0.02964141450326363,0.02964141450326363,1.1560227870941162,0.0031471266801001985,0.021843791007995605,0.5261211395263672,0.09856632866461357,0.1282077431678772
111,1.184441328048706,1.0832865729651242,0.10115475508358185,0.2314254492521286,1.3147120222172528,0.10115475508358185,0.13027069416854675,0.13027069416854675,0.6567203998565674,0.5056851184814418,0.15103528137512556,0.04617321491241455,0.5518583333938564,0.15103528137512556,0.10486206646271101,0.10486206646271101,1.1884551048278809,0.12625691738937195,0.004013776779174805,0.6621651649475098,0.1103068315536534,0.005444765090942383
112,0.7037137150764465,0.7825750814578105,-0.07886136638136398,-0.05404556170105934,0.7285295197567512,0.07886136638136398,0.024815804680304643,0.024815804680304643,0.9512385129928589,1.1008173835801458,-0.14957887058728692,-0.25291866064071655,0.8478987229394293,0.14957887058728692,0.10333979005342964,0.10333979005342964,0.6688441634178162,0.059685356338935014,0.03486955165863037,0.8679443597793579,0.02004563683992866,0.08329415321350098
113,0.6759671568870544,0.7151917178640234,-0.039224560976968914,-0.0888560339808464,0.626335683883177,0.039224560976968914,0.04963147300387749,0.04963147300387749,1.0126426219940186,1.177253124353068,-0.1646105023590494,-0.0559515655040741,1.1213015588489939,0.1646105023590494,0.1086589368549753,0.1086589368549753,0.6996835470199585,0.07334786313678154,0.023716390132904053,1.3763997554779053,0.2550981966289114,0.3637571334838867
114,0.6454664468765259,0.6478083456501055,-0.002341898773579598,-0.12366651743650436,0.5241418282136011,0.002341898773579598,0.12132461866292477,0.12132461866292477,1.4487007856369019,1.2536888749041615,0.19501191073274038,0.2874245345592499,1.5411134094634114,0.19501191073274038,0.0924126238265095,0.0924126238265095,0.6427577137947083,0.11861588558110714,0.002708733081817627,1.6781728267669678,0.13705941730355642,0.22947204113006592
115,1.0850573778152466,1.3327863331164584,-0.24772895530121186,-0.0,1.3327863331164584,0.24772895530121186,0.24772895530121186,0.24772895530121186,1.0727379322052002,1.0483686773687222,0.024369254836478005,0.16449189186096191,1.212860569229684,0.024369254836478005,0.1401226370244839,0.1401226370244839,1.0217026472091675,0.31108368590729096,0.0633547306060791,1.3468047380447388,0.13394416881505466,0.2740668058395386
116,1.3541309833526611,1.3736441097976622,-0.019513126445001028,-0.0,1.3736441097976622,0.019513126445001028,0.019513126445001028,0.019513126445001028,0.8067669868469238,0.875010627242183,-0.06824364039525921,-0.08192336559295654,0.7930872616492265,0.06824364039525921,0.013679725197697334,0.013679725197697334,1.350713849067688,0.022930260729974172,0.0034171342849731445,0.9791385531425476,0.1860512914933211,0.17237156629562378
117,1.4445000886917114,1.3940729995510792,0.05042708914063221,-0.0,1.3940729995510792,0.05042708914063221,0.05042708914063221,0.05042708914063221,0.6723837852478027,0.7883315961843899,-0.11594781093658713,0.013900846242904663,0.8022324424272945,0.11594781093658713,0.1298486571794918,0.1298486571794918,1.3616679906845093,0.03240500886656994,0.08283209800720215,0.66950923204422,0.13272321038307455,0.0028745532035827637
118,1.4585304260253906,1.4145018864788659,0.04402853954652475,-0.0,1.4145018864788659,0.04402853954652475,0.04402853954652475,0.04402853954652475,0.6648110747337341,0.7016525771156438,-0.03684150238190964,0.03665706515312195,0.7383096422687657,0.03684150238190964,0.07349856753503159,0.07349856753503159,1.3885022401809692,0.02599964629789664,0.07002818584442139,0.5798251628875732,0.15848447938119248,0.08498591184616089
119,1.1029901504516602,1.1137903949715522,-0.010800244519892033,0.0,1.1137903949715522,0.010800244519892033,0.010800244519892033,0.010800244519892033,0.5913459658622742,1.2967848422143478,-0.7054388763520736,-0.2592596709728241,1.0375251712415237,0.7054388763520736,0.4461792053792495,0.4461792053792495,0.9959047436714172,0.11788565130013495,0.10708540678024292,0.4873496890068054,0.5501754822347182,0.10399627685546875
120,1.1820541620254517,1.0464070313777651,0.13564713064768652,0.0,1.0464070313777651,0.13564713064768652,0.13564713064768652,0.13564713064768652,1.7327111959457397,1.37322058298727,0.35949061295846985,-0.07852569222450256,1.2946948907627673,0.35949061295846985,0.4380163051829724,0.4380163051829724,1.373148798942566,0.3267417675648008,0.19109463691711426,1.741052269935608,0.4463573791728406,0.008341073989868164
121,0.6670364737510681,0.9790236591638471,-0.31198718541277903,0.0,0.9790236591638471,0.31198718541277903,0.31198718541277903,0.31198718541277903,1.9787527322769165,1.4496563335383637,0.5290963987385529,0.2486172616481781,1.6982735951865418,0.5290963987385529,0.28047913709037475,0.28047913709037475,0.720885694026947,0.2581379651369001,0.053849220275878906,2.017807960510254,0.31953436532371216,0.0390552282333374
122,1.0850086212158203,1.3044332551907842,-0.21942463397496392,-0.0,1.3044332551907842,0.21942463397496392,0.21942463397496392,0.21942463397496392,1.084745168685913,0.9644257691414765,0.1203193995444366,0.16449189186096191,1.1289176610024385,0.1203193995444366,0.044172492316525314,0.044172492316525425,1.0744911432266235,0.2299421119641607,0.010517477989196777,0.7850825190544128,0.34383514194802567,0.29966264963150024
123,1.3545511960983276,1.345291031871988,0.009260164226339684,-0.0,1.345291031871988,0.009260164226339684,0.009260164226339684,0.009260164226339684,0.7777934074401855,0.7910677190149372,-0.013274311574751674,-0.08192336559295654,0.7091443534219807,0.013274311574751674,0.06864905401820487,0.06864905401820487,1.4531581401824951,0.10786710831050716,0.09860694408416748,1.0286369323730469,0.3194925789510662,0.25084352493286133
124,1.4451044797897339,1.3657199216254052,0.07938455816432866,-0.0,1.3657199216254052,0.07938455816432866,0.07938455816432866,0.07938455816432866,0.650206983089447,0.7043886879571443,-0.054181704867697245,0.013900846242904663,0.7182895342000489,0.054181704867697245,0.06808255111060191,0.06808255111060191,1.5630487203598022,0.19732879873439702,0.11794424057006836,0.5401529669761658,0.17813656722388316,0.11005401611328125
125,1.4586889743804932,1.386148808553192,0.07254016582730127,-0.0,1.386148808553192,0.07254016582730127,0.07254016582730127,0.07254016582730127,0.6450417637825012,0.617709668888398,0.027332094894103265,0.03665706515312195,0.6543667340415199,0.027332094894103265,0.009324970259018683,0.009324970259018683,1.5340269804000854,0.14787817184689356,0.07533800601959229,0.47789421677589417,0.17647251726562574,0.16714754700660706
126,1.119415283203125,1.085437317045878,0.03397796615724702,0.0,1.085437317045878,0.03397796615724702,0.03397796615724702,0.03397796615724702,0.6538388729095459,1.2128419339871022,-0.5590030610775563,-0.2592596709728241,0.9535822630142781,0.5590030610775563,0.29974339010473217,0.29974339010473217,1.1280063390731812,0.04256902202730317,0.008591055870056152,0.7883546352386475,0.1652276277756306,0.13451576232910156
127,1.1843938827514648,1.018053953452091,0.1663399292993739,0.0,1.018053953452091,0.1663399292993739,0.1663399292993739,0.1663399292993739,1.7385846376419067,1.2892776747600243,0.44930696288188243,-0.07852569222450256,1.2107519825355217,0.44930696288188243,0.527832655106385,0.527832655106385,1.3684016466140747,0.3503476931619838,0.18400776386260986,1.7475954294204712,0.5368434468849494,0.009010791778564453
128,0.6698364019393921,0.950670581238173,-0.28083417929878096,0.0,0.950670581238173,0.28083417929878096,0.28083417929878096,0.28083417929878096,1.9851922988891602,1.3657134253111178,0.6194788735780423,0.2486172616481781,1.614330686959296,0.6194788735780423,0.3708616119298642,0.3708616119298642,0.6487207412719727,0.3019498399662004,0.021115660667419434,2.0188534259796143,0.4045227390203183,0.0336611270904541
129,1.1089774370193481,1.3548146601896258,-0.24583722317027767,-0.0,1.3548146601896258,0.24583722317027767,0.24583722317027767,0.24583722317027767,0.4115532636642456,0.714926266769425,-0.30337300310517934,0.16449189186096191,0.8794181586303869,0.30337300310517934,0.46786489496614125,0.46786489496614125,1.2486454248428345,0.10616923534679135,0.13966798782348633,0.3287437856197357,0.5506743730106511,0.08280947804450989
130,1.5663001537322998,1.3956724368708295,0.17062771686147027,-0.0,1.3956724368708295,0.17062771686147027,0.17062771686147027,0.17062771686147027,0.4500732123851776,0.5415682166428859,-0.09149500425770829,-0.08192336559295654,0.45964485104992936,0.09149500425770829,0.009571638664751747,0.009571638664751747,1.6816784143447876,0.28600597747395806,0.11537826061248779,0.40884482860565186,0.050800022444277504,0.04122838377952576
131,1.7198407649993896,1.4161013266242466,0.30373943837514306,-0.0,1.4161013266242466,0.30373943837514306,0.30373943837514306,0.30373943837514306,0.36268338561058044,0.4548891855850927,-0.09220579997451228,0.013900846242904663,0.4687900318279974,0.09220579997451228,0.10610664621741694,0.10610664621741694,1.8002561330795288,0.3841548064552822,0.08041536808013916,0.3317754566669464,0.13701457516105098,0.030907928943634033
132,1.658745288848877,1.4365302135520333,0.2222150752968437,-0.0,1.4365302135520333,0.2222150752968437,0.2222150752968437,0.2222150752968437,0.3740770220756531,0.36821016651634664,0.005866855559306439,0.03665706515312195,0.4048672316694686,0.005866855559306439,0.03079020959381551,0.03079020959381551,1.7595300674438477,0.3229998538918144,0.1007847785949707,0.3866744935512543,0.018192738118214313,0.012597471475601196
133,1.1261963844299316,1.1358187220447196,-0.009622337614787924,0.0,1.1358187220447196,0.009622337614787924,0.009622337614787924,0.009622337614787924,0.37602657079696655,0.9633424316150507,-0.5873158608180842,-0.2592596709728241,0.7040827606422266,0.5873158608180842,0.3280561898452601,0.3280561898452601,1.1974194049835205,0.061600682938800944,0.07122302055358887,0.31461426615715027,0.38946849448507637,0.061412304639816284
134,1.1665716171264648,1.0684353584509325,0.09813625867553233,0.0,1.0684353584509325,0.09813625867553233,0.09813625867553233,0.09813625867553233,0.4588245749473572,1.0397781723879729,-0.5809535974406157,-0.07852569222450256,0.9612524801634703,0.5809535974406157,0.5024279052161131,0.5024279052161131,1.1068140268325806,0.03837866838164805,0.05975759029388428,0.44482550024986267,0.5164269799136076,0.013999074697494507
135,0.6521419882774353,1.0010519862370146,-0.34890999795957933,0.0,1.0010519862370146,0.34890999795957933,0.34890999795957933,0.34890999795957933,1.8224947452545166,1.1162139229390664,0.7062808223154502,0.2486172616481781,1.3648311845872445,0.7062808223154502,0.4576635606672721,0.4576635606672721,0.6912828683853149,0.3097691178516997,0.03914088010787964,1.9946006536483765,0.629769469061132,0.17210590839385986
136,1.0632041692733765,1.209942747202257,-0.14673857792888056,-0.0,1.209942747202257,0.14673857792888056,0.14673857792888056,0.14673857792888056,1.0570180416107178,1.1073721405692998,-0.050354098958582005,0.16449189186096191,1.2718640324302617,0.050354098958582005,0.21484599081954392,0.21484599081954392,1.0441901683807373,0.16575257882151972,0.01901400089263916,1.1883469820022583,0.08351705042800339,0.13132894039154053
137,1.4916009902954102,1.250800523883461,0.2408004664119492,-0.0,1.250800523883461,0.2408004664119492,0.2408004664119492,0.2408004664119492,0.7098137140274048,0.9340140904427607,-0.22420037641535595,-0.08192336559295654,0.8520907248498042,0.22420037641535595,0.1422770108223994,0.1422770108223994,1.415950894355774,0.16515037047231296,0.07565009593963623,0.7351595163345337,0.1169312085152705,0.025345802307128906
138,1.7281708717346191,1.2814438571007711,0.446727014633848,-0.0,1.2814438571007711,0.446727014633848,0.446727014633848,0.446727014633848,0.4909632205963135,0.8039955498505944,-0.3130323292542809,0.02803686261177063,0.832032412462365,0.3130323292542809,0.34106919186605156,0.34106919186605156,1.7960987091064453,0.5146548520056742,0.06792783737182617,0.306887149810791,0.525145262651574,0.18407607078552246
139,1.5643455982208252,1.2916583005646647,0.2726872976561605,-0.0,1.2916583005646647,0.2726872976561605,0.2726872976561605,0.2726872976561605,0.5567334890365601,0.7606560403162215,-0.2039225512796614,0.03665706515312195,0.7973131054693434,0.2039225512796614,0.24057961643278336,0.24057961643278336,1.38699209690094,0.09533379633627526,0.17735350131988525,0.5824349522590637,0.2148781532102797,0.025701463222503662
140,1.1493679285049438,0.9909468090573508,0.15842111944759307,0.0,0.9909468090573508,0.15842111944759307,0.15842111944759307,0.15842111944759307,0.756128191947937,1.3557883054149256,-0.5996601134669886,-0.2592596709728241,1.0965286344421015,0.5996601134669886,0.34040044249416446,0.34040044249416446,1.0580095052719116,0.06706269621456085,0.09135842323303223,0.773223340511322,0.32330529393077945,0.01709514856338501
141,1.1554017066955566,0.9235634454635637,0.23183826123199291,0.0,0.9235634454635637,0.23183826123199291,0.23183826123199291,0.23183826123199291,1.6752598285675049,1.4322240461878477,0.24303578237965717,-0.07852569222450256,1.3536983539633451,0.24303578237965717,0.32156147460415974,0.32156147460415974,1.373148798942566,0.4495853534790022,0.21774709224700928,1.771236538887024,0.4175381849236788,0.09597671031951904
142,0.6507024765014648,0.8561800732496458,-0.205477596748181,0.0,0.8561800732496458,0.205477596748181,0.205477596748181,0.205477596748181,1.8528879880905151,1.5086597967389412,0.3442281913515739,0.2486172616481781,1.7572770583871193,0.3442281913515739,0.0956109297033958,0.0956109297033958,0.7406613230705261,0.11551875017911972,0.08995884656906128,1.9670015573501587,0.20972449896303935,0.11411356925964355
143,0.8853482007980347,1.1284064103975298,-0.2430582095994951,-0.0,1.1284064103975298,0.2430582095994951,0.2430582095994951,0.2430582095994951,2.7164902687072754,1.2995115437022804,1.416978725004995,0.16449189186096191,1.4640034355632423,1.416978725004995,1.252486833144033,1.252486833144033,0.9192836284637451,0.20912278193378464,0.03393542766571045,2.9406940937042236,1.4766906581409813,0.22420382499694824
144,1.1398712396621704,1.1692641870787337,-0.029392947416563286,-0.0,1.1692641870787337,0.029392947416563286,0.029392947416563286,0.029392947416563286,0.913296103477478,1.1261534935757411,-0.2128573900982631,-0.08192336559295654,1.0442301279827846,0.2128573900982631,0.13093402450530656,0.13093402450530656,1.19344162940979,0.024177442331056342,0.05357038974761963,0.9416512250900269,0.10257890289275773,0.028355121612548828
145,1.231809377670288,1.199907520296044,0.031901857374244,-0.0,1.199907520296044,0.031901857374244,0.031901857374244,0.031901857374244,0.9207966923713684,0.996134952983575,-0.07533826061220661,0.02803686261177063,1.0241718155953456,0.07533826061220661,0.10337512322397724,0.10337512322397724,1.2223798036575317,0.022472283361487655,0.009429574012756348,0.8421827554702759,0.18198906012506977,0.07861393690109253
146,0.7500993609428406,1.2101219637599374,-0.46002260281709684,-0.0,1.2101219637599374,0.46002260281709684,0.46002260281709684,0.46002260281709684,0.9133150577545166,0.952795443449202,-0.03948038569468537,0.03665706515312195,0.9894525086023239,0.03948038569468537,0.07613745084780732,0.07613745084780732,0.7188113927841187,0.49131057097581876,0.031287968158721924,1.0430614948272705,0.053608986224946586,0.1297464370727539
147,1.1415517330169678,0.9094104722526236,0.23214126076434416,0.0,0.9094104722526236,0.23214126076434416,0.23214126076434416,0.23214126076434416,1.3833506107330322,1.5479277085479062,-0.16457709781487395,-0.2592596709728241,1.288668037575082,0.16457709781487395,0.09468257315795015,0.09468257315795015,1.0072802305221558,0.09786975826953215,0.134271502494812,1.2019644975662231,0.08670354000885894,0.18138611316680908
148,1.1106438636779785,0.8420271086588365,0.26861675501914206,0.0,0.8420271086588365,0.26861675501914206,0.26861675501914206,0.26861675501914206,1.2460393905639648,1.6243634493208283,-0.3783240587568635,-0.07852569222450256,1.5458377570963258,0.3783240587568635,0.2997983665323609,0.2997983665323609,0.9954270720481873,0.1533999633893508,0.11521679162979126,1.2346950769424438,0.3111426801538819,0.011344313621520996
149,0.6501380205154419,0.7746437364449187,-0.12450571592947679,0.0,0.7746437364449187,0.12450571592947679,0.12450571592947679,0.12450571592947679,1.8422294855117798,1.7007991998719219,0.14143028563985793,0.2486172616481781,1.9494164615201,0.14143028563985793,0.10718697600832017,0.10718697600832017,0.5912514328956604,0.18339230354925828,0.058886587619781494,1.8308054208755493,0.11861104064455064,0.011424064636230469
150,0.8401371836662292,1.0753668889645118,-0.23522970529828258,-0.0,1.0753668889645118,0.23522970529828258,0.23522970529828258,0.23522970529828258,2.7192108631134033,1.443191163205357,1.2760196999080464,0.16449189186096191,1.6076830550663188,1.2760196999080464,1.1115278080470845,1.1115278080470845,0.8177564144134521,0.2576104745510597,0.0223807692527771,3.1031007766723633,1.4954177216060445,0.38388991355895996
151,1.1083070039749146,1.1162246656457155,-0.00791766167080099,-0.0,1.1162246656457155,0.00791766167080099,0.00791766167080099,0.00791766167080099,0.9307470321655273,1.2698331130788179,-0.3390860809132905,-0.08192336559295654,1.1879097474858613,0.3390860809132905,0.25716271532033397,0.25716271532033397,1.1225848197937012,0.0063601541479856305,0.014277815818786621,0.9448885321617126,0.24302121532414867,0.014141499996185303
152,1.1672661304473877,1.1366535553991326,0.030612575048255097,-0.0,1.1366535553991326,0.030612575048255097,0.030612575048255097,0.030612575048255097,0.9830920696258545,1.1831540820210247,-0.20006201239517019,0.013900846242904663,1.1970549282639293,0.20006201239517019,0.21396285863807485,0.21396285863807485,1.1789257526397705,0.04227219724063791,0.011659622192382812,0.9354117512702942,0.26164317699363515,0.0476803183555603
153,0.7194756865501404,1.1570824423269193,-0.4376067557767789,-0.0,1.1570824423269193,0.4376067557767789,0.4376067557767789,0.4376067557767789,0.9779036045074463,1.0964750629522786,-0.1185714584448323,0.03665706515312195,1.1331321281054005,0.1185714584448323,0.15522852359795425,0.15522852359795425,0.7018105983734131,0.4552718439535062,0.017665088176727295,0.8674549460411072,0.26567718206429336,0.11044865846633911
154,1.1353858709335327,0.8563709508196056,0.27901492011392715,0.0,0.8563709508196056,0.27901492011392715,0.27901492011392715,0.27901492011392715,1.426415205001831,1.6916073280509827,-0.26519212304915163,-0.2592596709728241,1.4323476570781586,0.26519212304915163,0.005932452076327532,0.005932452076327532,1.0876210927963257,0.2312501419767201,0.04776477813720703,1.6797089576721191,0.24736130059396055,0.2532937526702881
155,1.086897611618042,0.7889875872258184,0.2979100243922236,0.0,0.7889875872258184,0.2979100243922236,0.2979100243922236,0.2979100243922236,1.1929774284362793,1.7680430688239048,-0.5750656403876255,-0.07852569222450256,1.6895173765994023,0.5750656403876255,0.49653994816312297,0.49653994816312297,1.086130976676941,0.2971433894511225,0.0007666349411010742,1.155944585800171,0.5335727907992314,0.0370328426361084
156,0.6512742638587952,0.7216042150119006,-0.07032995115310547,0.0,0.7216042150119006,0.07032995115310547,0.07032995115310547,0.07032995115310547,1.8341138362884521,1.8444788193749986,-0.010364983086546431,0.2486172616481781,2.0930960810231767,0.010364983086546431,0.25898224473472453,0.25898224473472453,0.5766022801399231,0.14500193487197754,0.07467198371887207,1.765507698059082,0.32758838296409465,0.06860613822937012
157,1.0383225679397583,1.070087973749196,-0.03176540580943765,-0.0,1.070087973749196,0.03176540580943765,0.03176540580943765,0.03176540580943765,0.7995129823684692,1.2343132641147618,-0.4348002817462926,0.16449189186096191,1.3988051559757237,0.4348002817462926,0.5992921736072545,0.5992921736072545,1.0342626571655273,0.03582531658366861,0.004059910774230957,0.9000114798545837,0.49879367612114,0.1004984974861145
158,1.1813477277755737,1.1109457504303997,0.07040197734517406,-0.0,1.1109457504303997,0.07040197734517406,0.07040197734517406,0.07040197734517406,0.5855870842933655,1.0609552139882226,-0.4753681296948571,-0.08192336559295654,0.979031848395266,0.4753681296948571,0.39344476410190055,0.39344476410190055,1.170514702796936,0.059568952366536365,0.010833024978637695,0.5524609684944153,0.42657087990085074,0.033126115798950195
159,1.263627290725708,1.1313746401838167,0.13225265054189128,-0.0,1.1313746401838167,0.13225265054189128,0.13225265054189128,0.13225265054189128,0.6393177509307861,0.9742761829304295,-0.33495843199964337,0.013900846242904663,0.9881770291733342,0.33495843199964337,0.34885927824254803,0.34885927824254803,1.2340377569198608,0.10266311673604411,0.029589533805847168,0.570637047290802,0.41753998188253216,0.06868070363998413
160,1.2842870950698853,1.1518035271116034,0.13248356795828187,-0.0,1.1518035271116034,0.13248356795828187,0.13248356795828187,0.13248356795828187,0.6076565980911255,0.8875971638616833,-0.2799405657705578,0.03665706515312195,0.9242542290148053,0.2799405657705578,0.31659763092367976,0.31659763092367976,1.2621839046478271,0.11038037753622376,0.022103190422058105,0.6564133167266846,0.2678409122881207,0.04875671863555908
161,0.7845718860626221,0.8510920356042897,-0.06652014954166763,0.0,0.8510920356042897,0.06652014954166763,0.06652014954166763,0.06652014954166763,0.8509085774421692,1.4827294289603874,-0.6318208515182182,-0.2592596709728241,1.2234697579875633,0.6318208515182182,0.3725611805453941,0.3725611805453941,0.7489545941352844,0.10213744146900527,0.035617291927337646,0.9355107545852661,0.2879590034022972,0.08460217714309692
162,0.6354244351387024,0.7837086720105025,-0.14828423687180015,0.0,0.7837086720105025,0.14828423687180015,0.14828423687180015,0.14828423687180015,2.2513668537139893,1.5591651697333095,0.6922016839806797,-0.07852569222450256,1.480639477508807,0.6922016839806797,0.7707273762051823,0.7707273762051823,0.6423677206039429,0.14134095140655967,0.0069432854652404785,2.300886631011963,0.8202471535031559,0.04951977729797363
163,0.46384739875793457,0.7163252997965848,-0.2524779010386502,0.0,0.7163252997965848,0.2524779010386502,0.2524779010386502,0.2524779010386502,2.2536797523498535,1.635600920284403,0.6180788320654504,0.2486172616481781,1.8842181819325812,0.6180788320654504,0.36946157041727234,0.36946157041727234,0.35923492908477783,0.35709037071180694,0.10461246967315674,2.360558271408081,0.4763400894754999,0.10687851905822754
164,1.0678136348724365,1.0554982900937477,0.012315344778688786,-0.0,1.0554982900937477,0.012315344778688786,0.012315344778688786,0.012315344778688786,0.6440605521202087,1.0540209349578664,-0.4099603828376577,0.16449189186096191,1.2185128268188283,0.4099603828376577,0.5744522746986196,0.5744522746986196,1.0631921291351318,0.0076938390413840985,0.0046215057373046875,0.5641588568687439,0.6543539699500844,0.07990169525146484
165,1.1794981956481934,1.0963560667749515,0.0831421288732419,-0.0,1.0963560667749515,0.0831421288732419,0.0831421288732419,0.0831421288732419,0.5079809427261353,0.8806628848313273,-0.372681942105192,-0.08192336559295654,0.7987395192383707,0.372681942105192,0.29075857651223547,0.29075857651223547,1.1115118265151978,0.0151557597402463,0.0679863691329956,0.5737747550010681,0.2249647642373026,0.06579381227493286
166,1.2224633693695068,1.1065705111807216,0.11589285818878525,-0.0,1.1065705111807216,0.11589285818878525,0.11589285818878525,0.11589285818878525,0.5435904264450073,0.8373233713006052,-0.29373294485559787,-0.012987196445465088,0.8243361748551401,0.29373294485559787,0.2807457484101328,0.2807457484101328,1.165563941001892,0.05899342982117051,0.056899428367614746,0.542772114276886,0.2815640605782541,0.0008183121681213379
167,1.253448247909546,1.1167849565283685,0.1366632913811774,-0.0,1.1167849565283685,0.1366632913811774,0.1366632913811774,0.1366632913811774,0.5524963140487671,0.7939838537735342,-0.2414875397247671,0.013900846242904663,0.8078847000164389,0.2414875397247671,0.25538838596767177,0.25538838596767177,1.1925266981124878,0.07574174158411928,0.060921549797058105,0.6330984830856323,0.17478621693080654,0.08060216903686523
168,1.3026611804962158,1.1372138434561552,0.16544733704006065,-0.0,1.1372138434561552,0.16544733704006065,0.16544733704006065,0.16544733704006065,0.5369976758956909,0.7073048347047881,-0.1703071588090972,0.03665706515312195,0.7439618998579101,0.1703071588090972,0.20696422396221914,0.20696422396221914,1.3143712282180786,0.17715738476192344,0.011710047721862793,0.5951666235923767,0.14879527626553335,0.05816894769668579
169,0.7459057569503784,0.8365023519488415,-0.09059659499846306,0.0,0.8365023519488415,0.09059659499846306,0.09059659499846306,0.09059659499846306,1.0880732536315918,1.302437099803492,-0.21436384617190019,-0.2592596709728241,1.0431774288306679,0.21436384617190019,0.04489582480092391,0.04489582480092391,0.7719248533248901,0.06457749862395135,0.02601909637451172,1.102471113204956,0.05929368437428817,0.014397859573364258
170,0.5987882614135742,0.7691189883550544,-0.17033072694148021,0.0,0.7691189883550544,0.17033072694148021,0.17033072694148021,0.17033072694148021,2.24641489982605,1.3788728405764143,0.8675420592496355,-0.07852569222450256,1.3003471483519118,0.8675420592496355,0.946067751474138,0.946067751474138,0.5786153674125671,0.1905036209424873,0.02017289400100708,2.136735439300537,0.8363882909486253,0.1096794605255127
171,0.446186363697052,0.7017356161411366,-0.25554925244408455,0.0,0.7017356161411366,0.25554925244408455,0.25554925244408455,0.25554925244408455,2.253034830093384,1.4553085911275079,0.7977262389658759,0.2486172616481781,1.703925852775686,0.7977262389658759,0.5491089773176978,0.5491089773176978,0.3307676315307617,0.37096798461037483,0.11541873216629028,2.332536220550537,0.6286103677748511,0.07950139045715332
172,0.9401993751525879,0.9228153739250076,0.017384001227580326,-0.0,0.9228153739250076,0.017384001227580326,0.017384001227580326,0.017384001227580326,1.1016077995300293,1.0402680859769955,0.0613397135530338,0.16449189186096191,1.2047599778379574,0.0613397135530338,0.10315217830792811,0.10315217830792811,0.9681641459465027,0.04534877202149512,0.027964770793914795,1.0630879402160645,0.14167203762189295,0.038519859313964844
173,0.8622209429740906,0.9738875950119814,-0.11166665203789083,-0.0,0.9738875950119814,0.11166665203789083,0.11166665203789083,0.11166665203789083,0.7984415888786316,0.823570522319734,-0.025128933441102452,-0.012987196445465088,0.810583325874269,0.025128933441102452,0.012141736995637364,0.012141736995637364,0.7986306548118591,0.17525694020012228,0.06359028816223145,0.5946850180625916,0.2158983078116774,0.20375657081604004
174,0.8519453406333923,0.9841020403596284,-0.13215669972623612,-0.0,0.9841020403596284,0.13215669972623612,0.13215669972623612,0.13215669972623612,0.822842001914978,0.780231004792663,0.042610997122314975,0.013900846242904663,0.7941318510355677,0.042610997122314975,0.028710150879410312,0.028710150879410312,0.830271303653717,0.1538307367059114,0.021674036979675293,0.8441917300224304,0.050059878986862705,0.021349728107452393
175,0.8357671499252319,0.9943164838235218,-0.15854933389828985,-0.0,0.9943164838235218,0.15854933389828985,0.15854933389828985,0.15854933389828985,0.8334606885910034,0.73689149525829,0.09656919333271341,0.02803686261177063,0.7649283578700606,0.09656919333271341,0.06853233072094278,0.06853233072094278,0.8565396070480347,0.1377768767754871,0.020772457122802734,0.992786705493927,0.22785834762386636,0.15932601690292358
176,0.8467367887496948,1.004530927287415,-0.15779413853772017,-0.0,1.004530927287415,0.15779413853772017,0.15779413853772017,0.15779413853772017,0.8445747494697571,0.6935519857239169,0.15102276374584023,0.03665706515312195,0.7302090508770388,0.15102276374584023,0.11436569859271828,0.11436569859271828,0.8299727439880371,0.1745581832993779,0.016764044761657715,0.7879406213760376,0.0577315704989988,0.05663412809371948
177,0.703179657459259,0.7038194357801014,-0.000639778320842388,0.0,0.7038194357801014,0.000639778320842388,0.000639778320842388,0.000639778320842388,0.961318850517273,1.2886842508226208,-0.3273654003053479,-0.2592596709728241,1.0294245798497967,0.3273654003053479,0.06810572933252379,0.06810572933252379,0.6824111938476562,0.02140824193244517,0.020768463611602783,1.009193778038025,0.020230801811771837,0.04787492752075195
178,0.7438685894012451,0.6364360721863143,0.10743251721493086,0.0,0.6364360721863143,0.10743251721493086,0.10743251721493086,0.10743251721493086,0.5458892583847046,1.3651199915955432,-0.8192307332108386,-0.07852569222450256,1.2865942993710406,0.8192307332108386,0.740705040986336,0.740705040986336,0.8621543645858765,0.2257182923995622,0.11828577518463135,0.4993515908718109,0.7872427084992297,0.04653766751289368
179,0.4467015266418457,0.5690526999723964,-0.12235117333055068,0.0,0.5690526999723964,0.12235117333055068,0.12235117333055068,0.12235117333055068,2.26951003074646,1.4415557421466367,0.8279542885998232,0.2486172616481781,1.6901730037948148,0.8279542885998232,0.5793370269516451,0.5793370269516451,0.396140992641449,0.1729117073309474,0.05056053400039673,2.261875629425049,0.571702625630234,0.007634401321411133
180,0.9406217932701111,0.9382087577634641,0.0024130355066469544,-0.0,0.9382087577634641,0.0024130355066469544,0.0024130355066469544,0.0024130355066469544,1.0430662631988525,0.8329360151915973,0.21013024800725522,0.16449189186096191,0.9974279070525592,0.21013024800725522,0.0456383561462933,0.0456383561462933,0.9484080672264099,0.010199309462945783,0.007786273956298828,1.1113662719726562,0.11393836492009701,0.06830000877380371
181,0.8737850189208984,0.9790665344446678,-0.10528151552376941,-0.0,0.9790665344446678,0.10528151552376941,0.10528151552376941,0.10528151552376941,0.7326537370681763,0.6595779650650581,0.07307577200311821,-0.08192336559295654,0.5776545994721015,0.07307577200311821,0.15499913759607475,0.15499913759607475,0.791786253452301,0.18728028099236682,0.08199876546859741,0.5390607714653015,0.0385938280068,0.19359296560287476
182,0.8536518812179565,0.999495424198085,-0.14584354298012847,-0.0,0.999495424198085,0.14584354298012847,0.14584354298012847,0.14584354298012847,0.807795524597168,0.572898934007265,0.23489659058990298,0.013900846242904663,0.5867997802501697,0.23489659058990298,0.2209957443469983,0.2209957443469983,0.8786426782608032,0.12085274593728179,0.02499079704284668,0.8989812731742859,0.31218149292411623,0.09118574857711792
183,0.8376326560974121,1.0097098676619782,-0.17207721156456612,-0.0,1.0097098676619782,0.17207721156456612,0.17207721156456612,0.17207721156456612,0.8229123950004578,0.529559424472892,0.2933529705275658,0.02803686261177063,0.5575962870846626,0.2933529705275658,0.2653161079157952,0.2653161079157952,0.885785698890686,0.1239241687712922,0.048153042793273926,0.9996011257171631,0.4420048386325005,0.17668873071670532
184,0.8488132953643799,1.0199243111258716,-0.17111101576149168,-0.0,1.0199243111258716,0.17111101576149168,0.17111101576149168,0.17111101576149168,0.8376031517982483,0.4862199149385188,0.3513832368597295,0.03665706515312195,0.5228769800916407,0.3513832368597295,0.31472617170660755,0.31472617170660755,0.86240154504776,0.15752276607811155,0.013588249683380127,0.9555259943008423,0.43264901420920154,0.117922842502594
185,0.8228122591972351,1.030138754589765,-0.20732649539252979,-0.0,1.030138754589765,0.20732649539252979,0.20732649539252979,0.20732649539252979,0.8486705422401428,0.44288040540414575,0.4057901368359971,0.042407214641571045,0.4852876200457168,0.4057901368359971,0.36338292219442603,0.36338292219442603,0.846511721611023,0.18362703297874194,0.023699462413787842,0.9303990602493286,0.4451114402036118,0.08172851800918579
186,0.7028988003730774,0.7192128196185579,-0.016314019245480482,0.0,0.7192128196185579,0.016314019245480482,0.016314019245480482,0.016314019245480482,0.8957393765449524,1.0813521800372228,-0.18561280349227038,-0.2592596709728241,0.8220925090643987,0.18561280349227038,0.07364686748055371,0.07364686748055371,0.7057278156280518,0.013485003990506117,0.0028290152549743652,0.8960733413696289,0.07398083230523023,0.00033396482467651367
187,0.7444779276847839,0.6518294560247708,0.09264847166001311,0.0,0.6518294560247708,0.09264847166001311,0.09264847166001311,0.09264847166001311,0.5360528230667114,1.1577879208101451,-0.6217350977434337,-0.07852569222450256,1.0792622285856426,0.6217350977434337,0.5432094055189312,0.5432094055189312,0.8372949361801147,0.18546548015534392,0.09281700849533081,0.37026411294937134,0.7089981156362712,0.1657887101173401
188,0.44843485951423645,0.584446083810853,-0.1360112242966165,0.0,0.584446083810853,0.1360112242966165,0.1360112242966165,0.1360112242966165,2.270674705505371,1.2342236713612387,1.0364510341441324,0.2486172616481781,1.4828409330094168,1.0364510341441324,0.7878337724959543,0.7878337724959543,0.4029161334037781,0.18152995040707487,0.045518726110458374,2.3642921447753906,0.8814512117659739,0.09361743927001953
189,1.0504354238510132,0.9672735846100764,0.08316183924093679,-0.0,0.9672735846100764,0.08316183924093679,0.08316183924093679,0.08316183924093679,0.6551457643508911,1.1060403130596317,-0.4508945487087406,0.16449189186096191,1.2705322049205936,0.4508945487087406,0.6153864405697025,0.6153864405697025,1.0521279573440552,0.08485437273397878,0.0016925334930419922,0.839159369468689,0.43137283545190463,0.18401360511779785
190,1.0677380561828613,0.9877024729506784,0.08003558323218296,-0.0,0.9877024729506784,0.08003558323218296,0.08003558323218296,0.08003558323218296,0.5517430305480957,1.019361287996362,-0.46761825744826635,0.3922949731349945,1.4116562611313566,0.46761825744826635,0.8599132305832609,0.8599132305832609,1.1568340063095093,0.1691315333588309,0.08909595012664795,0.33932769298553467,1.072328568145822,0.21241533756256104
191,1.1447820663452148,1.0081313612912801,0.13665070505393473,-0.0,1.0081313612912801,0.13665070505393473,0.13665070505393473,0.13665070505393473,0.4903770685195923,0.9326822629330924,-0.44230519441350014,-0.08192336559295654,0.8507588973401359,0.44230519441350014,0.3603818288205436,0.3603818288205436,1.15474534034729,0.14661397905600992,0.009963274002075195,0.5774922966957092,0.27326660064442665,0.08711522817611694
192,1.185741662979126,1.0183458056970505,0.1673958572820755,-0.0,1.0183458056970505,0.1673958572820755,0.1673958572820755,0.1673958572820755,0.5310317873954773,0.8893427494023703,-0.35831096200689305,-0.012987196445465088,0.8763555529569053,0.35831096200689305,0.34532376556142796,0.34532376556142796,1.1325178146362305,0.11417200893918,0.05322384834289551,0.6374666094779968,0.23888894347890843,0.10643482208251953
193,1.2078932523727417,1.0285602510446974,0.1793330013280443,-0.0,1.0285602510446974,0.1793330013280443,0.1793330013280443,0.1793330013280443,0.546775758266449,0.8460032318752994,-0.2992274736088504,0.013900846242904663,0.859904078118204,0.2992274736088504,0.31312831985175504,0.31312831985175504,1.3185607194900513,0.2900004684453539,0.11066746711730957,0.48913875222206116,0.37076532589614286,0.05763700604438782
194,1.197200894355774,1.0387746945085907,0.1584261998471832,-0.0,1.0387746945085907,0.1584261998471832,0.1584261998471832,0.1584261998471832,0.5568024516105652,0.8026637223409263,-0.24586127073036113,0.02803686261177063,0.8307005849526969,0.24586127073036113,0.27389813334213176,0.27389813334213176,1.2383325099945068,0.1995578154859161,0.04113161563873291,0.5272037386894226,0.30349684626327433,0.029598712921142578
195,0.7056859135627747,0.7482776464651703,-0.042591732902395596,0.0,0.7482776464651703,0.042591732902395596,0.042591732902395596,0.042591732902395596,1.0677132606506348,1.3544564779052573,-0.2867432172546225,-0.2592596709728241,1.0951968069324332,0.2867432172546225,0.027483546281798388,0.027483546281798388,0.7229870557785034,0.025290590686666836,0.01730114221572876,1.1875337362289429,0.09233692929650972,0.1198204755783081
196,0.6469054222106934,0.6808942828713831,-0.033988860660689735,0.0,0.6808942828713831,0.033988860660689735,0.033988860660689735,0.033988860660689735,1.6612190008163452,1.4308922186781794,0.23032678213816582,-0.07852569222450256,1.3523665264536768,0.23032678213816582,0.3088524743626684,0.3088524743626684,0.6694239974021912,0.011470285469191932,0.022518575191497803,1.6400865316390991,0.2877200051854223,0.021132469177246094
197,0.44759583473205566,0.6135109106574653,-0.16591507592540966,0.0,0.6135109106574653,0.16591507592540966,0.16591507592540966,0.16591507592540966,2.2747178077697754,1.5073279692292731,0.7673898385405022,0.2486172616481781,1.7559452308774512,0.7673898385405022,0.5187725768923241,0.5187725768923241,0.3983950912952423,0.21511581936222302,0.049200743436813354,2.3575000762939453,0.6015548454164941,0.08278226852416992
198,1.0091660022735596,0.9631851572811654,0.04598084499239419,-0.0,0.9631851572811654,0.04598084499239419,0.04598084499239419,0.04598084499239419,1.6300398111343384,1.1102026583569415,0.5198371527773968,0.16449189186096191,1.2746945502179035,0.5198371527773968,0.3553452609164349,0.3553452609164349,0.9348540306091309,0.028331126672034523,0.07431197166442871,1.6464459896087646,0.3717514393908612,0.01640617847442627
199,1.0685101747512817,0.9938284897920682,0.07468168495921357,-0.0,0.9938284897920682,0.07468168495921357,0.07468168495921357,0.07468168495921357,0.5365127921104431,0.980184120762037,-0.44367132865159387,-0.594967782497406,0.385216338264631,0.44367132865159387,0.15129645384581214,0.15129645384581214,0.9971021413803101,0.003273651588241888,0.07140803337097168,0.36267727613449097,0.02253906213014001,0.17383551597595215
200,1.1012300252914429,1.0142573783681392,0.08697264692330364,-0.0,1.0142573783681392,0.08697264692330364,0.08697264692330364,0.08697264692330364,0.7683806419372559,0.8935050946996802,-0.12512445276242434,-0.012987196445465088,0.8805178982542151,0.12512445276242434,0.11213725631695926,0.11213725631695926,1.0290881395339966,0.014830761165857353,0.07214188575744629,0.6401841640472412,0.2403337342069739,0.12819647789001465
201,1.1082849502563477,1.0244718237157862,0.0838131265405615,-0.0,1.0244718237157862,0.0838131265405615,0.0838131265405615,0.0838131265405615,0.7885642051696777,0.8501655771726092,-0.061601372002931476,0.013900846242904663,0.8640664234155139,0.061601372002931476,0.07550221824583614,0.07550221824583614,1.0359504222869873,0.011478598571201148,0.07233452796936035,0.9296713471412659,0.065604923725752,0.14110714197158813
202,1.075510025024414,1.0346862671796795,0.040823757844734576,-0.0,1.0346862671796795,0.040823757844734576,0.040823757844734576,0.040823757844734576,0.7970414161682129,0.8068260676382362,-0.009784651470023276,0.02803686261177063,0.8348629302500068,0.009784651470023276,0.037821514081793906,0.037821514081793906,1.0407263040542603,0.0060400368745807675,0.03478372097015381,0.9356349110603333,0.10077198081032646,0.13859349489212036
203,0.6155899167060852,0.7441892191362591,-0.12859930243017392,0.0,0.7441892191362591,0.12859930243017392,0.12859930243017392,0.12859930243017392,1.705704927444458,1.358618823202567,0.3470861042418909,-0.2592596709728241,1.099359152229743,0.3470861042418909,0.606345775214715,0.606345775214715,0.6545037627220154,0.08968545641424375,0.038913846015930176,1.7848566770553589,0.6854975248256159,0.07915174961090088
204,0.5483101606369019,0.6768058555424721,-0.12849569490557022,0.0,0.6768058555424721,0.12849569490557022,0.12849569490557022,0.12849569490557022,2.2702267169952393,1.4350545639754893,0.83517215301975,-0.07852569222450256,1.3565288717509867,0.83517215301975,0.9136978452442526,0.9136978452442526,0.5342084765434265,0.14259737899904557,0.014101684093475342,2.329122304916382,0.9725934331653951,0.05889558792114258
205,0.44038891792297363,0.6094224833285542,-0.16903356540558057,0.0,0.6094224833285542,0.16903356540558057,0.16903356540558057,0.16903356540558057,2.286940097808838,1.5114903145265828,0.7754497832822551,0.2486172616481781,1.7601075761747609,0.7754497832822551,0.526832521634077,0.526832521634077,0.33277881145477295,0.27664367187378125,0.10761010646820068,2.3611629009246826,0.6010553247499217,0.07422280311584473
206,1.0814473628997803,1.2483490543181834,-0.16690169141840316,-0.028457995504140854,1.2198910588140426,0.16690169141840316,0.1384436959142623,0.1384436959142623,1.4734869003295898,0.9429618397076304,0.5305250606219595,0.11807528138160706,1.0610371210892375,0.5305250606219595,0.4124497792403524,0.4124497792403523,1.048599123954773,0.17129193485926963,0.032848238945007324,1.7904784679412842,0.7294413468520466,0.31699156761169434
207,1.2395553588867188,1.2892068309993874,-0.049651472112668626,-0.006819359492510557,1.2823874715068768,0.049651472112668626,0.04283211262015807,0.04283211262015807,0.968290388584137,0.7696037895810911,0.19868659900304586,-0.024667739868164062,0.744936049712927,0.19868659900304586,0.22335433887120992,0.22335433887120992,1.222769021987915,0.05961844951896178,0.01678633689880371,0.9737136960029602,0.22877764629003317,0.005423307418823242
208,1.3444021940231323,1.3198501642166978,0.02455202980643456,-0.07346007972955704,1.2463900844871407,0.02455202980643456,0.0980121095359916,0.0980121095359916,0.9750884771347046,0.639585248988925,0.3355032281457796,0.04088705778121948,0.6804723067701445,0.3355032281457796,0.2946161703645601,0.2946161703645601,1.28679358959198,0.040403505104839255,0.057608604431152344,1.2591058015823364,0.578633494812192,0.28401732444763184
209,1.4191970825195312,1.330064607680591,0.08913247483894016,-0.11145836859941483,1.2186062390811763,0.08913247483894016,0.20059084343835498,0.20059084343835498,0.9358251690864563,0.596245739454552,0.33957942963190435,0.04617321491241455,0.6424189543669665,0.33957942963190435,0.2934062147194898,0.2934062147194898,1.405745506286621,0.18713926720544483,0.013451576232910156,1.0222257375717163,0.3798067832047498,0.08640056848526001
210,1.0618071556091309,1.0293531161732774,0.032454039435853455,0.026029245927929878,1.0553823621012073,0.032454039435853455,0.006424793507923576,0.006424793507923576,0.9466174840927124,1.191378004553256,-0.24476052046054364,-0.25291866064071655,0.9384593439125395,0.24476052046054364,0.008158140180172913,0.008158140180172913,1.0121556520462036,0.04322671005500367,0.049651503562927246,0.8859028220176697,0.05255652189486981,0.060714662075042725
211,1.0110430717468262,0.9619697525794902,0.04907331916733593,0.04279455170035362,1.0047643042798438,0.04907331916733593,0.006278767466982305,0.006278767466982416,1.2338217496871948,1.2678137453261782,-0.03399199563898336,-0.0559515655040741,1.211862179822104,0.03399199563898336,0.021959569865090733,0.021959569865090733,1.0114604234695435,0.006696119189699701,0.00041735172271728516,0.8316434025764465,0.38021877724565756,0.4021783471107483
212,1.0907529592514038,0.8945863803655724,0.19616657888583144,0.05955985561013222,0.9541462359757046,0.19616657888583144,0.13660672327569923,0.13660672327569923,1.7324187755584717,1.3442494958772717,0.38816927968119996,0.2874245345592499,1.6316740304365216,0.38816927968119996,0.10074474512195009,0.10074474512195009,1.0686323642730713,0.11448612829736671,0.02212059497833252,1.8493719100952148,0.21769787965869325,0.11695313453674316
213,1.0814473628997803,1.2483490543181834,-0.16690169141840316,-0.028457995504140854,1.2198910588140426,0.16690169141840316,0.1384436959142623,0.1384436959142623,1.4734869003295898,0.9429618397076304,0.5305250606219595,0.11807528138160706,1.0610371210892375,0.5305250606219595,0.4124497792403524,0.4124497792403523,1.100425124168396,0.11946593464564659,0.018977761268615723,1.392387866973877,0.3313507458846394,0.08109903335571289
214,1.2395554780960083,1.2892068309993874,-0.049651352903379076,-0.006819359492510557,1.2823874715068768,0.049651352903379076,0.04283199341086852,0.04283199341086852,0.968290388584137,0.7696037895810911,0.19868659900304586,-0.024667739868164062,0.744936049712927,0.19868659900304586,0.22335433887120992,0.22335433887120992,1.282625675201416,0.00023820369453919632,0.043070197105407715,0.895094096660614,0.15015804694768697,0.07319629192352295
215,1.3414955139160156,1.3096357207528044,0.03185979316321119,-0.043354157358407974,1.2662815633943965,0.03185979316321119,0.07521395052161917,0.07521395052161917,0.9883452653884888,0.682924758523298,0.30542050686519073,0.03232333064079285,0.7152480891640909,0.30542050686519073,0.2730971762243979,0.2730971762243979,1.3073300123214722,0.04104844892707571,0.03416550159454346,0.5632464289665222,0.15200166019756867,0.42509883642196655
216,1.4191970825195312,1.330064607680591,0.08913247483894016,-0.11145836859941483,1.2186062390811763,0.08913247483894016,0.20059084343835498,0.20059084343835498,0.9358252286911011,0.596245739454552,0.3395794892365491,0.04617321491241455,0.6424189543669665,0.3395794892365491,0.2934062743241346,0.2934062743241346,1.5227774381637573,0.30417119908258106,0.10358035564422607,0.8744257092475891,0.2320067548806226,0.06139951944351196
217,1.0618071556091309,1.0293531161732774,0.032454039435853455,0.026029245927929878,1.0553823621012073,0.032454039435853455,0.006424793507923576,0.006424793507923576,0.9466174840927124,1.191378004553256,-0.24476052046054364,-0.25291866064071655,0.9384593439125395,0.24476052046054364,0.008158140180172913,0.008158140180172913,1.074949026107788,0.019566664006580803,0.013141870498657227,0.8936730027198792,0.04478634119266034,0.05294448137283325
218,1.0110430717468262,0.9619697525794902,0.04907331916733593,0.04279455170035362,1.0047643042798438,0.04907331916733593,0.006278767466982305,0.006278767466982416,1.2338216304779053,1.2678137453261782,-0.033992114848272914,-0.0559515655040741,1.211862179822104,0.033992114848272914,0.021959450655801183,0.021959450655801183,1.0701029300689697,0.06533862578912597,0.059059858322143555,1.8144044876098633,0.6025423077877592,0.580582857131958
219,1.0907528400421143,0.8945863803655724,0.1961664596765419,0.05955985561013222,0.9541462359757046,0.1961664596765419,0.13660660406640968,0.13660660406640968,1.7324187755584717,1.3442494958772717,0.38816927968119996,0.2874245345592499,1.6316740304365216,0.38816927968119996,0.10074474512195009,0.10074474512195009,1.2682462930679321,0.31410005709222755,0.17749345302581787,1.715330719947815,0.08365668951129335,0.01708805561065674
220,1.0802924633026123,1.230402016743872,-0.15010955344125976,-0.028457995504140854,1.2019440212397312,0.15010955344125976,0.1216515579371189,0.1216515579371189,1.2911092042922974,0.8898273429168185,0.40128186137547883,0.11807528138160706,1.0079026242984255,0.40128186137547883,0.2832065799938718,0.2832065799938719,1.049151062965393,0.15279295827433814,0.03114140033721924,1.128615140914917,0.12071251661649152,0.16249406337738037
221,1.237815499305725,1.2712597934250758,-0.03344429411935068,-0.006819359492510557,1.2644404339325652,0.03344429411935068,0.026624934626840124,0.026624934626840124,0.9028114080429077,0.7164692927902794,0.18634211525262834,-0.024667739868164062,0.6918015529221153,0.18634211525262834,0.2110098551207924,0.2110098551207924,1.2427700757980347,0.021670358134530554,0.00495457649230957,0.9484567046165466,0.2566551516944313,0.045645296573638916
222,1.3458287715911865,1.3019031266423862,0.04392564494880036,-0.07346007972955704,1.2284430469128291,0.04392564494880036,0.1173857246783574,0.1173857246783574,0.8919914960861206,0.5864507521981133,0.30554074388800734,0.04088705778121948,0.6273378099793328,0.30554074388800734,0.26465368610678786,0.26465368610678786,1.3141381740570068,0.08569512714417771,0.03169059753417969,0.8077260255813599,0.1803882156020271,0.08426547050476074
223,1.3715269565582275,1.3121175701062795,0.05940938645194804,-0.11145836859941483,1.2006592015068647,0.05940938645194804,0.17086775505136287,0.17086775505136287,0.8434755206108093,0.5431112426637402,0.3003642779470691,0.04617321491241455,0.5892844575761548,0.3003642779470691,0.25419106303465455,0.25419106303465455,1.3951537609100342,0.1944945594031695,0.02362680435180664,0.8273615837097168,0.23807712613356202,0.01611393690109253
224,1.062404990196228,1.0114060785989658,0.05099891159726222,0.026029245927929878,1.0374353245268957,0.05099891159726222,0.02496966566933234,0.02496966566933234,0.9010581374168396,1.1382435077624442,-0.2371853703456046,-0.25291866064071655,0.8853248471217277,0.2371853703456046,0.015733290295111946,0.015733290295111946,1.1065850257873535,0.06914970126045783,0.04418003559112549,0.9303366541862488,0.045011807064521125,0.02927851676940918
225,1.0019495487213135,0.9440227150051786,0.05792683371613483,0.04279455170035362,0.9868172667055323,0.05792683371613483,0.015132282015781207,0.015132282015781207,1.1362097263336182,1.2146792485353664,-0.07846952220174819,-0.0559515655040741,1.1587276830312923,0.07846952220174819,0.02251795669767409,0.02251795669767409,0.9524052143096924,0.03441205239583989,0.049544334411621094,1.0309324264526367,0.12779525657865554,0.10527729988098145
226,1.0976932048797607,0.8766393427912609,0.22105386208849986,0.05955985561013222,0.9361991984013931,0.22105386208849986,0.16149400647836765,0.16149400647836765,1.7112061977386475,1.29111499908646,0.42009119865218736,0.2874245345592499,1.57853953364571,0.42009119865218736,0.13266666409293748,0.13266666409293748,0.9585957527160645,0.022396554314671357,0.1390974521636963,1.712852120399475,0.13431258675376512,0.0016459226608276367
227,1.3318586349487305,1.3224509166540452,0.00940771829468523,-0.028457995504140854,1.2939929211499044,0.00940771829468523,0.037865713798826084,0.037865713798826084,0.13163971900939941,0.5965028599432282,-0.46486314093382874,0.11807528138160706,0.7145781413248352,0.46486314093382874,0.5829384223154358,0.5829384223154358,1.4146870374679565,0.12069411631805216,0.08282840251922607,0.11201806366443634,0.6025600776603989,0.019621655344963074
228,1.477293610572815,1.363308693335249,0.11398491723756599,-0.006819359492510557,1.3564893338427384,0.11398491723756599,0.12080427673007654,0.12080427673007654,0.08890202641487122,0.4231448098166888,-0.33424278340181757,-0.024667739868164062,0.3984770699485247,0.33424278340181757,0.3095750435336535,0.3095750435336535,1.5308526754379272,0.17436334159518885,0.053559064865112305,0.1416727602481842,0.2568043097003405,0.05277073383331299
229,1.5348386764526367,1.3837375830886662,0.15110109336397048,-0.043354157358407974,1.3403834257302583,0.15110109336397048,0.19445525072237846,0.19445525072237846,0.07172027230262756,0.33646577875889583,-0.26474550645626826,0.03232333064079285,0.3687891093996887,0.26474550645626826,0.2970688370970611,0.2970688370970611,1.50248122215271,0.1620977964224517,0.03235745429992676,0.09546755254268646,0.2733215568570022,0.0237472802400589
230,1.5505764484405518,1.4041664700164525,0.1464099784240993,-0.11145836859941483,1.2927081014170376,0.1464099784240993,0.25786834702351413,0.25786834702351413,0.07546889781951904,0.24978675969014952,-0.17431786187063047,0.04617321491241455,0.29595997460256407,0.17431786187063047,0.22049107678304503,0.22049107678304503,1.5675662755966187,0.274858174179581,0.016989827156066895,0.10548679530620575,0.19047317929635832,0.030017897486686707
231,1.1268072128295898,1.103454978509139,0.02335223432045086,0.026029245927929878,1.1294842244370689,0.02335223432045086,0.0026770116074790185,0.0026770116074790185,0.04568803310394287,0.8449190247888537,-0.7992309916849109,-0.25291866064071655,0.5920003641481372,0.7992309916849109,0.5463123310441943,0.5463123310441943,1.1620951890945435,0.032610964657474595,0.03528797626495361,0.08743453770875931,0.5045658264393779,0.04174650460481644
232,1.0896968841552734,1.0360716149153517,0.053625269239921725,0.04279455170035362,1.0788661666157053,0.053625269239921725,0.010830717539568102,0.010830717539568102,0.07110807299613953,0.9213547655617759,-0.8502466925656363,-0.0559515655040741,0.8654032000577018,0.8502466925656363,0.7942951270615622,0.7942951270615622,1.1107121706008911,0.03184600398518578,0.021015286445617676,0.09059949219226837,0.7748037078654334,0.019491419196128845
233,1.0091016292572021,0.968688242701434,0.040413386555768094,0.05955985561013222,1.0282480983115663,0.040413386555768094,0.019146469054364124,0.019146469054364124,1.370720624923706,0.9977905161128695,0.37293010881083655,0.2874245345592499,1.2852150506721194,0.37293010881083655,0.08550557425158667,0.08550557425158667,0.9844517707824707,0.04379632752909557,0.024649858474731445,1.361627459526062,0.07641240885394263,0.009093165397644043
234,1.0780760049819946,1.1989455225301917,-0.12086951754819708,-0.028457995504140854,1.1704875270260509,0.12086951754819708,0.09241152204405623,0.09241152204405623,1.0126988887786865,0.7966963744254292,0.21600251435325735,0.11807528138160706,0.9147716558070362,0.21600251435325735,0.09792723297165029,0.09792723297165029,1.0360385179519653,0.13444900907408552,0.0420374870300293,0.8754454851150513,0.03932617069198496,0.13725340366363525
235,1.2343616485595703,1.2398032992113954,-0.005441650651825114,-0.006819359492510557,1.2329839397188849,0.005441650651825114,0.0013777088406854432,0.0013777088406854432,0.6853642463684082,0.6233383242988899,0.06202592206951829,-0.024667739868164062,0.5986705844307258,0.06202592206951829,0.08669366193768235,0.08669366193768235,1.2075849771499634,0.02539896256892149,0.026776671409606934,0.7401555776596069,0.14148499322888108,0.05479133129119873
236,1.3430359363555908,1.2704466324287058,0.07258930392688501,-0.07346007972955704,1.1969865526991488,0.07258930392688501,0.14604938365644204,0.14604938365644204,0.6896158456802368,0.4933197837067238,0.19629606197351301,0.04088705778121948,0.5342068414879433,0.19629606197351301,0.15540900419229353,0.15540900419229353,1.3251439332962036,0.12815738059705484,0.017892003059387207,0.6141595244407654,0.0799526829528221,0.07545632123947144
237,0.7392651438713074,1.2806610758925991,-0.5413959320212918,-0.11145836859941483,1.1692027072931843,0.5413959320212918,0.42993756342187694,0.42993756342187694,0.6577036380767822,0.44998027417235087,0.20772336390443136,0.04617321491241455,0.4961534890847654,0.20772336390443136,0.1615501489920168,0.1615501489920168,0.6062966585159302,0.5629060487772541,0.1329684853553772,0.5039125680923462,0.007759079007580771,0.15379106998443604
238,1.0441933870315552,0.9799495843852855,0.06424380264626972,0.026029245927929878,1.0059788303132153,0.06424380264626972,0.03821455671833984,0.03821455671833984,0.8001950979232788,1.0451125392710547,-0.24491744134777593,-0.25291866064071655,0.7921938786303382,0.24491744134777593,0.00800121929294062,0.00800121929294062,0.9607618451118469,0.04521698520136841,0.08343154191970825,0.724255383014679,0.06793849561565923,0.07593971490859985
239,0.9973450899124146,0.9125662207914983,0.08477886912091626,0.04279455170035362,0.9553607724918519,0.08477886912091626,0.041984317420562633,0.041984317420562633,0.792807400226593,1.121548280043977,-0.3287408798173841,-0.0559515655040741,1.065596714539903,0.3287408798173841,0.27278931431331,0.27278931431331,0.870934247970581,0.08442652452127086,0.1264108419418335,0.7395432591438293,0.32605345539607367,0.05326414108276367
240,1.0516029596328735,0.8451828485775804,0.20642011105529312,0.05955985561013222,0.9047427041877126,0.20642011105529312,0.1468602554451609,0.1468602554451609,1.6840945482254028,1.1979840305950706,0.4861105176303322,0.2874245345592499,1.4854085651543205,0.4861105176303322,0.19868598307108232,0.19868598307108232,0.9731469750404358,0.06840427085272316,0.07845598459243774,1.7197332382202148,0.23432467306589433,0.03563868999481201
241,1.1627612113952637,1.2361641053163386,-0.07340289392107491,-0.028457995504140854,1.2077061098121977,0.07340289392107491,0.044944898416934054,0.044944898416934054,1.2442631721496582,1.0136822759853434,0.23058089616431476,0.11807528138160706,1.1317575573669505,0.23058089616431476,0.11250561478270771,0.11250561478270771,1.100908637046814,0.10679747276538376,0.06185257434844971,1.3520123958587646,0.22025483849181415,0.10774922370910645
242,1.286716341972351,1.2770218819975425,0.009694459974808556,-0.006819359492510557,1.270202522505032,0.009694459974808556,0.016513819467319113,0.016513819467319113,0.9196731448173523,0.8403242258588043,0.07934891895854801,-0.024667739868164062,0.8156564859906402,0.07934891895854801,0.10401665882671207,0.10401665882671207,1.2750895023345947,0.004886979829562765,0.011626839637756348,0.9317314028739929,0.1160749168833527,0.012058258056640625
243,1.381263017654419,1.2974507717509596,0.08381224590345937,-0.043354157358407974,1.2540966143925516,0.08381224590345937,0.12716640326186734,0.12716640326186734,0.9860147833824158,0.7536451948010112,0.23236958858140455,0.03232333064079285,0.7859685254418041,0.23236958858140455,0.2000462579406117,0.2000462579406117,1.4005013704299927,0.14640475603744108,0.01923835277557373,1.0993400812149048,0.3133715557731007,0.11332529783248901
244,0.6936107873916626,1.3178796586787462,-0.6242688712870836,-0.11145836859941483,1.2064212900793314,0.6242688712870836,0.5128105026876688,0.5128105026876688,0.9286113977432251,0.6669661757322651,0.26164522201095997,0.04617321491241455,0.7131393906446797,0.26164522201095997,0.21547200709854542,0.21547200709854542,0.6983196139335632,0.5081016761457682,0.004708826541900635,0.860148012638092,0.14700862199341236,0.06846338510513306
245,1.0500822067260742,1.0171681671714325,0.03291403955464167,0.026029245927929878,1.0431974130993624,0.03291403955464167,0.006884793626711794,0.006884793626711794,1.0058693885803223,1.262098440830969,-0.25622905225064674,-0.25291866064071655,1.0091797801902525,0.25622905225064674,0.0033103916099301856,0.0033103916099301856,1.0423717498779297,0.0008256632214327375,0.007710456848144531,0.89777672290802,0.11140305728223243,0.10809266567230225
246,0.965659499168396,0.9497848035776453,0.01587469559075072,0.04279455170035362,0.9925793552779989,0.01587469559075072,0.026919856109602902,0.026919856109602902,1.1212573051452637,1.3385341816038911,-0.21727687645862748,-0.0559515655040741,1.282582616099817,0.21727687645862748,0.16132531095455338,0.16132531095455338,0.9369493722915649,0.05562998298643396,0.028710126876831055,0.9565132856369019,0.3260693304629152,0.16474401950836182
247,1.0101704597473145,0.8824014313637275,0.12776902838358695,0.05955985561013222,0.9419612869738597,0.12776902838358695,0.06820917277345473,0.06820917277345473,1.6078526973724365,1.414969932154985,0.19288276521745162,0.2874245345592499,1.7023944667142348,0.19288276521745162,0.09454176934179825,0.09454176934179825,0.9773007035255432,0.03533941655168349,0.03286975622177124,1.6917287111282349,0.010665755585999914,0.08387601375579834
248,1.079082727432251,1.0915974936929291,-0.012514766260678156,0.012611983343958855,1.104209477036888,0.012514766260678156,0.02512674960463701,0.02512674960463701,0.7598104476928711,0.8574293810192672,-0.09761893332639615,0.11425387859344482,0.9716832596127121,0.09761893332639615,0.21187281191984098,0.21187281191984098,1.016136884689331,0.08807259234755693,0.06294584274291992,0.6974868178367615,0.2741964417759506,0.06232362985610962
249,1.1905186176300049,1.132455270374133,0.05806334725587181,0.00302219670265913,1.1354774670767922,0.05806334725587181,0.05504115055321268,0.05504115055321268,0.5312095284461975,0.6840713308927282,-0.1528618024465307,-0.019193530082702637,0.6648778008100256,0.1528618024465307,0.13366827236382806,0.13366827236382806,1.1264257431030273,0.009051723973764858,0.06409287452697754,0.5024226903915405,0.16245511041848504,0.028786838054656982
250,1.2387030124664307,1.1528841601275501,0.08581885233888054,0.01921365223824978,1.1720978123658,0.08581885233888054,0.06660520010063076,0.06660520010063076,0.6295778155326843,0.597392299834935,0.0321855156977493,0.034180253744125366,0.6315725535790604,0.0321855156977493,0.0019947380463760656,0.0019947380463760656,1.1672087907791138,0.0048890215866861375,0.0714942216873169,0.5213539004325867,0.11021865314647372,0.10822391510009766
251,1.262686014175415,1.1733130470553368,0.08937296712007825,0.04939599707722664,1.2227090441325634,0.08937296712007825,0.03997697004285161,0.03997697004285161,0.6023719310760498,0.5107132807661889,0.09165865030986087,0.047175049781799316,0.5578883305479883,0.09165865030986087,0.04448360052806155,0.04448360052806155,1.2030798196792603,0.019629224453303173,0.059606194496154785,0.41152286529541016,0.1463654652525781,0.19084906578063965
252,0.7354767322540283,0.872601555548023,-0.13712482329399467,-0.011535612866282463,0.8610659426817405,0.13712482329399467,0.1255892104277122,0.1255892104277122,0.9850835800170898,1.105845545864893,-0.12076196584780319,-0.2523966133594513,0.8534489325054417,0.12076196584780319,0.1316346475116481,0.1316346475116481,0.7139938473701477,0.14707209531159282,0.021482884883880615,0.7860111594200134,0.06743777308542831,0.19907242059707642
253,0.6855964064598083,0.8052181919542358,-0.11962178549442748,-0.018965642899274826,0.786252549054961,0.11962178549442748,0.10065614259515265,0.10065614259515265,0.9946777820587158,1.1822812866378152,-0.18760350457909936,-0.05409306287765503,1.1281882237601601,0.18760350457909936,0.13351044170144433,0.13351044170144433,0.7239846587181091,0.06226789033685187,0.03838825225830078,1.1415172815322876,0.01332905777212745,0.14683949947357178
254,0.6307054162025452,0.7378348197403181,-0.1071294035377729,-0.02639567293226719,0.7114391468080509,0.1071294035377729,0.0807337306055057,0.0807337306055057,1.1137810945510864,1.2587170371889087,-0.14493594263782228,0.29061946272850037,1.549336499917409,0.14493594263782228,0.43555540536632265,0.43555540536632265,0.6538155674934387,0.05762357931461215,0.023110151290893555,1.1345473527908325,0.41478914712657655,0.020766258239746094
255,1.0797642469406128,1.1117251368143573,-0.03196088987374446,0.012611983343958855,1.124337120158316,0.03196088987374446,0.04457287321770331,0.04457287321770331,0.7354063391685486,0.9060143786130946,-0.17060803944454606,0.11425387859344482,1.0202682572065394,0.17060803944454606,0.2848619180379909,0.28486191803799077,1.0605753660202026,0.06376175413811347,0.019188880920410156,0.8037658333778381,0.21650242382870122,0.06835949420928955
256,1.2057363986968994,1.1525829134955612,0.053153485201338224,0.00302219670265913,1.1556051101982203,0.053153485201338224,0.050131288498679094,0.050131288498679094,0.512178361415863,0.7326563284865555,-0.22047796707069245,-0.019193530082702637,0.7134627984038528,0.22047796707069245,0.2012844369879898,0.2012844369879898,1.1736817359924316,0.01807662579421132,0.03205466270446777,0.5075178146362305,0.20594498376762238,0.004660546779632568
257,1.2471084594726562,1.1730118032489782,0.074096656223678,0.01921365223824978,1.192225455487228,0.074096656223678,0.054883003985428225,0.054883003985428225,0.5808448791503906,0.6459772974287623,-0.06513241827837168,0.034180253744125366,0.6801575511728877,0.06513241827837168,0.09931267202249705,0.09931267202249705,1.2042317390441895,0.012006283556961428,0.0428767204284668,0.5753573775291443,0.10480017364374339,0.005487501621246338
258,1.229163646697998,1.193440690176765,0.03572295652123314,0.04939599707722664,1.2428366872539915,0.03572295652123314,0.013673040555993499,0.013673040555993499,0.5719550848007202,0.5592982783600162,0.012656806440703994,0.047175049781799316,0.6064733281418155,0.012656806440703994,0.03451824334109532,0.03451824334109532,1.2348672151565552,0.00796947209743637,0.005703568458557129,0.594823956489563,0.01164937165225255,0.022868871688842773
259,0.7593827843666077,0.8927291986694511,-0.13334641430284344,-0.011535612866282463,0.8811935858031686,0.13334641430284344,0.12181080143656098,0.12181080143656098,0.9535566568374634,1.1544305434587203,-0.20087388662125694,-0.2523966133594513,0.902033930099269,0.20087388662125694,0.05152272673819436,0.05152272673819436,0.7345545887947083,0.1466389970084604,0.024828195571899414,1.034940242767334,0.13290631266806496,0.0813835859298706
260,0.7113832235336304,0.825345835075664,-0.11396261154203358,-0.018965642899274826,0.8063801921763891,0.11396261154203358,0.09499696864275875,0.09499696864275875,0.9456570744514465,1.2308662842316427,-0.28520920978019615,-0.05409306287765503,1.1767732213539877,0.28520920978019615,0.23111614690254112,0.23111614690254112,0.719245433807373,0.08713475836901607,0.007862210273742676,0.8319919109344482,0.3447813104195394,0.11366516351699829
261,0.654035747051239,0.7579624628617462,-0.10392671581050716,-0.02639567293226719,0.731566789929479,0.10392671581050716,0.07753104287823998,0.07753104287823998,0.9686345458030701,1.3073020347827362,-0.33866748897966614,0.29061946272850037,1.5979214975112366,0.33866748897966614,0.6292869517081665,0.6292869517081665,0.6562269330024719,0.07533985692700707,0.00219118595123291,0.9446568489074707,0.6532646486037659,0.023977696895599365
262,1.0794426202774048,1.106898541312389,-0.027455921034984287,0.012611983343958855,1.119510524656348,0.027455921034984287,0.04006790437894314,0.04006790437894314,0.7510238885879517,0.8941701025620541,-0.14314621397410243,0.11425387859344482,1.008423981155499,0.14314621397410243,0.25740009256754726,0.25740009256754726,1.054914951324463,0.06459557333188504,0.024527668952941895,0.7550630569458008,0.25336092420969814,0.004039168357849121
263,1.1912016868591309,1.1477563179935928,0.04344536886553807,0.00302219670265913,1.150778514696252,0.04344536886553807,0.04042317216287894,0.04042317216287894,0.5326987504959106,0.7208120524355148,-0.18811330193960418,-0.019193530082702637,0.7016185223528122,0.18811330193960418,0.16891977185690155,0.16891977185690155,1.1944801807403564,0.043701666044104526,0.003278493881225586,0.5376203656196594,0.16399815673315277,0.004921615123748779
264,1.2252988815307617,1.157970762399363,0.0673281191313988,0.009369060397148132,1.167339822796511,0.0673281191313988,0.05795905873425067,0.05795905873425067,0.6131781935691833,0.6774725389047929,-0.06429434533560952,0.019089579582214355,0.6965621184870072,0.06429434533560952,0.08338392491782387,0.08338392491782387,1.261526346206665,0.09418652341015399,0.03622746467590332,0.5651130676269531,0.1314490508600541,0.048065125942230225
265,1.2410950660705566,1.16818520774701,0.07290985832354657,0.01921365223824978,1.1873988599852598,0.07290985832354657,0.053696206085296794,0.053696206085296794,0.6369668841362,0.6341330213777219,0.0028338627584780784,0.034180253744125366,0.6683132751218472,0.0028338627584780784,0.03134639098564729,0.03134639098564729,1.2322232723236084,0.04482441233834855,0.008871793746948242,0.6776917576789856,0.009378482557138357,0.040724873542785645
266,1.2633931636810303,1.1886140946747965,0.07477906900623377,0.04939599707722664,1.2380100917520231,0.07477906900623377,0.02538307192900713,0.02538307192900713,0.6105718016624451,0.5474540023089758,0.06311779935346928,0.047175049781799316,0.5946290520907751,0.06311779935346928,0.015942749571669967,0.015942749571669967,1.232305884361267,0.005704207390756055,0.031087279319763184,0.616026759147644,0.021397707056868942,0.005454957485198975
267,0.7445957660675049,0.8879026031674828,-0.14330683709997794,-0.011535612866282463,0.8763669903012004,0.14330683709997794,0.13177122423369547,0.13177122423369547,0.9761720895767212,1.1425862674076799,-0.1664141778309587,-0.2523966133594513,0.8901896540482286,0.1664141778309587,0.0859824355284926,0.0859824355284926,0.7748749256134033,0.10149206468779703,0.030279159545898438,1.0031483173370361,0.11295866328880755,0.02697622776031494
268,0.6926950216293335,0.8205192395736957,-0.12782421794436216,-0.018965642899274826,0.8015535966744208,0.12782421794436216,0.10885857504508734,0.10885857504508734,0.9989991188049316,1.219022008180602,-0.22002288937567038,-0.05409306287765503,1.164928945302947,0.22002288937567038,0.16592982649801535,0.16592982649801535,0.7489232420921326,0.05263035458228826,0.05622822046279907,1.0984525680541992,0.06647637724874778,0.09945344924926758
269,0.635383665561676,0.7531358673597779,-0.11775220179810186,-0.02639567293226719,0.7267401944275107,0.11775220179810186,0.09135652886583467,0.09135652886583467,1.1138659715652466,1.2954577587316956,-0.18159178716644897,0.29061946272850037,1.586077221460196,0.18159178716644897,0.47221124989494934,0.47221124989494934,0.7044611573219299,0.022279037105580768,0.0690774917602539,1.2018293142318726,0.38424790722832336,0.08796334266662598
270,1.02292799949646,1.080633014878346,-0.057705015381886104,0.012611983343958855,1.093244998222305,0.057705015381886104,0.07031699872584496,0.07031699872584496,0.9992223381996155,0.7671759417699436,0.23204639642967184,0.11425387859344482,0.8814298203633885,0.23204639642967184,0.11779251783622702,0.11779251783622702,0.9635239839553833,0.12972101426692162,0.05940401554107666,1.0415745973587036,0.16014477699531515,0.042352259159088135
271,1.0958220958709717,1.1214907915595498,-0.025668695688578103,0.00302219670265913,1.124512988262209,0.025668695688578103,0.028690892391237233,0.028690892391237233,0.43843773007392883,0.5938178916434045,-0.15538016156947565,-0.019193530082702637,0.5746243615607018,0.15538016156947565,0.136186631486773,0.136186631486773,1.0585428476333618,0.0659701406288471,0.03727924823760986,0.5434753894805908,0.031148972080111026,0.10503765940666199
272,1.1320635080337524,1.141919681312967,-0.00985617327921462,0.01921365223824978,1.1611333335512168,0.00985617327921462,0.029069825517464398,0.029069825517464398,0.4872540235519409,0.5071388605856114,-0.0198848370336705,0.034180253744125366,0.5413191143297368,0.0198848370336705,0.054065090777795866,0.054065090777795866,1.098195195198059,0.06293813835315776,0.03386831283569336,0.44741493463516235,0.09390417969457443,0.039839088916778564
273,1.1949315071105957,1.1623485682407535,0.032582938869842204,0.04939599707722664,1.2117445653179801,0.032582938869842204,0.016813058207384435,0.016813058207384435,0.4373033344745636,0.42045984151686544,0.01684349295769816,0.047175049781799316,0.46763489129866476,0.01684349295769816,0.030331556824101158,0.030331556824101158,1.1262556314468384,0.08548893387114176,0.06867587566375732,0.4062781035900116,0.06135678770865316,0.031025230884552002
274,0.6966041326522827,0.8616370767334399,-0.1650329440811572,-0.011535612866282463,0.8501014638671575,0.1650329440811572,0.15349733121487474,0.15349733121487474,0.92486971616745,1.0155921066155695,-0.09072239044811958,-0.2523966133594513,0.7631954932561182,0.09072239044811958,0.1616742229113317,0.1616742229113317,0.6966158151626587,0.15348564870449877,1.1682510375976562e-05,0.9813137054443359,0.2181182121882177,0.056443989276885986
275,0.6635005474090576,0.7942537131396528,-0.13075316573059514,-0.018965642899274826,0.7752880702403779,0.13075316573059514,0.11178752283132032,0.11178752283132032,0.9291942119598389,1.0920278473884917,-0.1628336354286528,-0.05409306287765503,1.0379347845108366,0.1628336354286528,0.10874057255099778,0.10874057255099778,0.6593252420425415,0.11596282819783643,0.004175305366516113,0.8711804151535034,0.16675436935733323,0.05801379680633545
276,0.6303206086158752,0.726870340925735,-0.09654973230985975,-0.02639567293226719,0.7004746679934678,0.09654973230985975,0.07015405937759256,0.07015405937759256,2.2580361366271973,1.1684635979395852,1.089572538687612,0.29061946272850037,1.4590830606680856,1.089572538687612,0.7989530759591117,0.7989530759591117,0.6314458847045898,0.06902878328887796,0.0011252760887145996,2.345942735671997,0.8868596750039115,0.0879065990447998
277,1.066467046737671,1.0591146815413384,0.007352365196332533,0.012611983343958855,1.0717266648852972,0.007352365196332533,0.0052596181476263215,0.0052596181476263215,0.5936318635940552,0.9457254985801294,-0.35209363498607427,0.11425387859344482,1.0599793771735744,0.35209363498607427,0.4663475135795191,0.4663475135795192,0.94074547290802,0.1309811919772772,0.12572157382965088,0.6523440480232239,0.4076353291503505,0.0587121844291687
278,1.1364829540252686,1.0897580140522412,0.0467249399730274,0.00017305687651969492,1.0899310709287608,0.0467249399730274,0.04655188309650771,0.04655188309650771,0.3674670457839966,0.8157069609852251,-0.4482399152012285,-0.3019719123840332,0.5137350486011919,0.4482399152012285,0.14626800281719532,0.14626800281719532,1.1092537641525269,0.019322693223766008,0.0272291898727417,0.4141809642314911,0.09955408436970081,0.04671391844749451
279,1.1789047718048096,1.1204013479759591,0.05850342382885043,0.01921365223824978,1.139615000214209,0.05850342382885043,0.03928977159060065,0.03928977159060065,0.5957260131835938,0.6856884173957972,-0.08996240421220347,0.034180253744125366,0.7198686711399226,0.08996240421220347,0.12414265795632884,0.12414265795632884,1.1233718395233154,0.016243160690893488,0.05553293228149414,0.5062087774276733,0.21365989371224925,0.08951723575592041
280,1.1815497875213623,1.1306157914398525,0.050933996081509836,0.0325559601187706,1.163171751558623,0.050933996081509836,0.018378035962739236,0.018378035962739236,0.5982019901275635,0.6423489078614242,-0.0441469177338607,0.04221212863922119,0.6845610365006454,0.0441469177338607,0.0863590463730819,0.0863590463730819,1.1802079677581787,0.017036216199555643,0.0013418197631835938,0.4375312030315399,0.24702983346910545,0.16067078709602356
281,1.2491602897644043,1.1408302349037458,0.1083300548606585,0.04939599707722664,1.1902262319809724,0.1083300548606585,0.05893405778343186,0.05893405778343186,0.5732468366622925,0.5990093983270511,-0.025762561664758654,0.047175049781799316,0.6461844481088505,0.025762561664758654,0.07293761144655797,0.07293761144655797,1.2254045009613037,0.03517826898033127,0.023755788803100586,0.5149608850479126,0.13122356306093785,0.05828595161437988
282,0.6980445981025696,0.8401187433964321,-0.14207414529386253,-0.011535612866282463,0.8285831305301496,0.14207414529386253,0.13053853242758007,0.13053853242758007,1.0145237445831299,1.1941416634257551,-0.17961791884262523,-0.2523966133594513,0.9417450500663038,0.17961791884262523,0.07277869451682606,0.07277869451682606,0.6175462007522583,0.21103692977789135,0.08049839735031128,1.0098694562911987,0.0681244062248949,0.004654288291931152
283,0.6585561037063599,0.772735379802645,-0.11417927609628509,-0.018965642899274826,0.7537697369033701,0.11417927609628509,0.09521363319701026,0.09521363319701026,1.0194282531738281,1.2705774041986775,-0.25114915102484936,-0.05409306287765503,1.2164843413210225,0.25114915102484936,0.19705608814719433,0.19705608814719433,0.6147849559783936,0.13898478092497657,0.04377114772796631,1.0667674541473389,0.1497168871736836,0.04733920097351074
284,0.586226224899292,0.7053520075887271,-0.11912578268943508,-0.02639567293226719,0.6789563346564599,0.11912578268943508,0.09273010975716789,0.09273010975716789,0.905916690826416,1.347013154749771,-0.441096463923355,0.29061946272850037,1.6376326174782714,0.441096463923355,0.7317159266518554,0.7317159266518554,0.5630901455879211,0.11586618906853874,0.02313607931137085,0.8925527930259705,0.7450798244523009,0.013363897800445557
285,1.1439430713653564,1.095224126148878,0.04871894521647846,0.012611983343958855,1.1078361094928368,0.04871894521647846,0.036106961872519605,0.036106961872519605,0.24924714863300323,0.5385876430176025,-0.2893404943845993,0.11425387859344482,0.6528415216110474,0.2893404943845993,0.4035943729780441,0.4035943729780441,1.0718262195587158,0.03600988993412102,0.07211685180664062,0.2523396611213684,0.40050186048967895,0.0030925124883651733
286,1.1474246978759766,1.1156530144894798,0.03177168338649672,0.0008216415299102664,1.11647465601939,0.03177168338649672,0.030950041856586452,0.030950041856586452,0.35538607835769653,0.451908617954333,-0.09652253959663648,0.2409285008907318,0.6928371188450648,0.09652253959663648,0.3374510404873683,0.3374510404873683,1.2888295650482178,0.17235490902882766,0.1414048671722412,0.29105037450790405,0.4017867443371608,0.06433570384979248
287,1.182795763015747,1.1360819028300817,0.04671386018566537,0.00302219670265913,1.1391040995327408,0.04671386018566537,0.04369166348300624,0.04369166348300624,0.44054538011550903,0.3652295928910634,0.07531578722444565,-0.019193530082702637,0.34603606280836074,0.07531578722444565,0.09450931730714829,0.09450931730714829,1.2012531757354736,0.0621490762027328,0.018457412719726562,0.5068507194519043,0.16081465664354355,0.06630533933639526
288,1.2199783325195312,1.146296347235852,0.0736819852836792,0.009369060397148132,1.1556654076330002,0.0736819852836792,0.06431292488653106,0.06431292488653106,0.469376802444458,0.3218900793603414,0.1474867230841166,0.019089579582214355,0.3409796589425558,0.1474867230841166,0.12839714350190223,0.12839714350190223,1.2986042499542236,0.14293884232122345,0.07862591743469238,0.2868286967277527,0.05415096221480309,0.18254810571670532
289,1.242985725402832,1.156510792583499,0.08647493281933305,0.01921365223824978,1.1757244448217488,0.08647493281933305,0.06726128058108327,0.06726128058108327,0.4991196095943451,0.2785505618332704,0.22056904776107467,0.034180253744125366,0.3127308155773958,0.22056904776107467,0.1863887940169493,0.1863887940169493,1.2201977968215942,0.04447335199984548,0.022787928581237793,0.47063642740249634,0.15790561182510054,0.028483182191848755
290,1.2459897994995117,1.1667252360473923,0.07926456345211941,0.0325559601187706,1.199281196166163,0.07926456345211941,0.04670860333334881,0.04670860333334881,0.512263298034668,0.2352110522988975,0.2770522457357705,0.04221212863922119,0.2774231809381187,0.2770522457357705,0.23484011709654928,0.23484011709654928,1.233323335647583,0.0340421394814201,0.012666463851928711,0.5526440739631653,0.2752208930250466,0.040380775928497314
291,0.8154370784759521,0.8762281880039718,-0.06079110952801969,-0.011535612866282463,0.8646925751376894,0.06079110952801969,0.04925549666173723,0.04925549666173723,0.3251015841960907,0.7870038078632283,-0.4619022236671376,-0.2523966133594513,0.534607194503777,0.4619022236671376,0.20950561030768633,0.20950561030768633,0.8128436803817749,0.051848894755914476,0.002593398094177246,0.31645989418029785,0.21814730032347918,0.008641690015792847
292,0.7715435028076172,0.8088448244101848,-0.037301321602567605,-0.018965642899274826,0.78987918151091,0.037301321602567605,0.01833567870329278,0.01833567870329278,0.3430461585521698,0.8634395486361505,-0.5203933900839807,-0.05409306287765503,0.8093464857584954,0.5203933900839807,0.46630032720632564,0.46630032720632564,0.7582656741142273,0.03161350739668267,0.013277828693389893,0.4232504665851593,0.38609601917333614,0.0802043080329895
293,0.6760711669921875,0.7414614521962669,-0.06539028520407941,-0.02639567293226719,0.7150657792639997,0.06539028520407941,0.03899461227181222,0.03899461227181222,0.41246458888053894,0.939875299187244,-0.527410710306705,0.29061946272850037,1.2304947619157445,0.527410710306705,0.8180301730352054,0.8180301730352055,0.684688925743103,0.030376853520896696,0.008617758750915527,0.5050058364868164,0.7254889254289281,0.09254124760627747
294,1.149341106414795,1.189853577052308,-0.040512470637513065,0.043011754751205444,1.2328653318035134,0.040512470637513065,0.08352422538871851,0.08352422538871851,0.6940903067588806,0.9446363516396866,-0.250546044880806,0.12783461809158325,1.07247096973127,0.250546044880806,0.37838066297238926,0.37838066297238937,1.134899616241455,0.09796571556205835,0.014441490173339844,0.7458406686782837,0.3266303010529863,0.051750361919403076
295,1.1592488288879395,1.2102824653929098,-0.05103363650497039,0.00280211609788239,1.2130845814907922,0.05103363650497039,0.05383575260285278,0.05383575260285278,0.5135598182678223,0.8579573265764171,-0.34439750830859484,0.2844008505344391,1.1423581771108562,0.34439750830859484,0.6287983588430339,0.6287983588430339,1.2534244060516357,0.04033982456084351,0.09417557716369629,0.3001563549041748,0.8422018222066814,0.21340346336364746
296,1.2944989204406738,1.2307113537335117,0.06378756670716212,0.010306861251592636,1.2410182149851043,0.06378756670716212,0.05348070545556949,0.05348070545556949,0.5421440601348877,0.7712783015131475,-0.22913424137825977,-0.038063883781433105,0.7332144177317144,0.22913424137825977,0.19107035759682667,0.19107035759682667,1.2619085311889648,0.020890316203860504,0.032590389251708984,0.5414901971817017,0.1917242205500127,0.0006538629531860352
297,1.3444000482559204,1.2409257981392818,0.10347425011663858,0.03195212781429291,1.2728779259535747,0.10347425011663858,0.07152212230234567,0.07152212230234567,0.692456841468811,0.7279387879824253,-0.03548194651361425,0.009251952171325684,0.737190740153751,0.03548194651361425,0.04473389868493993,0.04473389868493993,1.2946629524230957,0.021785026469520963,0.04973709583282471,0.7125585079193115,0.024632232234439444,0.02010166645050049
298,1.347886562347412,1.251140243486929,0.09674631886048313,0.06552599370479584,1.3166662371917248,0.09674631886048313,0.03122032515568729,0.03122032515568729,0.7407739162445068,0.6845992704553543,0.056174645789152544,0.027852177619934082,0.7124514480752884,0.056174645789152544,0.028322468169218462,0.028322468169218462,1.2866384983062744,0.030027738885450406,0.061248064041137695,0.7940413951873779,0.08158994711208956,0.053267478942871094
299,0.8891685009002686,0.9708576389074017,-0.08168913800713318,-0.03934090957045555,0.9315167293369462,0.08168913800713318,0.042348228436677626,0.042348228436677626,0.7195699214935303,1.1930525164853123,-0.473482594991782,-0.2542518973350525,0.9388006191502598,0.473482594991782,0.21923069765672953,0.21923069765672953,0.8618288040161133,0.0696879253208329,0.027339696884155273,0.5047924518585205,0.4340081672917393,0.21477746963500977
300,0.7959886193275452,0.9034742753136147,-0.10748565598606952,-0.06468019634485245,0.8387940789687622,0.10748565598606952,0.04280545964121707,0.04280545964121707,2.2837367057800293,1.2694882572582344,1.0142484485217949,-0.060697898268699646,1.2087903589895348,1.0142484485217949,1.0749463467904945,1.0749463467904945,0.8484429717063904,0.009648892737628145,0.052454352378845215,2.1727590560913086,0.9639686971017738,0.1109776496887207
301,0.6223481893539429,0.8360909030996968,-0.21374271374575393,-0.09001948684453964,0.7460714162551572,0.21374271374575393,0.12372322690121429,0.12372322690121429,2.2691586017608643,1.345924007809328,0.9232345939515363,0.27926501631736755,1.6251890241266955,0.9232345939515363,0.6439695776341687,0.6439695776341687,0.5548129081726074,0.19125850808254974,0.06753528118133545,2.3147199153900146,0.6895308912633191,0.04556131362915039
302,1.149770736694336,1.1715618763665157,-0.021791139672179716,0.043011754751205444,1.214573631117721,0.021791139672179716,0.06480289442338516,0.06480289442338516,0.9625214338302612,1.1424074869488618,-0.17988605311860062,0.12783461809158325,1.270242105040445,0.17988605311860062,0.30772067121018387,0.30772067121018387,1.1523162126541138,0.06225741846360733,0.002545475959777832,0.9595469236373901,0.31069518140305497,0.0029745101928710938
303,1.2807016372680664,1.2124196530477194,0.06828198422034704,0.010306861251592636,1.222726514299312,0.06828198422034704,0.0579751229687544,0.0579751229687544,0.5422451496124268,0.9690494368223226,-0.4268042872098958,-0.038063883781433105,0.9309855530408895,0.4268042872098958,0.3887404034284627,0.3887404034284627,1.2816765308380127,0.05895001653870069,0.0009748935699462891,0.4372439384460449,0.49374161459484456,0.10500121116638184
304,1.340852975845337,1.2328485428011364,0.10800443304420049,0.06552599370479584,1.2983745365059323,0.10800443304420049,0.04247843933940465,0.04247843933940465,0.7302694916725159,0.8823704057645295,-0.15210091409201365,0.027852177619934082,0.9102225833844636,0.15210091409201365,0.17995309171194773,0.17995309171194773,1.3109742403030396,0.012599703797107287,0.029878735542297363,0.7550181150436401,0.15520446834082346,0.024748623371124268
305,1.3438303470611572,1.253277429728923,0.09055291733223414,0.16845948994159698,1.42173691967052,0.09055291733223414,0.07790657260936285,0.07790657260936285,0.7850322723388672,0.7956913866957834,-0.010659114356916244,0.043793946504592896,0.8394853332003763,0.010659114356916244,0.05445306086150914,0.05445306086150914,1.3732645511627197,0.048472368507800345,0.0294342041015625,0.6461811065673828,0.19330422663299351,0.13885116577148438
306,0.8652170896530151,0.9525659382216094,-0.08734884856859426,-0.03934090957045555,0.9132250286511538,0.08734884856859426,0.04800793899813871,0.04800793899813871,0.9199446439743042,1.3908236517944874,-0.4708790078201832,-0.2542518973350525,1.136571754459435,0.4708790078201832,0.21662711048513072,0.21662711048513072,0.8272660374641418,0.085958991187012,0.03795105218887329,0.945716917514801,0.1908548369446339,0.025772273540496826
307,0.7287920117378235,0.8851825746278222,-0.15639056288999875,-0.06468019634485245,0.8205023782829698,0.15639056288999875,0.0917103665451463,0.0917103665451463,1.0443735122680664,1.4672593925674098,-0.4228858802993434,-0.060697898268699646,1.4065614942987101,0.4228858802993434,0.36218798203064373,0.36218798203064373,0.7438513040542603,0.07665107422870954,0.015059292316436768,1.11637544631958,0.29018604797913006,0.07200193405151367
308,0.5754790306091309,0.8177992024139045,-0.2423201718047736,-0.09001948684453964,0.7277797155693648,0.2423201718047736,0.15230068496023397,0.15230068496023397,2.2921838760375977,1.5436951431185033,0.7484887329190943,0.27926501631736755,1.8229601594358709,0.7484887329190943,0.4692237166017268,0.4692237166017268,0.552299976348877,0.17547973922048787,0.023179054260253906,2.318204879760742,0.4952447203248713,0.02602100372314453
309,1.1206026077270508,1.1278590425472812,-0.007256434820230417,0.043011754751205444,1.1708707972984866,0.007256434820230417,0.05026818957143586,0.05026818957143586,1.0079433917999268,1.0042914456856225,0.0036519461143043053,0.12783461809158325,1.1321260637772057,0.0036519461143043053,0.12418267197727895,0.12418267197727895,1.096476435661316,0.07439436163717073,0.024126172065734863,0.9414747953414917,0.190651268435714,0.06646859645843506
310,1.219489336013794,1.168716819228485,0.05077251678530903,0.010306861251592636,1.1790236804800776,0.05077251678530903,0.040465655533716394,0.040465655533716394,0.5686861872673035,0.8309333955590833,-0.26224720829177983,-0.038063883781433105,0.7928695117776502,0.26224720829177983,0.22418332451034673,0.22418332451034673,1.2386198043823242,0.05959612390224667,0.019130468368530273,0.5264912843704224,0.26637822740722783,0.042194902896881104
311,1.2913289070129395,1.189145708981902,0.10218319803103748,0.06552599370479584,1.2546717026866978,0.10218319803103748,0.036657204326241644,0.036657204326241644,0.7751615047454834,0.7442543645012902,0.030907140244193165,0.027852177619934082,0.7721065421212243,0.030907140244193165,0.0030549626242590833,0.0030549626242590833,1.2914652824401855,0.03679357975348774,0.00013637542724609375,0.7897099852561951,0.017603443134970753,0.01454848051071167
312,1.3412373065948486,1.2095745959096886,0.13166271068516,0.16845948994159698,1.3780340858512856,0.13166271068516,0.036796779256436984,0.036796779256436984,0.8301976919174194,0.6575753454325441,0.1726223464848753,0.043793946504592896,0.701369291937137,0.1726223464848753,0.1288283999802824,0.1288283999802824,1.3106749057769775,0.06735918007430808,0.030562400817871094,0.803650438785553,0.10228114684841594,0.026547253131866455
313,0.855400800704956,0.9088631044023748,-0.05346230369741878,-0.03934090957045555,0.8695221948319193,0.05346230369741878,0.014121394126963227,0.014121394126963227,1.1725364923477173,1.2527076105312482,-0.08017111818353095,-0.2542518973350525,0.9984557131961957,0.08017111818353095,0.17408077915152154,0.17408077915152154,0.837768018245697,0.03175417658622226,0.017632782459259033,1.1378545761108398,0.1393988629146441,0.03468191623687744
314,0.763778567314148,0.8414797408085878,-0.07770117349443983,-0.06468019634485245,0.7767995444637353,0.07770117349443983,0.013020977149587387,0.013020977149587387,1.3439339399337769,1.3291433513041704,0.014790588629606471,-0.060697898268699646,1.2684454530354707,0.014790588629606471,0.07548848689830612,0.07548848689830612,0.8017553687095642,0.024955824245828873,0.03797680139541626,1.244787335395813,0.02365811763965775,0.09914660453796387
315,0.6107478737831116,0.7740963685946699,-0.16334849481155833,-0.09001948684453964,0.6840768817501303,0.16334849481155833,0.07332900796701869,0.07332900796701869,2.3005731105804443,1.405579101855264,0.8949940087251804,0.27926501631736755,1.6848441181726315,0.8949940087251804,0.6157289924078129,0.6157289924078129,0.5977780818939209,0.08629879985620936,0.012969791889190674,2.20469331741333,0.5198491992406986,0.09587979316711426
316,1.0815818309783936,1.1965896218886416,-0.11500779091024804,0.043011754751205444,1.239601376639847,0.11500779091024804,0.1580195456614535,0.1580195456614535,0.6675554513931274,0.9353081270638303,-0.2677526756707028,0.12783461809158325,1.0631427451554134,0.2677526756707028,0.3955872937622861,0.39558729376228596,1.10005521774292,0.13954615889692712,0.018473386764526367,0.6145238280296326,0.44861891712578084,0.05303162336349487
317,1.219541072845459,1.2374473985698455,-0.01790632572438655,0.010306861251592636,1.2477542598214382,0.01790632572438655,0.028213186975979188,0.028213186975979188,0.5029633045196533,0.7619500769372911,-0.2589867724176378,-0.038063883781433105,0.723886193155858,0.2589867724176378,0.22092288863620468,0.22092288863620468,1.2256523370742798,0.022101922747158387,0.006111264228820801,0.4818189740180969,0.24206721913776108,0.021144330501556396
318,1.2711143493652344,1.2578762883232626,0.013238061041971783,0.06552599370479584,1.3234022820280584,0.013238061041971783,0.052287932662824055,0.052287932662824055,0.5956165790557861,0.675271045879498,-0.07965446682371191,0.027852177619934082,0.7031232234994321,0.07965446682371191,0.107506644443646,0.107506644443646,1.2888457775115967,0.03455650451646175,0.017731428146362305,0.5518326759338379,0.15129054756559424,0.04378390312194824
319,1.3163763284683228,1.2783051752510493,0.0380711532172735,0.16845948994159698,1.4467646651926462,0.0380711532172735,0.13038833672432348,0.13038833672432348,0.5973514318466187,0.588592026810752,0.008759405035866696,0.043793946504592896,0.6323859733153449,0.008759405035866696,0.0350345414687262,0.0350345414687262,1.3341702222824097,0.11259444291023657,0.017793893814086914,0.6944643259048462,0.06207835258950134,0.09711289405822754
320,0.8838564157485962,0.9775936837437353,-0.09373726799513915,-0.03934090957045555,0.9382527741732798,0.09373726799513915,0.0543963584246836,0.0543963584246836,0.7936398983001709,1.183724291909456,-0.39008439360928504,-0.2542518973350525,0.9294723945744034,0.39008439360928504,0.13583249627423255,0.13583249627423255,0.8484869003295898,0.08976587384368995,0.03536951541900635,0.8499503135681152,0.07952208100628821,0.056310415267944336
321,0.837502121925354,0.9102103201499483,-0.07270819822459429,-0.06468019634485245,0.8455301238050958,0.07270819822459429,0.008028001879741842,0.008028001879741842,0.7848429679870605,1.260160032682378,-0.47531706469531754,-0.060697898268699646,1.1994621344136784,0.47531706469531754,0.4146191664266179,0.4146191664266179,0.8928698897361755,0.04733976593107969,0.05536776781082153,0.76101154088974,0.43845059352393845,0.023831427097320557
322,0.6600359082221985,0.8428269479360304,-0.18279103971383193,-0.09001948684453964,0.7528074610914908,0.18279103971383193,0.09277155286929228,0.09277155286929228,2.2826216220855713,1.3365957832334718,0.9460258388520995,0.27926501631736755,1.6158607995508394,0.9460258388520995,0.6667608225347319,0.6667608225347319,0.6368505954742432,0.1159568656172476,0.023185312747955322,2.314755439758301,0.6988946402074614,0.03213381767272949
323,1.1177690029144287,1.1404769062183684,-0.02270790330393968,-0.05776398256421089,1.0827129236541575,0.02270790330393968,0.03505607926027121,0.03505607926027121,0.77776038646698,0.9846531982301694,-0.2068928117631894,0.12783461809158325,1.1124878163217526,0.2068928117631894,0.33472742985477266,0.33472742985477266,1.1338846683502197,0.05117174469606223,0.016115665435791016,0.8263950347900391,0.2860927815317136,0.04863464832305908
324,1.3334360122680664,1.181334682899572,0.1521013293684943,-0.013841924257576466,1.1674927586419956,0.1521013293684943,0.16594325362607076,0.16594325362607076,0.5639249086380005,0.8112951481036301,-0.24737023946562964,-0.038063883781433105,0.773231264322197,0.24737023946562964,0.20930635568419653,0.20930635568419653,1.3641554117202759,0.19666265307828024,0.030719399452209473,0.532843291759491,0.24038797256270605,0.03108161687850952
325,1.4327014684677124,1.1915491273053422,0.24115234116237017,-0.042911116033792496,1.1486380112715497,0.24115234116237017,0.28406345719616266,0.28406345719616266,0.6204384565353394,0.7679556345729082,-0.1475171780375688,0.009251952171325684,0.7772075867442338,0.1475171780375688,0.1567691302088945,0.1567691302088945,1.4984132051467896,0.3497751938752398,0.06571173667907715,0.6844092607498169,0.09279832599441695,0.06397080421447754
326,1.4379298686981201,1.2017635726529892,0.23616629604513095,-0.08800019323825836,1.1137633794147308,0.23616629604513095,0.3241664892833893,0.3241664892833893,0.6241266131401062,0.7246161170458372,-0.10048950390573097,0.027852177619934082,0.7524682946657713,0.10048950390573097,0.12834168152566505,0.12834168152566505,1.4052200317382812,0.29145665232355045,0.03270983695983887,0.6298960447311401,0.12257224993463112,0.0057694315910339355
327,0.7125353813171387,1.2221924595807758,-0.5096570782636372,-0.226237952709198,0.9959545068715778,0.5096570782636372,0.28341912555443916,0.28341912555443916,0.5972186326980591,0.6379370979770909,-0.04071846527903178,0.043793946504592896,0.6817310444816838,0.04071846527903178,0.08451241178362467,0.08451241178362467,0.7484124898910522,0.24754201698052558,0.035877108573913574,0.6427103877067566,0.039020656774927165,0.04549175500869751
328,1.0677465200424194,0.9214809680734622,0.14626555196895719,0.05283411219716072,0.974315080270623,0.14626555196895719,0.09343143977179647,0.09343143977179647,0.6189241409301758,1.233069363075795,-0.6141452221456192,-0.2542518973350525,0.9788174657407425,0.6141452221456192,0.3598933248105667,0.3598933248105667,1.0735735893249512,0.0992585090543282,0.005827069282531738,0.6099401116371155,0.368877354103627,0.008984029293060303
329,1.1063523292541504,0.8540976044796751,0.2522547247744753,0.08686430007219315,0.9409619045518682,0.2522547247744753,0.16539042470228216,0.16539042470228216,1.4526060819625854,1.3095051038487173,0.14310097811386813,-0.060697898268699646,1.2488072055800177,0.14310097811386813,0.20379887638256777,0.20379887638256777,1.0550615787506104,0.11409967419874212,0.05129075050354004,1.4806936979293823,0.23188649234936465,0.028087615966796875
330,0.7289412617683411,0.7867142322657573,-0.057772970497416254,0.12089449167251587,0.9076087239382732,0.057772970497416254,0.17866746216993212,0.17866746216993212,1.7168551683425903,1.3859408543998109,0.3309143139427795,0.27926501631736755,1.6652058707171784,0.3309143139427795,0.05164929762541193,0.05164929762541193,0.6551604270935059,0.25244829684476733,0.0737808346748352,1.6453852653503418,0.019820605366836608,0.07146990299224854
331,1.101360559463501,1.1737813828447545,-0.07242082338125355,-0.05776398256421089,1.1160174002805436,0.07242082338125355,0.01465684081704266,0.01465684081704266,0.8745888471603394,0.9737375281960972,-0.0991486810357578,0.12783461809158325,1.1015721462876804,0.0991486810357578,0.22698329912734105,0.22698329912734105,1.122254490852356,0.00623709057181232,0.02089393138885498,0.9617785811424255,0.13979356514525487,0.08718973398208618
332,1.2977956533432007,1.2146391595259582,0.08315649381724244,-0.013841924257576466,1.2007972352683818,0.08315649381724244,0.0969984180748189,0.0969984180748189,0.6273548007011414,0.8003794780695579,-0.17302467736841654,-0.038063883781433105,0.7623155942881248,0.17302467736841654,0.13496079358698343,0.13496079358698343,1.3186403512954712,0.11784311602708941,0.020844697952270508,0.6971173882484436,0.06519820603968118,0.06976258754730225
333,1.4293596744537354,1.2350680492793753,0.19429162517436005,-0.08800019323825836,1.147067856041117,0.19429162517436005,0.2822918184126184,0.2822918184126184,0.6845583915710449,0.7137004470117649,-0.029142055440720016,0.027852177619934082,0.741552624631699,0.029142055440720016,0.0569942330606541,0.0569942330606541,1.5022647380828857,0.3551968820417688,0.07290506362915039,0.6844569444656372,0.05709568016606181,0.00010144710540771484
334,0.7205179333686829,1.255496936207162,-0.5349790028384791,-0.226237952709198,1.029258983497964,0.5349790028384791,0.3087410501292811,0.3087410501292811,0.670080304145813,0.6270214279430186,0.04305887620279436,0.043793946504592896,0.6708153744476115,0.04305887620279436,0.0007350703017985349,0.0007350703017985349,0.7292285561561584,0.3000304273418055,0.008710622787475586,0.767188310623169,0.09637293617555742,0.09710800647735596
335,1.0158714056015015,0.9547854446998483,0.06108596090165319,0.05283411219716072,1.007619556897009,0.06108596090165319,0.00825184870449247,0.00825184870449247,0.7664390802383423,1.222153693041723,-0.45571461280338066,-0.2542518973350525,0.9679017957066705,0.45571461280338066,0.20146271546832817,0.20146271546832817,1.0855311155319214,0.07791155863491239,0.06965970993041992,0.8014127612113953,0.1664890344952752,0.03497368097305298
336,1.0539346933364868,0.8874020811060612,0.1665326122304256,0.08686430007219315,0.9742663811782544,0.1665326122304256,0.07966831215823245,0.07966831215823245,1.2324305772781372,1.298589433814645,-0.06615885653650788,-0.060697898268699646,1.2378915355459454,0.06615885653650788,0.005460958267808236,0.005460958267808236,1.0191998481750488,0.04493346699679446,0.03473484516143799,1.2842177152633667,0.046326179717421256,0.05178713798522949
337,0.7463930249214172,0.8200187088921433,-0.07362568397072611,0.12089449167251587,0.9409132005646592,0.07362568397072611,0.19452017564324198,0.19452017564324198,1.7218457460403442,1.3750251843657386,0.3468205616746056,0.27926501631736755,1.6542902006831062,0.3468205616746056,0.06755554535723807,0.06755554535723807,0.7512083053588867,0.1897048952057725,0.004815280437469482,1.8194363117218018,0.1651461110386956,0.09759056568145752
338,1.0753374099731445,1.1610813238543702,-0.08574391388122571,-0.05776398256421089,1.1033173412901593,0.08574391388122571,0.027979931317014817,0.027979931317014817,0.7880693674087524,1.138668529194521,-0.35059916178576866,0.12783461809158325,1.2665031472861044,0.35059916178576866,0.4784337798773519,0.4784337798773519,1.1343973875045776,0.03108004621441829,0.059059977531433105,0.846397876739502,0.4201052705466024,0.05832850933074951
339,1.2740085124969482,1.201939100535574,0.07206941196137429,-0.013841924257576466,1.1880971762779975,0.07206941196137429,0.08591133621895075,0.08591133621895075,0.5475986003875732,0.9653104790679818,-0.4177118786804086,-0.038063883781433105,0.9272465952865487,0.4177118786804086,0.3796479948989755,0.3796479948989755,1.3722440004348755,0.184146824156878,0.09823548793792725,0.5175814628601074,0.4096651324264413,0.03001713752746582
340,1.4093513488769531,1.2223679902889912,0.1869833585879619,-0.08800019323825836,1.1343677970507329,0.1869833585879619,0.27498355182622025,0.27498355182622025,0.6117382049560547,0.8786314480101888,-0.2668932430541341,0.027852177619934082,0.9064836256301229,0.2668932430541341,0.29474542067406817,0.29474542067406817,1.4644042253494263,0.3300364282986934,0.055052876472473145,0.5877552032470703,0.31872842238305255,0.023983001708984375
341,0.7318627238273621,1.242796877216778,-0.5109341533894158,-0.226237952709198,1.01655892450758,0.5109341533894158,0.28469620068021784,0.28469620068021784,0.6392546892166138,0.7919524289414426,-0.1526977397248288,0.043793946504592896,0.8357463754460355,0.1526977397248288,0.1964916862294217,0.1964916862294217,0.7591842412948608,0.25737468321271906,0.02732151746749878,0.6465829014778137,0.18916347396822175,0.007328212261199951
342,1.0829473733901978,0.9420853857094641,0.14086198768073366,0.05283411219716072,0.9949194979066248,0.14086198768073366,0.08802787548357294,0.08802787548357294,0.8489892482757568,1.3870846940401467,-0.5380954457643898,-0.2542518973350525,1.1328327967050942,0.5380954457643898,0.28384354842933734,0.28384354842933734,1.0607789754867554,0.06585947758013055,0.022168397903442383,0.8298830986022949,0.30294969810279926,0.019106149673461914
343,1.1695358753204346,0.874702022115677,0.2948338532047575,0.08686430007219315,0.9615663221878702,0.2948338532047575,0.20796955313256438,0.20796955313256438,1.6353092193603516,1.463520434813069,0.17178878454728252,-0.060697898268699646,1.4028225365443694,0.17178878454728252,0.23248668281598217,0.23248668281598217,1.295310378074646,0.3337440558867758,0.12577450275421143,1.6783469915390015,0.2755244549946321,0.0430377721786499
344,0.7673853635787964,0.8073186499017592,-0.03993328632296278,0.12089449167251587,0.928213141574275,0.03993328632296278,0.16082777799547865,0.16082777799547865,1.7327336072921753,1.5399561853641626,0.19277742192801273,0.27926501631736755,1.8192212016815301,0.19277742192801273,0.08648759438935483,0.08648759438935483,0.8524549603462219,0.07575818122805311,0.08506959676742554,1.8594107627868652,0.040189561105335114,0.12667715549468994
345,1.074133038520813,1.115670184736211,-0.041537146215397946,-0.05776398256421089,1.057906202172,0.041537146215397946,0.016226836348812945,0.016226836348812945,2.5846610069274902,1.0042230522878122,1.580437954639678,0.12783461809158325,1.1320576703793954,1.580437954639678,1.4526033365480948,1.4526033365480948,1.003585934638977,0.05432026753302299,0.07054710388183594,2.565978765487671,1.4339210951082755,0.018682241439819336
346,1.2638449668884277,1.1565279614174149,0.10731700547101286,-0.013841924257576466,1.1426860371598384,0.10731700547101286,0.12115892972858933,0.12115892972858933,0.8168456554412842,0.8308650021612729,-0.014019346719988723,-0.038063883781433105,0.7928011183798398,0.014019346719988723,0.024044537061444382,0.024044537061444382,1.1491825580596924,0.006496520899853975,0.11466240882873535,0.8685939311981201,0.07579281281828032,0.05174827575683594
347,1.374502420425415,1.176956851170832,0.1975455692545831,-0.08800019323825836,1.0889566579325736,0.1975455692545831,0.28554576249284147,0.28554576249284147,0.7877793312072754,0.7441859711034798,0.04359336010379555,0.027852177619934082,0.7720381487234139,0.04359336010379555,0.01574118248386147,0.01574118248386147,1.2675954103469849,0.1786387524144113,0.10690701007843018,0.81268709897995,0.04064895025653603,0.02490776777267456
348,0.7187615036964417,1.1973857380986186,-0.47862423440217694,-0.226237952709198,0.9711477853894206,0.47862423440217694,0.25238628169297894,0.25238628169297894,0.7687340974807739,0.6575069520347336,0.11122714544604029,0.043793946504592896,0.7013008985393265,0.11122714544604029,0.06743319894144739,0.06743319894144739,0.6762292385101318,0.29491854687928876,0.042532265186309814,0.6029070019721985,0.09839389656712805,0.16582709550857544
349,1.1015455722808838,0.8966742465913049,0.2048713256895789,0.05283411219716072,0.9495083587884656,0.2048713256895789,0.15203721349241817,0.15203721349241817,1.266727089881897,1.2526392171334377,0.01408787274845924,-0.2542518973350525,0.9983873197983852,0.01408787274845924,0.26833977008351173,0.26833977008351173,1.1531786918640137,0.20367033307554805,0.05163311958312988,1.3790525197982788,0.38066519999989357,0.11232542991638184
350,1.1984667778015137,0.8292908829975177,0.36917589480399593,0.08686430007219315,0.9161551830697109,0.36917589480399593,0.2823115947318028,0.2823115947318028,1.5842223167419434,1.32907495790636,0.25514735883558326,-0.060697898268699646,1.2683770596376605,0.25514735883558326,0.3158452571042829,0.3158452571042829,1.150805115699768,0.23464993263005718,0.047661662101745605,1.5143418312072754,0.24596477156961494,0.06988048553466797
351,0.7425771951675415,0.7619075107835999,-0.019330315616058358,0.12089449167251587,0.8828020024561157,0.019330315616058358,0.14022480728857423,0.14022480728857423,1.7268697023391724,1.4055107084574536,0.32135899388171874,0.27926501631736755,1.6847757247748212,0.32135899388171874,0.04209397756435118,0.04209397756435118,0.6892730593681335,0.19352894308798219,0.05330413579940796,1.7989602088928223,0.11418448411800108,0.0720905065536499
352,0.9093772768974304,1.105779553920336,-0.19640227702290547,-0.05776398256421089,1.048015571356125,0.19640227702290547,0.13863829445869458,0.13863829445869458,0.8087537288665771,0.7243325054226648,0.08442122344391234,0.12783461809158325,0.8521671235142481,0.08442122344391234,0.04341339464767091,0.04341339464767091,0.856795072555542,0.191220498800583,0.05258220434188843,0.8649851083755493,0.012817984861301257,0.05623137950897217
353,1.08634352684021,1.1466373306015396,-0.060293803761329645,-0.013841924257576466,1.1327954063439631,0.060293803761329645,0.04645187950375318,0.04645187950375318,0.42839592695236206,0.5509744552961255,-0.12257852834376348,-0.038063883781433105,0.5129105715146924,0.12257852834376348,0.08451464456233038,0.08451464456233038,1.0542715787887573,0.07852382755520582,0.03207194805145264,0.506981611251831,0.0059289602628613824,0.078585684299469
354,1.1429073810577393,1.1772806638188502,-0.03437328276111096,-0.1491091400384903,1.02817152378036,0.03437328276111096,0.11473585727737934,0.11473585727737934,0.39801710844039917,0.42095591470395943,-0.022938806263560263,0.037719279527664185,0.4586751942316236,0.022938806263560263,0.06065808579122445,0.06065808579122445,1.1689012050628662,0.1407296812825063,0.025993824005126953,0.32505542039871216,0.13361977383291146,0.07296168804168701
355,0.7282083034515381,1.1874951072827433,-0.45928680383120524,-0.226237952709198,0.9612571545735453,0.45928680383120524,0.23304885112200724,0.23304885112200724,0.3764958083629608,0.3776164051695863,-0.0011205968066254623,0.043793946504592896,0.4214103516741792,0.0011205968066254623,0.04491454331121836,0.04491454331121836,0.62309330701828,0.3381638475552653,0.10511499643325806,0.26288145780563354,0.15852889386854563,0.11361435055732727
356,0.9234921932220459,0.8867836157754297,0.03670857744661615,0.05283411219716072,0.9396177279725905,0.03670857744661615,0.016125534750544568,0.016125534750544568,0.5158476829528809,0.9727486702682904,-0.4569009873154095,-0.2542518973350525,0.7184967729332379,0.4569009873154095,0.20264908998035702,0.20264908998035702,0.8917788863182068,0.04783884165438368,0.03171330690383911,0.6618915796279907,0.05660519330524716,0.14604389667510986
357,1.064202070236206,0.8194002521816426,0.24480181805456347,0.08686430007219315,0.9062645522538357,0.24480181805456347,0.15793751798237032,0.15793751798237032,0.31878337264060974,1.0491844110412125,-0.7304010384006028,-0.060697898268699646,0.9884865127725129,0.7304010384006028,0.6697031401319031,0.6697031401319031,1.1080964803695679,0.20183192811573214,0.043894410133361816,0.2016289383172989,0.786857574455214,0.11715443432331085
358,0.7368313074111938,0.7520168799677247,-0.015185572556530857,0.12089449167251587,0.8729113716402406,0.015185572556530857,0.13608006422904673,0.13608006422904673,1.6745996475219727,1.1256201615923063,0.5489794859296664,0.27926501631736755,1.4048851779096738,0.5489794859296664,0.26971446961229883,0.26971446961229883,0.8725531101226807,0.0003582615175599102,0.13572180271148682,1.710402011871338,0.30551683396166407,0.035802364349365234
359,1.1035691499710083,1.107154797185913,-0.0035856472149047303,-0.05776398256421089,1.0493908146217021,0.0035856472149047303,0.05417833534930616,0.05417833534930616,2.5418477058410645,1.0145435309040272,1.5273041749370373,0.12783461809158325,1.1423781489956104,1.5273041749370373,1.399469556845454,1.399469556845454,1.0188345909118652,0.030556223709836905,0.08473455905914307,2.4674394130706787,1.3250612640750683,0.07440829277038574
360,1.3043196201324463,1.1480125738671167,0.15630704626532954,-0.013841924257576466,1.1341706496095403,0.15630704626532954,0.170148970522906,0.170148970522906,0.8048961162567139,0.8411854807774879,-0.036289364520774026,-0.038063883781433105,0.8031215969960548,0.036289364520774026,0.0017745192606590798,0.0017745192606590798,1.1736811399459839,0.039510490336443604,0.1306384801864624,0.9287072420120239,0.12558564501596914,0.12381112575531006
361,1.4117095470428467,1.1786559070844271,0.23305363995841955,-0.1491091400384903,1.0295467670459368,0.23305363995841955,0.38216277999690984,0.38216277999690984,0.7964441776275635,0.7111669401853218,0.0852772374422417,0.037719279527664185,0.748886219712986,0.0852772374422417,0.04755795791457751,0.04755795791457751,1.33608078956604,0.3065340225201032,0.07562875747680664,0.6797986626625061,0.06908755705047986,0.11664551496505737
362,0.7158384919166565,1.1888703505483205,-0.47303185863166397,-0.226237952709198,0.9626323978391225,0.47303185863166397,0.24679390592246597,0.24679390592246597,0.7717790007591248,0.6678274306509486,0.10395157010817613,0.043793946504592896,0.7116213771555415,0.10395157010817613,0.06015762360358323,0.06015762360358323,0.6538347005844116,0.30879769725471085,0.06200379133224487,0.9181089401245117,0.2064875629689702,0.14632993936538696
363,1.0178089141845703,0.8881588590410068,0.12965005514356354,0.05283411219716072,0.9409929712381675,0.12965005514356354,0.07681594294640282,0.07681594294640282,1.0136003494262695,1.2629596957496527,-0.2493593463233832,-0.2542518973350525,1.0087077984146002,0.2493593463233832,0.004892551011669299,0.004892551011669299,1.0511125326156616,0.11011956137749412,0.03330361843109131,0.9896422028541565,0.019065595560443738,0.023958146572113037
364,1.0875380039215088,0.8207754954472197,0.26676250847428906,0.08686430007219315,0.9076397955194129,0.26676250847428906,0.17989820840209592,0.17989820840209592,1.5377445220947266,1.339395436522575,0.19834908557215147,-0.060697898268699646,1.2786975382538754,0.19834908557215147,0.2590469838408511,0.2590469838408511,1.08524751663208,0.1776077211126672,0.002290487289428711,1.5127274990081787,0.23402996075430327,0.02501702308654785
365,0.7510524988174438,0.7533921232333018,-0.0023396244158579993,0.12089449167251587,0.8742866149058177,0.0023396244158579993,0.12323411608837387,0.12323411608837387,1.7333526611328125,1.4158311870736686,0.3175214740591439,0.27926501631736755,1.6950962033910362,0.3175214740591439,0.03825645774177633,0.03825645774177633,0.7285895347595215,0.14569708014629623,0.022462964057922363,1.7882171869277954,0.09312098353675924,0.05486452579498291
366,1.1209867000579834,1.1289464183564082,-0.00795971829842479,0.026960698887705803,1.155907117244114,0.00795971829842479,0.03492041718613059,0.03492041718613059,0.8943647146224976,0.9002927259302448,-0.005928011307747227,0.11807528138160706,1.0183680073118517,0.005928011307747227,0.12400329268935428,0.12400329268935417,1.1318036317825317,0.024103485461582252,0.01081693172454834,0.7855348587036133,0.23283314860823845,0.10882985591888428
367,1.197713851928711,1.159589750867311,0.03812410106139996,0.0003699444932863116,1.1599596953605973,0.03812410106139996,0.03775415656811365,0.03775415656811365,0.4053630828857422,0.7702741883353404,-0.36491110544959826,-0.3268279731273651,0.44344621520797534,0.36491110544959826,0.03808313232223315,0.03808313232223315,1.2255011796951294,0.06554148433453211,0.027787327766418457,0.37703391909599304,0.0664122961119823,0.028329163789749146
368,1.2323535680770874,1.169804195037612,0.0625493730394755,0.006460564211010933,1.1762647592486228,0.0625493730394755,0.056088808828464565,0.056088808828464565,0.5221425890922546,0.7269346758037056,-0.204792086711451,-0.024667739868164062,0.7022669359355416,0.204792086711451,0.18012434684328693,0.18012434684328693,1.1949876546859741,0.018722895437351283,0.03736591339111328,0.5455678701400757,0.15669906579546589,0.023425281047821045
369,1.2896294593811035,1.1902330847910292,0.09939637459007433,0.041073109954595566,1.2313061947456247,0.09939637459007433,0.058323264635478766,0.058323264635478766,0.7656165361404419,0.6402556447459126,0.12536089139452933,0.03232333064079285,0.6725789753867054,0.12536089139452933,0.09303756075373648,0.09303756075373648,1.2767729759216309,0.04546678117600611,0.012856483459472656,0.7543952465057373,0.08181627111903189,0.01122128963470459
370,1.3094085454940796,1.2106619717188156,0.09874657377526397,0.10559406876564026,1.3162560404844559,0.09874657377526397,0.0068474949903762905,0.0068474949903762905,0.8064249753952026,0.5535766256771664,0.25284834971803627,0.04617321491241455,0.5997498405895809,0.25284834971803627,0.20667513480562172,0.20667513480562172,1.283876895904541,0.032379144579914865,0.025531649589538574,0.8091412782669067,0.20939143767732582,0.0027163028717041016
371,0.8667751550674438,0.9099504802115019,-0.043175325144058085,-0.024659734219312668,0.8852907459921893,0.043175325144058085,0.018515590924745418,0.018515590924745418,1.02194344997406,1.1487088907758705,-0.1267654408018104,-0.25291866064071655,0.8957902301351539,0.1267654408018104,0.12615321983890615,0.12615321983890615,0.8721305727958679,0.013160173196321345,0.005355417728424072,0.9423385858535767,0.04654835571842275,0.0796048641204834
372,0.8262448906898499,0.8425671166177149,-0.01632222592786503,-0.04054294526576996,0.8020241713519449,0.01632222592786503,0.024220719337904928,0.024220719337904928,1.1136337518692017,1.2251446315487926,-0.11151087967959095,-0.0559515655040741,1.1691930660447185,0.11151087967959095,0.05555931417551685,0.05555931417551685,0.8328909873962402,0.03086681604429531,0.006646096706390381,1.2270067930221558,0.05781372697743725,0.1133730411529541
373,0.7069521546363831,0.775183744403797,-0.06823158976741395,-0.05642616003751755,0.7187575843662795,0.06823158976741395,0.0118054297298964,0.0118054297298964,2.273285150527954,1.3015803820998864,0.9717047684280677,0.2874245345592499,1.5890049166591362,0.9717047684280677,0.6842802338688179,0.6842802338688179,0.669104278087616,0.04965330627866349,0.03784787654876709,2.3220808506011963,0.73307593394206,0.04879570007324219
374,1.0967493057250977,1.1518537808278444,-0.05510447510274674,0.026960698887705803,1.1788144797155502,0.05510447510274674,0.08206517399045254,0.08206517399045254,0.7797524929046631,0.9313866054680741,-0.15163411256341097,0.11807528138160706,1.0494618868496812,0.15163411256341097,0.26970939394501803,0.26970939394501814,1.1512386798858643,0.027575799829685943,0.0544893741607666,0.6365721225738525,0.4128897642758287,0.14318037033081055
375,1.2120029926300049,1.1927115575090481,0.019291435120956768,0.006460564211010933,1.199172121720059,0.019291435120956768,0.012830870909945835,0.012830870909945835,0.5646770596504211,0.7580285553415349,-0.19335149569111376,-0.024667739868164062,0.7333608154733708,0.19335149569111376,0.1686837558229497,0.1686837558229497,1.2218165397644043,0.02264441804434525,0.009813547134399414,0.5855291485786438,0.14783166689472704,0.020852088928222656
376,1.2730515003204346,1.2131404472624654,0.05991105305796918,0.041073109954595566,1.254213557217061,0.05991105305796918,0.01883794310337361,0.01883794310337361,0.8059489727020264,0.6713495242837418,0.13459944841828453,0.03232333064079285,0.7036728549245347,0.13459944841828453,0.10227611777749168,0.10227611777749168,1.1803745031356812,0.0738390540813798,0.09267699718475342,0.8342903852462769,0.13061753032174217,0.02834141254425049
377,1.2722432613372803,1.2233548907263585,0.04888837061092177,0.06959503889083862,1.2929499296171971,0.04888837061092177,0.02070666827991685,0.02070666827991685,0.8147059679031372,0.6280100147493688,0.1866959531537684,0.04088705778121948,0.6688970725305883,0.1866959531537684,0.14580889537254893,0.14580889537254893,1.242787480354309,0.05016244926288804,0.02945578098297119,0.906524121761322,0.23762704923073374,0.09181815385818481
378,1.2972593307495117,1.2335693341902518,0.06368999655925989,0.10559406876564026,1.339163402955892,0.06368999655925989,0.04190407220638037,0.04190407220638037,0.8193100690841675,0.5846705052149956,0.23463956386917184,0.04617321491241455,0.6308437201274102,0.23463956386917184,0.1884663489567573,0.1884663489567573,1.2785964012145996,0.06056700174129248,0.01866292953491211,1.0814287662506104,0.45058504612320016,0.26211869716644287
379,0.8253993391990662,0.9328578426829383,-0.10745850348387209,-0.024659734219312668,0.9081981084636256,0.10745850348387209,0.08279876926455942,0.08279876926455942,0.9402029514312744,1.1798027703136997,-0.23959981888242532,-0.25291866064071655,0.9268841096729832,0.23959981888242532,0.013318841758291233,0.013318841758291233,0.8578745126724243,0.05032359579120127,0.032475173473358154,1.1278618574142456,0.20097774774126242,0.1876589059829712
380,0.7840425372123718,0.8654744790891511,-0.08143194187677927,-0.04054294526576996,0.8249315338233811,0.08143194187677927,0.04088899661100931,0.04088899661100931,0.8874275088310242,1.256238511086622,-0.36881100225559793,-0.0559515655040741,1.200286945582548,0.36881100225559793,0.31285943675152383,0.31285943675152383,0.8125178217887878,0.012413712034593294,0.028475284576416016,0.958341121673584,0.24194582390896402,0.07091361284255981
381,0.6767778992652893,0.7980911068752332,-0.12131320760994391,-0.05642616003751755,0.7416649468377157,0.12131320760994391,0.06488704757242636,0.06488704757242636,2.2274272441864014,1.3326742616377156,0.8947529825486857,0.2874245345592499,1.6200987961969655,0.8947529825486857,0.6073284479894359,0.6073284479894359,0.6433159112930298,0.09834903554468588,0.03346198797225952,2.321014165878296,0.7009153696813304,0.09358692169189453
382,1.0606536865234375,1.1486910480586752,-0.08803736153523767,0.026960698887705803,1.175651746946381,0.08803736153523767,0.11499806042294347,0.11499806042294347,1.028668999671936,0.9562941337176751,0.0723748659542609,0.11807528138160706,1.0743694150992822,0.0723748659542609,0.04570041542734615,0.04570041542734615,1.1002413034439087,0.07541044350247228,0.03958761692047119,1.08762788772583,0.01325847262654789,0.05895888805389404
383,1.167428731918335,1.189548824739879,-0.022120092821544146,0.006460564211010933,1.19600938895089,0.022120092821544146,0.02858065703255508,0.02858065703255508,0.5543266534805298,0.782936083591136,-0.2286094301106062,-0.024667739868164062,0.7582683437229719,0.2286094301106062,0.20394169024244213,0.20394169024244213,1.153428554534912,0.04258083441597793,0.014000177383422852,0.5339617729187012,0.22430657080427074,0.020364880561828613
384,1.2257918119430542,1.2099777144932962,0.015814097449758036,0.041073109954595566,1.2510508244478917,0.015814097449758036,0.02525901250483753,0.02525901250483753,0.9082926511764526,0.6962570525333429,0.21203559864310972,0.03232333064079285,0.7285803831741358,0.21203559864310972,0.17971226800231688,0.17971226800231688,1.2400842905044556,0.010966533943436163,0.014292478561401367,0.7742202877998352,0.045639904625699446,0.13407236337661743
385,1.2622649669647217,1.2304066014210828,0.031858365543638856,0.10559406876564026,1.336000670186723,0.031858365543638856,0.0737357032220014,0.0737357032220014,0.9617742300033569,0.6095780334645967,0.3521961965387602,0.04617321491241455,0.6557512483770113,0.3521961965387602,0.30602298162634567,0.30602298162634567,1.2983927726745605,0.037607897512162536,0.03612780570983887,1.0587482452392578,0.40299699686224655,0.09697401523590088
386,0.769110918045044,0.9296951099137691,-0.1605841918687252,-0.024659734219312668,0.9050353756944565,0.1605841918687252,0.13592445764941252,0.13592445764941252,1.1446211338043213,1.204710298563301,-0.06008916475897963,-0.25291866064071655,0.9517916379225844,0.06008916475897963,0.19282949588173692,0.19282949588173692,0.7402328252792358,0.16480255041522063,0.028878092765808105,1.0534319877624512,0.1016403498398668,0.09118914604187012
387,0.7385690212249756,0.862311746319982,-0.12374272509500639,-0.04054294526576996,0.821768801054212,0.12374272509500639,0.08319977982923643,0.08319977982923643,1.2541556358337402,1.281146039336223,-0.02699040350248283,-0.0559515655040741,1.225194473832149,0.02699040350248283,0.028961162001591267,0.028961162001591267,0.7226262092590332,0.09914259179517881,0.015942811965942383,1.1011552810668945,0.12403919276525444,0.1530003547668457
388,0.6481022834777832,0.7949283741060641,-0.1468260906282809,-0.05642616003751755,0.7385022140685465,0.1468260906282809,0.09039993059076334,0.09039993059076334,2.2935221195220947,1.3575817898873166,0.9359403296347781,0.2874245345592499,1.6450063244465665,0.9359403296347781,0.6485157950755283,0.6485157950755283,0.6147899627685547,0.12371225129999186,0.033312320709228516,2.3175289630889893,0.6725226386424228,0.02400684356689453
389,1.1112308502197266,1.1141582886422214,-0.002927438422494877,0.026960698887705803,1.1411189875299272,0.002927438422494877,0.02988813731020068,0.02988813731020068,1.153120517730713,0.9178824250020495,0.23523809272866336,0.11807528138160706,1.0359577063836567,0.23523809272866336,0.1171628113470563,0.1171628113470562,1.127281904220581,0.013837083309346188,0.016051054000854492,1.181563377380371,0.1456056709967144,0.028442859649658203
390,1.2085888385772705,1.1550160653234254,0.05357277325384513,0.006460564211010933,1.1614766295344363,0.05357277325384513,0.0471122090428342,0.0471122090428342,0.5216056704521179,0.7445243748755104,-0.22291870442339246,-0.024667739868164062,0.7198566350073463,0.22291870442339246,0.1982509645552284,0.1982509645552284,1.1517547369003296,0.009721892634106721,0.05683410167694092,0.43282026052474976,0.28703637448259656,0.08878540992736816
391,1.2626347541809082,1.1754449550768424,0.08718979910406577,0.041073109954595566,1.216518065031438,0.08718979910406577,0.0461166891494702,0.0461166891494702,0.7968276739120483,0.6578453438177173,0.13898233009433103,0.03232333064079285,0.6901686744585102,0.13898233009433103,0.10665899945353818,0.10665899945353818,1.200179934501648,0.01633813052979005,0.062454819679260254,0.7955111265182495,0.10534245205973936,0.0013165473937988281
392,1.3046033382415771,1.195873842004629,0.10872949623694805,0.10559406876564026,1.3014679107702694,0.10872949623694805,0.0031354274713077945,0.0031354274713077945,0.8543999195098877,0.5711663247489711,0.2832335947609166,0.04617321491241455,0.6173395396613857,0.2832335947609166,0.23706037984850203,0.23706037984850203,1.2298545837402344,0.07161332703003498,0.07474875450134277,0.9299944043159485,0.3126548646545628,0.07559448480606079
393,0.791551947593689,0.8951623504973154,-0.10361040290362644,-0.024659734219312668,0.8705026162780027,0.10361040290362644,0.07895066868431377,0.07895066868431377,1.2064683437347412,1.1662985898476752,0.040169753887066006,-0.25291866064071655,0.9133799292069587,0.040169753887066006,0.29308841452778256,0.29308841452778256,0.8322882056236267,0.03821441065437603,0.040736258029937744,1.1130683422088623,0.19968841300190365,0.0934000015258789
394,0.7366262674331665,0.8277789869035282,-0.09115271947036174,-0.04054294526576996,0.7872360416377583,0.09115271947036174,0.050609774204591784,0.050609774204591784,1.3139333724975586,1.2427343306205973,0.07119904187696124,-0.0559515655040741,1.1867827651165233,0.07119904187696124,0.12715060738103534,0.12715060738103534,0.7919469475746155,0.00471090593685719,0.055320680141448975,1.433190941810608,0.24640817669408466,0.11925756931304932
395,0.6286928653717041,0.7603956146896104,-0.13170274931790626,-0.05642616003751755,0.7039694546520928,0.13170274931790626,0.07527658928038872,0.07527658928038872,0.3746822774410248,1.3191700811716909,-0.9444878037306661,0.2874245345592499,1.6065946157309408,0.9444878037306661,1.231912338289916,1.231912338289916,0.628044843673706,0.07592461097838676,0.0006480216979980469,0.15584911406040192,1.4507455016705388,0.21883316338062286
396,1.0742802619934082,1.1119528032727528,-0.03767254127934461,0.026960698887705803,1.1389135021604586,0.03767254127934461,0.06463324016705041,0.06463324016705041,0.6026329398155212,0.8499809581865138,-0.24734801837099252,0.11807528138160706,0.9680562395681208,0.24734801837099252,0.3654232997525996,0.3654232997525996,1.088281512260437,0.0506319899000216,0.014001250267028809,0.6382738947868347,0.3297823447812861,0.03564095497131348
397,1.1804654598236084,1.1528105799539565,0.02765487986965187,0.006460564211010933,1.1592711441649675,0.02765487986965187,0.02119431565864094,0.02119431565864094,0.46430057287216187,0.6766229080599746,-0.21232233518781274,-0.024667739868164062,0.6519551681918105,0.21232233518781274,0.18765459531964868,0.18765459531964868,1.2099487781524658,0.05067763398749836,0.029483318328857422,0.4730679988861084,0.17888716930570214,0.008767426013946533
398,1.2116668224334717,1.1732394697073738,0.038427352726097874,0.041073109954595566,1.2143125796619694,0.038427352726097874,0.0026457572284976916,0.0026457572284976916,0.5777400135993958,0.5899438770021815,-0.012203863402785786,0.03232333064079285,0.6222672076429744,0.012203863402785786,0.04452719404357863,0.04452719404357863,1.2097119092941284,0.004600670367840953,0.0019549131393432617,0.5877969861030579,0.034470221539916523,0.01005697250366211
399,1.2095494270324707,1.1936683566351602,0.01588107039731046,0.10559406876564026,1.2992624254008005,0.01588107039731046,0.0897129983683298,0.0897129983683298,0.6038565635681152,0.5032648579334353,0.1005917056346799,0.04617321491241455,0.5494380728458499,0.1005917056346799,0.054418490722265345,0.054418490722265345,1.2297465801239014,0.06951584527689914,0.020197153091430664,0.6333019137382507,0.08386384089240084,0.029445350170135498
400,0.7902460098266602,0.8929568651278466,-0.1027108553011864,-0.024659734219312668,0.8682971309085339,0.1027108553011864,0.07805112108187373,0.07805112108187373,0.7143192291259766,1.0983971230321394,-0.38407789390616287,-0.25291866064071655,0.8454784623914229,0.38407789390616287,0.13115923326544632,0.13115923326544632,0.8059915900230408,0.062305540885493116,0.015745580196380615,0.647357702255249,0.19812076013617386,0.06696152687072754
401,0.7392300963401794,0.8255735015340595,-0.08634340519388006,-0.04054294526576996,0.7850305562682895,0.08634340519388006,0.045800459928110104,0.045800459928110104,0.7126122713088989,1.1748328638050616,-0.46222059249616265,-0.0559515655040741,1.1188812983009875,0.46222059249616265,0.40626902699208856,0.40626902699208856,0.8084402680397034,0.02340971177141382,0.06921017169952393,0.6545055508613586,0.46437574743962884,0.05810672044754028
402,0.6542024612426758,0.7581901293201416,-0.10398766807746584,-0.05642616003751755,0.7017639692826241,0.10398766807746584,0.0475615080399483,0.0475615080399483,2.224947690963745,1.2512686143561553,0.9736790766075898,0.2874245345592499,1.5386931489154052,0.9736790766075898,0.6862545420483399,0.6862545420483399,0.6534757018089294,0.048288267473694635,0.0007267594337463379,2.3177781105041504,0.7790849615887452,0.09283041954040527
403,1.0967875719070435,1.146554803986408,-0.04976723207936451,0.026960698887705803,1.1735155028741138,0.04976723207936451,0.07672793096707031,0.07672793096707031,0.7794907093048096,0.9099706620714982,-0.13047995276668867,0.11807528138160706,1.0280459434531053,0.13047995276668867,0.24855523414829572,0.24855523414829572,1.131553053855896,0.04196244901821777,0.03476548194885254,0.7397056221961975,0.2883403212569078,0.03978508710861206
404,1.212012767791748,1.187412580667612,0.02460018712413614,0.006460564211010933,1.1938731448786228,0.02460018712413614,0.01813962291312521,0.01813962291312521,0.5626335740089417,0.736612611944959,-0.17397903793601732,-0.024667739868164062,0.7119448720767949,0.17397903793601732,0.14931129806785326,0.14931129806785326,1.25099778175354,0.0571246368749172,0.03898501396179199,0.5573664903640747,0.1545783817127202,0.005267083644866943
405,1.2575047016143799,1.1976270250733818,0.05987767654099807,0.020028285682201385,1.2176553107555832,0.05987767654099807,0.039849390858796685,0.039849390858796685,0.7448498606681824,0.693273098414237,0.05157676225394536,0.016218602657318115,0.7094917010715551,0.05157676225394536,0.03535815959662725,0.03535815959662725,1.3159867525100708,0.0983314417544876,0.05848205089569092,0.5650914311408997,0.14440026993065547,0.17975842952728271
406,1.2730069160461426,1.207841470421029,0.06516544562511362,0.041073109954595566,1.2489145803756245,0.06516544562511362,0.02409233567051805,0.02409233567051805,0.8045638203620911,0.649933580887166,0.15463023947492505,0.03232333064079285,0.6822569115279589,0.15463023947492505,0.1223069088341322,0.1223069088341322,1.3284128904342651,0.07949831005864061,0.05540597438812256,0.7427172660827637,0.06046035455480481,0.06184655427932739
407,1.2721469402313232,1.2180559138849223,0.05409102634640095,0.06959503889083862,1.287650952775761,0.05409102634640095,0.015504012544437673,0.015504012544437673,0.8135660886764526,0.6065940713527929,0.20697201732365977,0.04088705778121948,0.6474811291340123,0.20697201732365977,0.1660849595424403,0.1660849595424403,1.371567726135254,0.08391677335949299,0.09942078590393066,0.7821590900421143,0.1346779609081019,0.03140699863433838
408,1.2970492839813232,1.2282703573488156,0.06877892663250762,0.10559406876564026,1.3338644261144559,0.06877892663250762,0.03681514213313264,0.03681514213313264,0.818149983882904,0.5632545618184197,0.25489542206448434,0.04617321491241455,0.6094277767308343,0.25489542206448434,0.2087222071520698,0.2087222071520698,1.3928279876708984,0.058963561556442556,0.0957787036895752,0.6933579444885254,0.08393016775769113,0.12479203939437866
409,0.8246616125106812,0.9275588658415018,-0.10289725333082067,-0.024659734219312668,0.9028991316221892,0.10289725333082067,0.078237519111508,0.078237519111508,0.9403744339942932,1.1583868269171238,-0.2180123929228306,-0.25291866064071655,0.9054681662764072,0.2180123929228306,0.034906267717885964,0.034906267717885964,0.8682199716567993,0.03467915996538984,0.043558359146118164,0.9496997594833374,0.04423159320693015,0.00932532548904419
410,0.7824194431304932,0.8601755022477147,-0.0777560591172215,-0.04054294526576996,0.8196325569819447,0.0777560591172215,0.03721311385145154,0.03721311385145154,0.8902478218078613,1.2348225676900462,-0.34457474588218484,-0.0559515655040741,1.178871002185972,0.34457474588218484,0.28862318037811074,0.28862318037811074,0.7515227198600769,0.0681098371218678,0.03089672327041626,0.8038985133171082,0.3749724888688639,0.08634930849075317
411,0.674360454082489,0.7927921300337969,-0.11843167595130788,-0.05642616003751755,0.7363659699962793,0.11843167595130788,0.06200551591379033,0.06200551591379033,2.2283427715301514,1.3112583182411397,0.9170844532890117,0.2874245345592499,1.5986828528003896,0.9170844532890117,0.6296599187297618,0.6296599187297618,0.6493976712226868,0.08696829877359258,0.024962782859802246,2.0317230224609375,0.4330401696605479,0.19661974906921387
412,1.1682528257369995,1.1323610307069911,0.03589179503000839,0.026960698887705803,1.159321729594697,0.03589179503000839,0.008931096142302586,0.008931096142302586,0.1568055897951126,0.5022227853249189,-0.3454171955298063,0.11807528138160706,0.620298066706526,0.3454171955298063,0.4634924769114134,0.4634924769114134,1.211353063583374,0.0520313339886771,0.04310023784637451,0.027488157153129578,0.5928099095533964,0.12931743264198303
413,1.2681857347488403,1.183433251793965,0.08475248295487536,0.020028285682201385,1.2034615374761664,0.08475248295487536,0.06472419727267398,0.06472419727267398,0.12008804082870483,0.2855252216676576,-0.16543718083895276,0.016218602657318115,0.3017438243249757,0.16543718083895276,0.18165578349627087,0.18165578349627087,1.057045340538025,0.14641619693814145,0.21114039421081543,0.09064547717571259,0.21109834714926312,0.02944256365299225
414,1.28574538230896,1.1936476971416121,0.09209768516734784,0.041073109954595566,1.2347208070962077,0.09209768516734784,0.05102457521275228,0.05102457521275228,0.10834628343582153,0.2421857041405866,-0.13383942070476507,0.03232333064079285,0.27450903478137945,0.13383942070476507,0.1661627513455579,0.1661627513455579,1.3235411643981934,0.08882035730198568,0.0377957820892334,0.07313018292188644,0.201378851859493,0.03521610051393509
415,1.2837142944335938,1.2038621406055054,0.0798521538280883,0.06959503889083862,1.273457179496344,0.0798521538280883,0.010257114937249678,0.010257114937249678,0.10839977860450745,0.19884619460621367,-0.09044641600170622,0.04088705778121948,0.23973325238743315,0.09044641600170622,0.1313334737829257,0.1313334737829257,1.3702048063278198,0.09674762683147575,0.08649051189422607,0.08685058355331421,0.15288266883411894,0.021549195051193237
416,1.3404150009155273,1.2140765840693986,0.1263384168461288,0.10559406876564026,1.3196706528350388,0.1263384168461288,0.02074434808048853,0.02074434808048853,0.11343413591384888,0.1555066850718405,-0.042072549157991634,0.04617321491241455,0.20167989998425506,0.042072549157991634,0.08824576407040619,0.08824576407040619,1.4618161916732788,0.14214553883824,0.12140119075775146,0.060867343097925186,0.14081255688632988,0.05256679281592369
417,0.7449408173561096,0.7785983567543799,-0.03365753939827032,-0.05642616003751755,0.7221721967168624,0.03365753939827032,0.022768620639247228,0.022768620639247228,0.1600797474384308,0.9035104414945604,-0.7434306940561296,0.2874245345592499,1.1909349760538102,0.7434306940561296,1.0308552286153794,1.0308552286153794,0.8269925117492676,0.10482031503240519,0.08205169439315796,0.04814998432993889,1.1427849917238713,0.1119297631084919
418,0.9595769643783569,1.1508685570704413,-0.1912915926920844,-0.1394813507795334,1.011387206290908,0.1912915926920844,0.051810241912551014,0.051810241912551014,2.4390649795532227,1.4577840196128349,0.9812809599403878,0.8793720006942749,2.33715602030711,0.9812809599403878,0.10190895924611287,0.10190895924611265,0.9981657266616821,0.013221479629225819,0.038588762283325195,2.370220184326172,0.03306416401906187,0.06884479522705078
419,1.0324223041534424,1.191726333751645,-0.15930402959820267,-0.0334237702190876,1.1583025635325574,0.15930402959820267,0.12588025937911507,0.12588025937911507,0.989341139793396,1.2844259694862956,-0.2950848296928996,-0.34014350175857544,0.9442824677277202,0.2950848296928996,0.04505867206567582,0.04505867206567582,1.1498429775238037,0.008459586008753739,0.11742067337036133,1.0021077394485474,0.05782527172082719,0.012766599655151367
420,1.049798846244812,1.2121552235050623,-0.16235637726025032,-0.21249201893806458,0.9996632045669978,0.16235637726025032,0.05013564167781426,0.05013564167781426,1.048285722732544,1.1977469384285027,-0.14946121569595872,-0.05144160985946655,1.146305328569036,0.14946121569595872,0.09801960583649216,0.09801960583649216,1.2979117631912231,0.2982485586242254,0.24811291694641113,1.3551952838897705,0.2088899553207344,0.30690956115722656
421,0.7010619640350342,1.2325841104328488,-0.5315221463978146,-0.5462915897369385,0.6862925206959103,0.5315221463978146,0.014769443339123889,0.014769443339123889,1.0628951787948608,1.1110679193597566,-0.04817274056489573,0.008122682571411133,1.1191906019311677,0.04817274056489573,0.056295423136306866,0.056295423136306866,0.6246817708015442,0.0616107498943661,0.07638019323348999,0.907835841178894,0.21135476075227366,0.1550593376159668
422,1.1267943382263184,0.9318726189255352,0.19492171930078317,0.1275773048400879,1.059449923765623,0.19492171930078317,0.06734441446069528,0.06734441446069539,1.2536574602127075,1.7062001844584607,-0.45254272424575315,-0.3569199740886688,1.3492802103697918,0.45254272424575315,0.09562275015708432,0.09562275015708432,1.1770488023757935,0.11759887861017049,0.0502544641494751,1.269914984703064,0.07936522566672788,0.016257524490356445
423,1.129111886024475,0.864489255331748,0.26462263069272707,0.20974920690059662,1.0742384622323446,0.26462263069272707,0.05487342379213045,0.05487342379213045,1.2486456632614136,1.7826359252313828,-0.5339902619699692,-0.42619845271110535,1.3564374725202775,0.5339902619699692,0.10779180925886389,0.10779180925886389,1.1196887493133545,0.045450287081009844,0.009423136711120605,1.1841908693313599,0.1722466031889176,0.06445479393005371
424,1.1316146850585938,0.7971058831178303,0.3345088019407635,0.29192113876342773,1.0890270218812579,0.3345088019407635,0.042587663177335755,0.042587663177335866,1.264639973640442,1.8590716757824763,-0.5944317021420344,-0.34906792640686035,1.510003749375616,0.5944317021420344,0.2453637757351741,0.2453637757351741,1.150686502456665,0.061659480575407155,0.01907181739807129,1.2322057485580444,0.27779800081757156,0.03243422508239746
425,0.954762876033783,1.1218417748769922,-0.16707889884320926,-0.1394813507795334,0.9823604240974588,0.16707889884320926,0.02759754806367587,0.02759754806367587,2.440894365310669,1.371846523860722,1.069047841449947,0.8793720006942749,2.251218524554997,1.069047841449947,0.189675840755672,0.189675840755672,0.9835015535354614,0.0011411294380025971,0.028738677501678467,2.5125417709350586,0.26132324638006166,0.07164740562438965
426,1.0412237644195557,1.1729139959639663,-0.13169023154441062,-0.10361646860837936,1.069297527355587,0.13169023154441062,0.028073762936031255,0.028073762936031255,1.0396192073822021,1.1551489602034608,-0.11552975282125866,-0.1284041553735733,1.0267448048298875,0.11552975282125866,0.012874402552314645,0.012874402552314645,0.5251955986022949,0.544101928753292,0.5160281658172607,1.5275611877441406,0.5008163829142531,0.4879419803619385
427,1.044175148010254,1.1933428847755065,-0.14916773676525263,-0.36005041003227234,0.8332924747432342,0.14916773676525263,0.2108826732670197,0.2108826732670197,1.0488834381103516,1.0684699331420167,-0.019586495031665097,-0.01359286904335022,1.0548770640986664,0.019586495031665097,0.005993625988314877,0.005993625988314877,1.2242894172668457,0.3909969425236115,0.1801142692565918,0.9004960656166077,0.15438099848205877,0.1483873724937439
428,0.6981772184371948,1.2035573282393996,-0.5053801098022048,-0.5462915897369385,0.6572657385024612,0.5053801098022048,0.04091147993473365,0.04091147993473365,1.0643422603607178,1.0251304236076435,0.03921183675307427,0.008122682571411133,1.0332531061790546,0.03921183675307427,0.031089154181663137,0.031089154181663137,0.6726825833320618,0.015416844829600596,0.025494635105133057,0.8764030933380127,0.15685001284104194,0.18793916702270508
429,1.1273490190505981,0.9028458367320861,0.22450318231851207,0.1275773048400879,1.0304231415721739,0.22450318231851207,0.09692587747842418,0.0969258774784243,1.2673907279968262,1.6202626887063476,-0.3528719607095214,-0.3569199740886688,1.2633427146176788,0.3528719607095214,0.004048013379147397,0.004048013379147397,1.2069199085235596,0.17649676695138572,0.07957088947296143,1.3912749290466309,0.12793221442895208,0.12388420104980469
430,1.1294220685958862,0.835462473138299,0.2939595954575872,0.20974920690059662,1.0452116800388955,0.2939595954575872,0.08421038855699059,0.0842103885569907,1.2613471746444702,1.6966984294792697,-0.43535125483479953,-0.42619845271110535,1.2704999767681644,0.43535125483479953,0.009152802123694181,0.009152802123694181,1.1788959503173828,0.13368427027848728,0.04947388172149658,1.3362367153167725,0.06573673854860806,0.07488954067230225
431,1.1308199167251587,0.7680791009243811,0.36274081580077755,0.29192113876342773,1.0600002396878088,0.36274081580077755,0.07081967703734982,0.07081967703734993,1.270206332206726,1.7731341800303635,-0.5029278478236374,-0.34906792640686035,1.4240662536235031,0.5029278478236374,0.15385992141677707,0.15385992141677707,0.9019179344177246,0.15808230527008416,0.22890198230743408,1.2188559770584106,0.2052102765650925,0.05135035514831543
432,1.03709077835083,1.1116273263061687,-0.0745365479553386,-0.1394813507795334,0.9721459755266353,0.0745365479553386,0.06494480282419479,0.06494480282419479,2.4837377071380615,1.2782811575192188,1.2054565496188427,0.8793720006942749,2.1576531582134937,1.2054565496188427,0.32608454892456784,0.32608454892456784,0.9995506405830383,0.027404665056403044,0.03754013776779175,2.4741287231445312,0.31647556493103757,0.009608983993530273
433,1.1869882345199585,1.1524851029873724,0.03450313153258611,-0.0334237702190876,1.1190613327682848,0.03450313153258611,0.06792690175167371,0.06792690175167371,0.9993759393692017,1.1049231073926795,-0.10554716802347786,-0.34014350175857544,0.7647796056341041,0.10554716802347786,0.23459633373509758,0.23459633373509758,1.1404014825820923,0.021340149813807496,0.04658675193786621,1.0617947578430176,0.2970151522089135,0.06241881847381592
434,1.2345716953277588,1.1831284362046828,0.05144325912307601,-0.36005041003227234,0.8230780261724104,0.05144325912307601,0.41149366915534835,0.41149366915534835,1.084502935409546,0.9749045668005134,0.10959836860903249,-0.01359286904335022,0.9613116977571632,0.10959836860903249,0.12319123765238271,0.12319123765238271,1.2582015991210938,0.4351235729486833,0.02362990379333496,0.830942690372467,0.13036900738469615,0.25356024503707886
435,0.6626958847045898,1.193342879668576,-0.5306469949639863,-0.5462915897369385,0.6470512899316376,0.5306469949639863,0.015644594772952214,0.015644594772952214,1.122010350227356,0.9315650572661403,0.1904452929612157,0.008122682571411133,0.9396877398375514,0.1904452929612157,0.18232261038980457,0.18232261038980457,0.6513463258743286,0.004295035942690983,0.01134955883026123,1.2809898853302002,0.3413021454926488,0.15897953510284424
436,1.183591365814209,0.8926313881612624,0.29095997765294657,0.1275773048400879,1.0202086930013503,0.29095997765294657,0.16338267281285868,0.16338267281285868,1.4000279903411865,1.5266973223648443,-0.12666933202365782,-0.3569199740886688,1.1697773482761755,0.12666933202365782,0.230250642065011,0.230250642065011,1.2069405317306519,0.18673183872930155,0.02334916591644287,1.3600343465805054,0.19025699830432985,0.03999364376068115
437,1.184791088104248,0.8252480245674753,0.3595430635367728,0.20974920690059662,1.034997231468072,0.3595430635367728,0.14979385663617617,0.14979385663617606,1.4060157537460327,1.6031330631377665,-0.19711730939173377,-0.42619845271110535,1.1769346104266611,0.19711730939173377,0.22908114331937157,0.22908114331937157,1.167869210243225,0.1328719787751531,0.01692187786102295,1.382110834121704,0.20517622369504296,0.023904919624328613
438,1.1857399940490723,0.7578646523535574,0.4278753416955149,0.29192113876342773,1.0497857911169852,0.4278753416955149,0.13595420293208715,0.13595420293208704,1.422824740409851,1.6795688136888602,-0.25674407327900917,-0.34906792640686035,1.3305008872819999,0.25674407327900917,0.09232385312785119,0.09232385312785119,1.2557642459869385,0.20597845486995325,0.07002425193786621,1.4680589437484741,0.13755805646647423,0.04523420333862305
439,0.9993544220924377,1.1945774976994752,-0.19522307560703744,-0.1394813507795334,1.0550961469199418,0.19522307560703744,0.05574172482750406,0.05574172482750406,2.436807632446289,1.417193386605277,1.019614245841012,0.8793720006942749,2.2965653872995517,1.019614245841012,0.1402422451467371,0.14024224514673733,1.0083976984024048,0.04669844851753702,0.009043276309967041,2.4207303524017334,0.12416496510218167,0.016077280044555664
440,1.1400172710418701,1.235435274380679,-0.09541800333880879,-0.0334237702190876,1.2020115041615913,0.09541800333880879,0.06199423311972119,0.06199423311972119,0.9909394979476929,1.2438353364787376,-0.2528958385310447,-0.34014350175857544,0.9036918347201621,0.2528958385310447,0.08724766322753075,0.08724766322753075,1.1354707479476929,0.06654075621389843,0.004546523094177246,1.0308343172073364,0.1271424824871743,0.039894819259643555
441,1.182016134262085,1.255864164134096,-0.073848029872011,-0.21249201893806458,1.0433721451960314,0.073848029872011,0.13864398906605357,0.13864398906605357,1.0775582790374756,1.1571563054209446,-0.07959802638346902,-0.05144160985946655,1.105714695561478,0.07959802638346902,0.02815641652400247,0.02815641652400247,1.2521723508834839,0.2088002056874525,0.07015621662139893,1.0596106052398682,0.04610409032160989,0.017947673797607422
442,0.6623016595840454,1.2762930510618826,-0.6139913914778372,-0.5462915897369385,0.7300014613249441,0.6139913914778372,0.06769980174089874,0.06769980174089874,1.107234001159668,1.0704772863521985,0.03675671480746945,0.008122682571411133,1.0785999689236097,0.03675671480746945,0.028634032236058315,0.028634032236058315,0.6611726880073547,0.06882877331758941,0.0011289715766906738,0.9199205636978149,0.1586794052257947,0.18731343746185303
443,1.1736059188842773,0.9755815595545689,0.1980243593297084,0.1275773048400879,1.1031588643946568,0.1980243593297084,0.07044705448962052,0.07044705448962052,1.3335952758789062,1.6656095514509026,-0.33201427557199636,-0.3569199740886688,1.3086895773622338,0.33201427557199636,0.02490569851667246,0.02490569851667246,1.141283631324768,0.03812476693011124,0.03232228755950928,1.2276859283447266,0.08100364901750723,0.10590934753417969
444,1.174443006515503,0.9081981959607818,0.26624481055472116,0.20974920690059662,1.1179474028613785,0.26624481055472116,0.05649560365412454,0.05649560365412443,1.3743820190429688,1.7420452922238248,-0.367663273180856,-0.42619845271110535,1.3158468395127194,0.367663273180856,0.05853517953024934,0.05853517953024934,1.1568409204483032,0.03889351758692472,0.017602086067199707,1.259538173675537,0.0563086658371823,0.11484384536743164
445,1.1739275455474854,0.840814823746864,0.33311272180062135,0.29192113876342773,1.1327359625102917,0.33311272180062135,0.04119158303719361,0.04119158303719361,1.4034788608551025,1.8184810427749185,-0.41500218191981597,-0.34906792640686035,1.4694131163680582,0.41500218191981597,0.06593425551295562,0.06593425551295562,1.046692132949829,0.08604382956046264,0.12723541259765625,1.3061625957489014,0.1632505206191568,0.09731626510620117
446,0.9968661069869995,1.1677802814219072,-0.17091417443490764,-0.1394813507795334,1.0282989306423738,0.17091417443490764,0.031432823655374253,0.031432823655374253,2.439363956451416,1.2099893623290692,1.2293745941223468,0.8793720006942749,2.089361363023344,1.2293745941223468,0.35000259342807194,0.35000259342807194,0.9868061542510986,0.04149277639127513,0.010059952735900879,2.4787240028381348,0.3893626398147907,0.03936004638671875
447,1.1379420757293701,1.2086380581031109,-0.07069598237374075,-0.0334237702190876,1.1752142878840233,0.07069598237374075,0.03727221215465315,0.03727221215465315,0.9915046691894531,1.03663131220253,-0.045126643013076784,-0.34014350175857544,0.6964878104439545,0.045126643013076784,0.29501685874549866,0.29501685874549866,1.0632153749465942,0.11199891293742903,0.07472670078277588,1.0894874334335327,0.39299962298957825,0.09798276424407959
448,1.1801505088806152,1.229066947856528,-0.04891643897591269,-0.21249201893806458,1.0165749289184633,0.04891643897591269,0.16357557996215188,0.16357557996215188,1.0782644748687744,0.9499522811447371,0.12831219372403735,-0.05144160985946655,0.8985106712852705,0.12831219372403735,0.1797538035835039,0.1797538035835039,1.2624707221984863,0.24589579328002298,0.0823202133178711,1.1560238599777222,0.25751318869245166,0.07775938510894775
449,0.6617145538330078,1.2494958347843146,-0.5877812809513068,-0.5462915897369385,0.7032042450473761,0.5877812809513068,0.041489691214368296,0.041489691214368296,1.108604907989502,0.863273262075991,0.24533164591351098,0.008122682571411133,0.8713959446474021,0.24533164591351098,0.23720896334209984,0.23720896334209984,0.6703888773918152,0.03281536765556092,0.008674323558807373,1.421487808227539,0.550091863580137,0.3128829002380371
450,1.1740152835845947,0.9487843432770009,0.22523094030759383,0.1275773048400879,1.0763616481170888,0.22523094030759383,0.09765363546750594,0.09765363546750594,1.3305479288101196,1.458405527174695,-0.12785759836457533,-0.3569199740886688,1.1014855530860261,0.12785759836457533,0.2290623757240935,0.2290623757240935,1.2351897954940796,0.1588281473769908,0.06117451190948486,1.3389003276824951,0.23741477459646898,0.008352398872375488
451,1.1748214960098267,0.8814009796832137,0.2934205163266129,0.20974920690059662,1.0911501865838105,0.2934205163266129,0.0836713094260163,0.0836713094260162,1.3523383140563965,1.534841267947617,-0.18250295389122062,-0.42619845271110535,1.1086428152365118,0.18250295389122062,0.24369549881988473,0.24369549881988473,1.2272742986679077,0.13612411208409725,0.052452802658081055,1.4035934209823608,0.2949506057458491,0.051255106925964355
452,1.1733624935150146,0.814017607469296,0.3593448860457187,0.29192113876342773,1.1059387462327237,0.3593448860457187,0.06742374728229095,0.06742374728229095,1.3990370035171509,1.6112770184987106,-0.21224001498155975,-0.34906792640686035,1.2622090920918503,0.21224001498155975,0.1368279114253006,0.1368279114253006,1.308494210243225,0.2025554640105014,0.13513171672821045,1.6631836891174316,0.40097459702558136,0.26414668560028076
453,0.5618447065353394,0.6457639524202666,-0.08391924588492727,-0.0,0.6457639524202666,0.08391924588492727,0.08391924588492727,0.08391924588492727,2.6796085834503174,1.7900404430027705,0.8895681404475468,0.8793720006942749,2.6694124436970457,0.8895681404475468,0.010196139753271938,0.010196139753271716,0.5156216621398926,0.13014229028037405,0.04622304439544678,2.899935245513916,0.23052280181687035,0.22032666206359863
454,0.9450309872627258,0.6866217291014705,0.2584092581612554,-0.0,0.6866217291014705,0.2584092581612554,0.2584092581612554,0.2584092581612554,1.2183600664138794,1.6166823928762313,-0.3983223264623519,-0.34014350175857544,1.2765388911176558,0.3983223264623519,0.058178824703776444,0.058178824703776444,1.0957058668136597,0.4090841377121892,0.15067487955093384,1.1119511127471924,0.16458777837046346,0.10640895366668701
455,0.6837546825408936,0.7172650623187808,-0.03351037977788729,-0.0,0.7172650623187808,0.03351037977788729,0.03351037977788729,0.03351037977788729,1.3538241386413574,1.4866638522840652,-0.13283971364270775,-0.01359286904335022,1.473070983240715,0.13283971364270775,0.11924684459935753,0.11924684459935753,0.5999325513839722,0.11733251093480868,0.08382213115692139,1.4931340217590332,0.020063038518318255,0.13930988311767578
456,0.6082702279090881,0.7274795057826742,-0.11920927787358604,-0.0,0.7274795057826742,0.11920927787358604,0.11920927787358604,0.11920927787358604,1.522067904472351,1.4433243427496922,0.07874356172265884,0.008122682571411133,1.4514470253211034,0.07874356172265884,0.0706208791512477,0.0706208791512477,0.5995276570320129,0.12795184875066123,0.008742570877075195,1.7747009992599487,0.32325397393884536,0.25263309478759766
457,0.4597729742527008,0.4267680142753605,0.03300495997734032,0.0,0.4267680142753605,0.03300495997734032,0.03300495997734032,0.03300495997734032,1.8770544528961182,2.038456607848396,-0.16140215495227794,-0.3569199740886688,1.6815366337597273,0.16140215495227794,0.19551781913639088,0.19551781913639088,0.4651724398136139,0.038404425538253406,0.005399465560913086,1.748722791671753,0.06718615791202565,0.12833166122436523
458,0.45977193117141724,0.3593846506815734,0.10038728048984386,0.0,0.3593846506815734,0.10038728048984386,0.10038728048984386,0.10038728048984386,1.8770570755004883,2.1148923486213187,-0.23783527312083041,-0.42619845271110535,1.6886938959102133,0.23783527312083041,0.18836317959027493,0.18836317959027493,0.5596052408218384,0.200220590140265,0.09983330965042114,2.1194562911987305,0.4307623952885171,0.2423992156982422
459,0.4597732126712799,0.29200127846765545,0.16777193420362446,0.0,0.29200127846765545,0.16777193420362446,0.16777193420362446,0.16777193420362446,1.8770594596862793,2.191328099172412,-0.3142686394861327,-0.34906792640686035,1.8422601727655517,0.3142686394861327,0.034799286920727646,0.034799286920727646,0.266146719455719,0.02585455901193645,0.1936264932155609,1.791126012802124,0.05113415996342763,0.08593344688415527
460,0.4862382113933563,0.6336112620216441,-0.14737305062828776,-0.0,0.6336112620216441,0.14737305062828776,0.14737305062828776,0.14737305062828776,2.6491291522979736,1.7540608510332523,0.8950683012647214,0.8793720006942749,2.633432851727527,0.8950683012647214,0.015696300570446464,0.015696300570446464,0.5188804268836975,0.11473083513794657,0.032642215490341187,2.609800100326538,0.023632751400989083,0.03932905197143555
461,0.5674519538879395,0.6744690387028478,-0.10701708481490835,-0.0,0.6744690387028478,0.10701708481490835,0.10701708481490835,0.10701708481490835,1.2400379180908203,1.580702800906713,-0.3406648828158927,-0.34014350175857544,1.2405592991481376,0.3406648828158927,0.0005213810573172495,0.0005213810573172495,0.5454550385475159,0.12901400015533193,0.021996915340423584,1.3656705617904663,0.12511126264232875,0.125632643699646
462,0.5912730693817139,0.694897928456265,-0.1036248590745511,-0.0,0.694897928456265,0.1036248590745511,0.1036248590745511,0.1036248590745511,1.3719874620437622,1.49402376984892,-0.12203630780515784,-0.05144160985946655,1.4425821599894535,0.12203630780515784,0.07059469794569129,0.07059469794569129,0.62716144323349,0.06773648522277498,0.03588837385177612,1.3352313041687012,0.10735085582075232,0.036756157875061035
463,0.6422876119613647,0.7153268153840515,-0.07303920342268677,-0.0,0.7153268153840515,0.07303920342268677,0.07303920342268677,0.07303920342268677,1.5394854545593262,1.4073447507801737,0.13214070377915244,0.008122682571411133,1.4154674333515849,0.13214070377915244,0.1240180212077413,0.1240180212077413,0.6338096857070923,0.08151712967695923,0.008477926254272461,1.5473811626434326,0.13191372929184775,0.007895708084106445
464,0.41343316435813904,0.41461532387673783,-0.001182159518598791,0.0,0.41461532387673783,0.001182159518598791,0.001182159518598791,0.001182159518598791,1.869343876838684,2.0024770158788776,-0.13313313904019353,-0.3569199740886688,1.6455570417902088,0.13313313904019353,0.2237868350484753,0.2237868350484753,0.438892662525177,0.024277338648439173,0.025459498167037964,1.662088394165039,0.016531352374830277,0.20725548267364502
465,0.4134054183959961,0.3472319602829507,0.06617345811304537,0.0,0.3472319602829507,0.06617345811304537,0.06617345811304537,0.06617345811304537,1.869341254234314,2.0789127566518,-0.20957150241748623,-0.42619845271110535,1.6527143039406949,0.20957150241748623,0.2166269502936191,0.2166269502936191,0.5526754260063171,0.20544346572336641,0.13927000761032104,2.1118106842041016,0.4590963802634067,0.2424694299697876
466,0.41337090730667114,0.2798485880690328,0.13352231923763835,0.0,0.2798485880690328,0.13352231923763835,0.13352231923763835,0.13352231923763835,1.8693386316299438,2.155348507202894,-0.2860098755729501,-0.34906792640686035,1.8062805807960336,0.2860098755729501,0.06305805083391025,0.06305805083391025,0.24391494691371918,0.03593364115531361,0.16945596039295197,1.808714747428894,0.002434166632860446,0.060623884201049805
467,0.515720784664154,0.6221955645623268,-0.10647477989817278,-0.0,0.6221955645623268,0.10647477989817278,0.10647477989817278,0.10647477989817278,2.5583229064941406,1.72026322078339,0.8380596857107507,0.8793720006942749,2.599635221477665,0.8380596857107507,0.04131231498352417,0.04131231498352417,0.5063173770904541,0.11587818747187273,0.009403407573699951,2.6465251445770264,0.046889923099361575,0.08820223808288574
468,0.531970739364624,0.6630533412435305,-0.13108260187890652,-0.0,0.6630533412435305,0.13108260187890652,0.13108260187890652,0.13108260187890652,1.2141101360321045,1.5469051706568506,-0.33279503462474613,-0.34014350175857544,1.2067616688982752,0.33279503462474613,0.007348467133829306,0.007348467133829306,0.5409334897994995,0.12211985144403104,0.008962750434875488,1.331709623336792,0.1249479544385168,0.1175994873046875
469,0.6088376641273499,0.6834822309969477,-0.07464456686959786,-0.0,0.6834822309969477,0.07464456686959786,0.07464456686959786,0.07464456686959786,1.3349921703338623,1.4602261395990574,-0.12523396926519514,-0.05144160985946655,1.408784529739591,0.12523396926519514,0.07379235940572859,0.07379235940572859,0.6108059883117676,0.07267624268518014,0.0019683241844177246,1.3217034339904785,0.08708109574911238,0.013288736343383789
470,0.6449618339538574,0.7039111179247344,-0.05894928397087695,-0.0,0.7039111179247344,0.05894928397087695,0.05894928397087695,0.05894928397087695,1.4909398555755615,1.3735471205303114,0.11739273504525016,0.008122682571411133,1.3816698031017225,0.11739273504525016,0.10927005247383903,0.10927005247383903,0.6467432975769043,0.05716782034783008,0.001781463623046875,1.5444785356521606,0.16280873255043815,0.05353868007659912
471,0.43584364652633667,0.4031996264174206,0.032644020108916094,0.0,0.4031996264174206,0.032644020108916094,0.032644020108916094,0.032644020108916094,1.8926303386688232,1.9686793856290155,-0.07604904696019221,-0.3569199740886688,1.6117594115403466,0.07604904696019221,0.2808709271284766,0.2808709271284766,0.4757349193096161,0.07253529289219551,0.03989127278327942,1.7798211574554443,0.1680617459150977,0.1128091812133789
472,0.435820996761322,0.33581626282363347,0.10000473393768855,0.0,0.33581626282363347,0.10000473393768855,0.10000473393768855,0.10000473393768855,1.8926584720611572,2.045115126401938,-0.1524566543407806,-0.42619845271110535,1.6189166736908325,0.1524566543407806,0.27374179837032475,0.27374179837032475,0.5234905481338501,0.18767428531021663,0.08766955137252808,2.182997226715088,0.5640805530242554,0.29033875465393066
473,0.4357907772064209,0.26843289060971554,0.16735788659670536,0.0,0.26843289060971554,0.16735788659670536,0.16735788659670536,0.16735788659670536,1.892686128616333,2.121550876953031,-0.22886474833669812,-0.34906792640686035,1.7724829505461708,0.22886474833669812,0.12020317807016223,0.12020317807016223,0.29422739148139954,0.025794500871684,0.14156338572502136,1.927834391593933,0.15535144104776233,0.0351482629776001
474,0.5157222151756287,0.611432557921245,-0.0957103427456163,-0.0,0.611432557921245,0.0957103427456163,0.0957103427456163,0.0957103427456163,2.558483123779297,1.6883979650573628,0.870085158721934,0.8793720006942749,2.567769965751638,0.870085158721934,0.009286841972340865,0.009286841972341087,0.5084865093231201,0.10294604859812484,0.007235705852508545,2.56282639503479,0.004943570716847923,0.004343271255493164
475,0.5319705009460449,0.6522903346024487,-0.12031983365640375,-0.0,0.6522903346024487,0.12031983365640375,0.12031983365640375,0.12031983365640375,1.2140142917633057,1.5150399149308238,-0.30102562316751813,-0.34014350175857544,1.1748964131722484,0.30102562316751813,0.03911787859105731,0.03911787859105731,0.5467931032180786,0.10549723138437006,0.014822602272033691,1.1805545091629028,0.005658095990654477,0.03345978260040283
476,0.6088399291038513,0.6727192243558658,-0.06387929525201452,-0.0,0.6727192243558658,0.06387929525201452,0.06387929525201452,0.06387929525201452,1.3349409103393555,1.4283608838730306,-0.09341997353367515,-0.05144160985946655,1.376919274013564,0.09341997353367515,0.041978363674208596,0.041978363674208596,0.5942919254302979,0.07842729892556799,0.014548003673553467,1.1833689212799072,0.19355035273365684,0.15157198905944824
477,0.6449580192565918,0.6931481112836524,-0.048190092027060594,-0.0,0.6931481112836524,0.048190092027060594,0.048190092027060594,0.048190092027060594,1.4909536838531494,1.3416818648042845,0.14927181904886488,0.008122682571411133,1.3498045473756957,0.14927181904886488,0.14114913647745375,0.14114913647745375,0.6501752138137817,0.04297289746987065,0.005217194557189941,1.5370737314224243,0.18726918404672865,0.0461200475692749
478,0.43584302067756653,0.3924366197763387,0.043406400901227826,0.0,0.3924366197763387,0.043406400901227826,0.043406400901227826,0.043406400901227826,1.8926479816436768,1.9368141299029884,-0.044166148259311644,-0.3569199740886688,1.5798941558143196,0.044166148259311644,0.3127538258293572,0.3127538258293572,0.467556357383728,0.07511973760738933,0.0317133367061615,1.7550170421600342,0.1751228863457146,0.13763093948364258
479,0.43581944704055786,0.32505325618255154,0.11076619085800632,0.0,0.32505325618255154,0.11076619085800632,0.11076619085800632,0.11076619085800632,1.8926787376403809,2.013249870675911,-0.12057113303553013,-0.42619845271110535,1.5870514179648056,0.12057113303553013,0.3056273196755752,0.3056273196755752,0.5426650643348694,0.21761180815231784,0.10684561729431152,2.0774834156036377,0.49043199763883205,0.18480467796325684
480,0.4357890188694,0.25766988396863366,0.17811913490076636,0.0,0.25766988396863366,0.17811913490076636,0.17811913490076636,0.17811913490076636,1.8927091360092163,2.0896856212270043,-0.196976485217788,-0.34906792640686035,1.740617694820144,0.196976485217788,0.15209144118907236,0.15209144118907236,0.2889719307422638,0.03130204677363013,0.14681708812713623,1.8854904174804688,0.1448727226603248,0.007218718528747559
481,1.104163646697998,1.0976469551719905,0.006516691526007534,0.035267170518636703,1.1329141256906272,0.006516691526007534,0.02875047899262917,0.02875047899262917,0.8643306493759155,0.83870706183088,0.025623587545035575,0.12066802382469177,0.9593750856555717,0.025623587545035575,0.0950444362796562,0.0950444362796562,1.088275671005249,0.04463845468537819,0.015887975692749023,0.946111798286438,0.013263287369133736,0.08178114891052246
482,1.1757724285125732,1.1282902876828933,0.04748214082967994,0.00048392280586995184,1.1287742104887633,0.04748214082967994,0.04699821802380999,0.04699821802380999,0.41870230436325073,0.7086885242359756,-0.2899862198727249,-0.34342527389526367,0.36526325034071194,0.2899862198727249,0.05343905402253879,0.05343905402253879,1.1453382968902588,0.016564086401495537,0.030434131622314453,0.3779587149620056,0.012695464621293673,0.04074358940124512
483,1.2029199600219727,1.1385047318531942,0.06441522816877843,0.008451036177575588,1.1469557680307698,0.06441522816877843,0.05596419199120284,0.05596419199120284,0.5860499739646912,0.6653490117043408,-0.07929903773964964,-0.028306931257247925,0.6370420804470929,0.07929903773964964,0.05099210648240171,0.05099210648240171,1.1744555234909058,0.027499755460135944,0.028464436531066895,0.5521743297576904,0.08486775068940244,0.03387564420700073
484,1.2506778240203857,1.1589336216066115,0.09174420241377423,0.05372755602002144,1.212661177626633,0.09174420241377423,0.038016646393752795,0.038016646393752795,0.7381619215011597,0.5786699806465477,0.15949194085461194,0.031098544597625732,0.6097685252441735,0.15949194085461194,0.1283933962569862,0.1283933962569862,1.2339707612991333,0.021309583672500354,0.01670706272125244,0.7930694818496704,0.18330095660549695,0.05490756034851074
485,1.2740962505340576,1.179362508534398,0.09473374199965967,0.1381271332502365,1.3174896417846345,0.09473374199965967,0.04339339125057684,0.04339339125057684,0.7685526609420776,0.49199096157780164,0.276561699364276,0.04551684856414795,0.5375078101419496,0.276561699364276,0.23104485080012804,0.23104485080012804,1.2409402132034302,0.07654942858120428,0.03315603733062744,0.5984888076782227,0.06098099753627306,0.17006385326385498
486,0.7558168172836304,0.8786510170270844,-0.122834199743454,-0.03225729241967201,0.8463937246074124,0.122834199743454,0.09057690732378199,0.09057690732378199,1.018517017364502,1.0871232266765056,-0.06860620931200367,-0.2532728612422943,0.8338503654342113,0.06860620931200367,0.18466665193029064,0.18466665193029064,0.7416422367095947,0.10475148789781763,0.014174580574035645,1.1307423114776611,0.2968919460434498,0.11222529411315918
487,0.7211992144584656,0.8112676534332972,-0.09006843897483163,-0.05303404852747917,0.758233604905818,0.09006843897483163,0.03703439044735246,0.03703439044735246,1.0459654331207275,1.163558967449428,-0.11759353432870046,-0.05721253156661987,1.1063464358828081,0.11759353432870046,0.06038100276208058,0.06038100276208058,0.7575803995132446,0.0006532053925734083,0.03638118505477905,1.0274722576141357,0.07887417826867238,0.018493175506591797
488,0.6852744817733765,0.7438842812193793,-0.058609799446002864,-0.07381080836057663,0.6700734728588027,0.058609799446002864,0.015201008914573766,0.015201008914573766,1.0764498710632324,1.2399947180005215,-0.1635448469372891,0.2852567732334137,1.5252514912339352,0.1635448469372891,0.4488016201707028,0.4488016201707028,0.6387525200843811,0.031320952774421595,0.04652196168899536,0.9530425071716309,0.5722089840623044,0.12340736389160156
489,1.10417902469635,1.093899546382423,0.01027947831392706,0.035267170518636703,1.1291667169010597,0.01027947831392706,0.024987692204709644,0.024987692204709644,0.8626329898834229,0.8276123795202941,0.03502061036312876,0.12066802382469177,0.9482804033449859,0.03502061036312876,0.08564741346156302,0.08564741346156302,1.0718467235565186,0.05731999334454119,0.03233230113983154,0.7183159589767456,0.22996444436824026,0.14431703090667725
490,1.202899694442749,1.1347573230636268,0.06814237137912227,0.008451036177575588,1.1432083592412023,0.06814237137912227,0.05969133520154668,0.05969133520154668,0.5859168171882629,0.6542543293937549,-0.068337512205492,-0.028306931257247925,0.625947398136507,0.068337512205492,0.04003058094824408,0.04003058094824408,1.1859554052352905,0.042747045994088184,0.016944289207458496,0.5312259197235107,0.09472147841299627,0.0546908974647522
491,1.2506074905395508,1.155186212817044,0.09542127772250675,0.05372755602002144,1.2089137688370655,0.09542127772250675,0.04169372170248531,0.04169372170248531,0.736884593963623,0.5675752983359619,0.16930929562766117,0.031098544597625732,0.5986738429335876,0.16930929562766117,0.13821075103003544,0.13821075103003544,1.2540134191513062,0.04509965031424068,0.003405928611755371,0.7427668571472168,0.1440930142136292,0.00588226318359375
492,1.2496378421783447,1.1654006562809371,0.08423718589740758,0.09103696048259735,1.2564376167635345,0.08423718589740758,0.006799774585189766,0.006799774585189766,0.739639163017273,0.5242357888015888,0.21540337421568412,0.040016114711761475,0.5642519035133503,0.21540337421568412,0.17538725950392264,0.17538725950392264,1.2769852876663208,0.020547670902786308,0.027347445487976074,0.768303632736206,0.20405172922285575,0.028664469718933105
493,1.2740504741668701,1.1756150997448305,0.09843537442203965,0.1381271332502365,1.313742232995067,0.09843537442203965,0.039691758828196866,0.039691758828196866,0.767420768737793,0.4808962792672158,0.2865244894705772,0.04551684856414795,0.5264131278313637,0.2865244894705772,0.24100764090642923,0.24100764090642923,1.2601587772369385,0.053583455758128506,0.01389169692993164,0.7055248618125916,0.17911173398122782,0.061895906925201416
494,0.7552297115325928,0.8749036082375168,-0.11967389670492401,-0.03225729241967201,0.8426463158178448,0.11967389670492401,0.087416604285252,0.087416604285252,1.017890214920044,1.0760285443659199,-0.058138329445875936,-0.2532728612422943,0.8227556831236256,0.058138329445875936,0.19513453179641838,0.19513453179641838,0.741709291934967,0.10093702388287773,0.013520419597625732,0.8569915294647217,0.03423584634109611,0.16089868545532227
495,0.7206785082817078,0.8075202446437297,-0.08684173636202197,-0.05303404852747917,0.7544861961162506,0.08684173636202197,0.0338076878345428,0.0338076878345428,1.0454492568969727,1.152464285138842,-0.10701502824186937,-0.05721253156661987,1.0952517535722222,0.10701502824186937,0.0498024966752495,0.0498024966752495,0.7013255953788757,0.05316060073737483,0.01935291290283203,0.9707520604133606,0.12449969315886156,0.07469719648361206
496,0.6845273375511169,0.7401368724298119,-0.05560953487869491,-0.07381080836057663,0.6663260640692352,0.05560953487869491,0.01820127348188172,0.01820127348188172,1.0760939121246338,1.2289000356899358,-0.152806123565302,0.2852567732334137,1.5141568089233495,0.152806123565302,0.4380628967987157,0.4380628967987157,0.663200318813324,0.0031257452559112497,0.02132701873779297,1.2089414596557617,0.30521534926758775,0.13284754753112793
497,1.0896453857421875,1.036644835835385,0.053000549906802474,0.035267170518636703,1.0719120063540217,0.053000549906802474,0.01773337938816577,0.01773337938816577,1.059597373008728,0.9932336940612576,0.06636367894747042,0.12066802382469177,1.1139017178859494,0.06636367894747042,0.054304344877221356,0.054304344877221356,1.0867767333984375,0.01486472704441577,0.00286865234375,1.120613694190979,0.006711976305029621,0.06101632118225098
498,1.1775457859039307,1.0775026125165887,0.10004317338734192,0.008451036177575588,1.0859536486941643,0.10004317338734192,0.09159213720976633,0.09159213720976633,0.5771547555923462,0.8198756439347183,-0.24272088834237215,-0.028306931257247925,0.7915687126774704,0.24272088834237215,0.21441395708512423,0.21441395708512423,1.1645338535308838,0.07858020483671946,0.013011932373046875,0.4517676830291748,0.3398010296482956,0.1253870725631714
499,1.21561861038208,1.0877170569223589,0.1279015534597212,0.026198914274573326,1.1139159711969322,0.1279015534597212,0.10170263918514788,0.10170263918514788,0.6869606971740723,0.7765361304039963,-0.089575433229924,0.014317810535430908,0.7908539409394272,0.089575433229924,0.10389324376535491,0.10389324376535491,1.1940293312072754,0.0801133600103432,0.021589279174804688,0.6328830718994141,0.15797086904001312,0.0540776252746582
500,1.230328917503357,1.097931502270006,0.1323974152333509,0.05372755602002144,1.1516590582900275,0.1323974152333509,0.07866985921332947,0.07866985921332947,0.7353892922401428,0.7331966128769253,0.0021926793632175423,0.031098544597625732,0.764295157474551,0.0021926793632175423,0.02890586523440819,0.02890586523440819,1.2057737112045288,0.05411465291450135,0.024555206298828125,0.7643259763717651,3.081889721412434e-05,0.028936684131622314
501,1.259972333908081,1.1183603891977925,0.1416119447102886,0.1381271332502365,1.256487522448029,0.1416119447102886,0.003484811460052084,0.003484811460052084,0.7779961228370667,0.6465175938081792,0.13147852902888746,0.04551684856414795,0.6920344423723271,0.13147852902888746,0.08596168046473951,0.08596168046473951,1.2590614557266235,0.0025739332785945646,0.0009108781814575195,0.8325990438461304,0.14056460147380323,0.05460292100906372
502,0.7210259437561035,0.8176488976904788,-0.09662295393437526,-0.03225729241967201,0.7853916052708068,0.09662295393437526,0.06436566151470324,0.06436566151470324,1.2965004444122314,1.2416498589068832,0.05485058550534827,-0.2532728612422943,0.9883769976645889,0.05485058550534827,0.3081234467476426,0.3081234467476426,0.757011353969574,0.028380251301232784,0.03598541021347046,1.3226310014724731,0.3342540038078843,0.0261305570602417
503,0.6886964440345764,0.7502655340966916,-0.061569090062115195,-0.05303404852747917,0.6972314855692124,0.061569090062115195,0.008535041534636023,0.008535041534636023,1.323143482208252,1.3180855996798055,0.005057882528446411,-0.05721253156661987,1.2608730681131857,0.005057882528446411,0.062270414095066284,0.062270414095066284,0.6985138654708862,0.0012823799016737913,0.009817421436309814,1.1985576152801514,0.0623154528330343,0.12458586692810059
504,0.6592367887496948,0.6828821618827738,-0.023645373133079017,-0.07381080836057663,0.6090713535221972,0.023645373133079017,0.05016543522749761,0.05016543522749761,1.3736869096755981,1.394521350230899,-0.020834440555300926,0.2852567732334137,1.6797781234643128,0.020834440555300926,0.3060912137887146,0.3060912137887146,0.6852505207061768,0.07617916718397955,0.026013731956481934,1.5223788022994995,0.15739932116481326,0.14869189262390137
505,1.091794729232788,1.1019919192548988,-0.010197190022110725,0.035267170518636703,1.1372590897735355,0.010197190022110725,0.04546436054074743,0.04546436054074743,0.6909558773040771,0.4468672362358064,0.24408864106827077,0.12066802382469177,0.5675352600604981,0.24408864106827077,0.123420617243579,0.123420617243579,1.0897785425186157,0.04748054725491979,0.0020161867141723633,0.6519168019294739,0.08438154186897573,0.03903907537460327
506,1.1954703330993652,1.1428496959361025,0.05262063716326271,0.008451036177575588,1.1513007321136781,0.05262063716326271,0.04416960098568712,0.04416960098568712,0.5341653227806091,0.2735091861092671,0.260656136671342,-0.028306931257247925,0.24520225485201919,0.260656136671342,0.28896306792858995,0.28896306792858995,1.1822319030761719,0.03093117096249376,0.01323843002319336,0.5792619585990906,0.3340597037470714,0.045096635818481445
507,1.2235686779022217,1.1632785856895198,0.06029009221270187,0.05372755602002144,1.2170061417095412,0.06029009221270187,0.006562536192680435,0.006562536192680435,0.5416085720062256,0.18683015505147416,0.35477841695475143,0.031098544597625732,0.2179286996490999,0.35477841695475143,0.3236798723571257,0.3236798723571257,1.2492023706436157,0.03219622893407448,0.025633692741394043,0.5387709140777588,0.3208422144286589,0.002837657928466797
508,1.2236018180847168,1.1734930291534131,0.05010878893130366,0.09103696048259735,1.2645299896360105,0.05010878893130366,0.04092817155129369,0.04092817155129369,0.5410796403884888,0.14349064551710122,0.39758899487138755,0.040016114711761475,0.1835067602288627,0.39758899487138755,0.35757288015962607,0.35757288015962607,1.2578043937683105,0.0067255958676999406,0.03420257568359375,0.3989877998828888,0.2154810396540261,0.14209184050559998
509,0.7558526992797852,0.8829959811099927,-0.1271432818302075,-0.03225729241967201,0.8507386886903207,0.1271432818302075,0.0948859894105355,0.0948859894105355,0.750134289264679,0.695283401081432,0.054850888183246904,-0.2532728612422943,0.44201053983913774,0.054850888183246904,0.3081237494255412,0.3081237494255412,0.7436192631721497,0.107119425518171,0.012233436107635498,0.6757000088691711,0.2336894690300334,0.07443428039550781
510,0.7315258979797363,0.8156126175162055,-0.08408671953646918,-0.05303404852747917,0.7625785689887263,0.08408671953646918,0.031052671008990007,0.031052671008990007,0.7596848011016846,0.7717191418543542,-0.012034340752669626,-0.05721253156661987,0.7145066102877343,0.012034340752669626,0.04517819081395025,0.04517819081395025,0.7906479239463806,0.02806935495765428,0.05912202596664429,0.6511628031730652,0.06334380711466914,0.10852199792861938
511,0.7015160918235779,0.7482292453022876,-0.046713153478709746,-0.07381080836057663,0.674418436941711,0.046713153478709746,0.027097654881866884,0.027097654881866884,0.7608183026313782,0.8481548924054477,-0.08733658977406955,0.2852567732334137,1.1334116656388615,0.08733658977406955,0.37259336300748325,0.37259336300748336,0.7256104350090027,0.05119199806729169,0.024094343185424805,0.782988429069519,0.3504232365693425,0.02217012643814087
512,1.0139524936676025,1.0491398507604088,-0.03518735709280629,0.035267170518636703,1.0844070212790455,0.03518735709280629,0.070454527611443,0.070454527611443,0.741145133972168,0.8251376316768433,-0.08399249770467532,0.12066802382469177,0.9458056555015351,0.08399249770467532,0.2046605215293671,0.2046605215293671,0.9972937703132629,0.0871132509657826,0.0166587233543396,0.8378088474273682,0.1079968080741669,0.0966637134552002
513,1.130502700805664,1.0899976274416125,0.040505073364051514,0.008451036177575588,1.0984486636191881,0.040505073364051514,0.032054037186475925,0.032054037186475925,0.5314034223556519,0.651779581550304,-0.12037615919465217,-0.028306931257247925,0.6234726502930561,0.12037615919465217,0.09206922793740424,0.09206922793740424,1.111797571182251,0.01334890756306284,0.018705129623413086,0.5233842134475708,0.1000884368454853,0.008019208908081055
514,1.148618459701538,1.1104265171950298,0.03819194250650826,0.05372755602002144,1.1641540732150513,0.03819194250650826,0.01553561351351318,0.01553561351351318,0.6063711643218994,0.565100550492511,0.04127061382938846,0.031098544597625732,0.5961990950901367,0.04127061382938846,0.010172069231762726,0.010172069231762726,1.112181305885315,0.051972767329736325,0.036437153816223145,0.612122654914856,0.01592355982471927,0.005751490592956543
515,1.1356632709503174,1.1308554041228163,0.004807866827501117,0.1381271332502365,1.2689825373730528,0.004807866827501117,0.1333192664227354,0.1333192664227354,0.6045835614204407,0.47842153142376487,0.1261620299966758,0.04551684856414795,0.5239383799879128,0.1261620299966758,0.08064518143252786,0.08064518143252786,1.1364610195159912,0.13252151785706157,0.0007977485656738281,0.579207181930542,0.055268801942629175,0.02537637948989868
516,0.6542689204216003,0.8301439126155026,-0.17587499219390224,-0.03225729241967201,0.7978866201958306,0.17587499219390224,0.14361769977423022,0.14361769977423022,0.919640302658081,1.0735537965224689,-0.1539134938643878,-0.2532728612422943,0.8202809352801745,0.1539134938643878,0.09935936737790652,0.09935936737790652,0.6304884552955627,0.16739816490026782,0.023780465126037598,0.9707165360450745,0.15043560076489992,0.05107623338699341
517,0.6323732137680054,0.7627605490217154,-0.13038733525371005,-0.05303404852747917,0.7097265004942362,0.13038733525371005,0.07735328672623087,0.07735328672623087,0.919270932674408,1.149989537295391,-0.23071860462098304,-0.05721253156661987,1.0927770057287711,0.23071860462098304,0.17350607305436316,0.17350607305436316,0.5633432865142822,0.14638321397995402,0.06902992725372314,0.8284713625907898,0.2643056431379813,0.09079957008361816
518,0.6138231754302979,0.6953771768077976,-0.0815540013774998,-0.07381080836057663,0.621566368447221,0.0815540013774998,0.007743193016923167,0.007743193016923167,1.3761662244796753,1.2264252878464847,0.14974093663319055,0.2852567732334137,1.5116820610798984,0.14974093663319055,0.13551583660022315,0.13551583660022315,0.5415147542953491,0.0800516141518719,0.07230842113494873,1.4046353101730347,0.10704675090686377,0.028469085693359375
519,0.996221661567688,1.0235949930131565,-0.027373331445468496,0.035267170518636703,1.0588621635317932,0.027373331445468496,0.0626405019641052,0.0626405019641052,0.935287356376648,0.9919427361680041,-0.05665537979135615,0.12066802382469177,1.112610759992696,0.05665537979135615,0.17732340361604793,0.17732340361604804,0.9290838837623596,0.12977827976943357,0.06713777780532837,0.8342099785804749,0.27840078141222113,0.1010773777961731
520,1.0953419208526611,1.0644527696943602,0.03088915115830093,0.008451036177575588,1.0729038058719358,0.03088915115830093,0.022438114980725343,0.022438114980725343,0.48633062839508057,0.8185846860414648,-0.33225405764638427,-0.028306931257247925,0.7902777547842169,0.33225405764638427,0.30394712638913635,0.30394712638913635,1.073752760887146,0.0008489550152102066,0.021589159965515137,0.4626598358154297,0.3276179189687872,0.02367079257965088
521,1.1398489475250244,1.0848816594477773,0.054967288077247156,0.05372755602002144,1.1386092154677987,0.054967288077247156,0.0012397320572257176,0.0012397320572257176,0.5525789856910706,0.7319056549836718,-0.17932666929260122,0.031098544597625732,0.7630041995812975,0.17932666929260122,0.21042521389022695,0.21042521389022695,1.126833438873291,0.011775776594507681,0.013015508651733398,0.5658482313156128,0.1971559682656847,0.013269245624542236
522,1.1690601110458374,1.105310546375564,0.06374956467027348,0.1381271332502365,1.2434376796258004,0.06374956467027348,0.07437756857996303,0.07437756857996303,0.5488248467445374,0.6452266359149257,-0.09640178917038833,0.04551684856414795,0.6907434844790736,0.09640178917038833,0.14191863773453628,0.14191863773453628,1.1163684129714966,0.12706926665430385,0.05269169807434082,0.4625883102416992,0.22815517423737441,0.08623653650283813
523,0.651361346244812,0.8045990548682502,-0.15323770862343822,-0.03225729241967201,0.7723417624485782,0.15323770862343822,0.1209804162037662,0.1209804162037662,1.0339710712432861,1.2403589010136298,-0.20638782977034364,-0.2532728612422943,0.9870860397713355,0.20638782977034364,0.04688503147195067,0.04688503147195067,0.5804054737091064,0.19193628873947177,0.07095587253570557,0.9352618455886841,0.051824194182651384,0.09870922565460205
524,0.6307563185691833,0.7372156912744631,-0.10645937270527972,-0.05303404852747917,0.6841816427469839,0.10645937270527972,0.05342532417780055,0.05342532417780055,1.1110700368881226,1.316794641786552,-0.20572460489842936,-0.05721253156661987,1.259582110219932,0.20572460489842936,0.1485120733318095,0.1485120733318095,0.544521689414978,0.13965995333200587,0.08623462915420532,1.1136728525161743,0.14590925770375773,0.002602815628051758
525,0.6105239391326904,0.6698323190605452,-0.05930837992785476,-0.07381080836057663,0.5960215106999686,0.05930837992785476,0.01450242843272187,0.01450242843272187,1.3055834770202637,1.3932303923376455,-0.08764691531738178,0.2852567732334137,1.6784871655710591,0.08764691531738178,0.3729036885507955,0.3729036885507955,0.5383307337760925,0.05769077692387603,0.0721932053565979,1.2374616861343384,0.44102547943672077,0.06812179088592529
526,1.0876989364624023,1.063358026601029,0.024340909861373383,0.035267170518636703,1.0986251971196657,0.024340909861373383,0.01092626065726332,0.01092626065726332,0.9276759028434753,0.8672323570846724,0.06044354575880295,0.12066802382469177,0.9879003809093642,0.06044354575880295,0.06022447806588882,0.06022447806588882,1.0949478149414062,0.003677382178259414,0.007248878479003906,0.9340218901634216,0.05387849074594253,0.006345987319946289
527,1.189026117324829,1.104215803282233,0.0848103140425962,0.008451036177575588,1.1126668394598085,0.0848103140425962,0.07635927786502061,0.07635927786502061,0.5714578628540039,0.6938743069581332,-0.12241644410412933,-0.028306931257247925,0.6655673757008853,0.12241644410412933,0.0941095128468814,0.0941095128468814,1.1884719133377075,0.07580507387789903,0.000554203987121582,0.471807599067688,0.19375977663319732,0.09965026378631592
528,1.235482931137085,1.12464469303565,0.110838238101435,0.05372755602002144,1.1783722490556714,0.110838238101435,0.057110682081413566,0.057110682081413566,0.741051197052002,0.6071952759003401,0.1338559211516619,0.031098544597625732,0.6382938204979658,0.1338559211516619,0.10275737655403616,0.10275737655403616,1.2435272932052612,0.06515504414958984,0.00804436206817627,0.7810478210449219,0.14275400054695608,0.03999662399291992
529,1.2456412315368652,1.1450735799634366,0.10056765157342862,0.1381271332502365,1.2832007132136731,0.10056765157342862,0.03755948167680789,0.03755948167680789,0.7603341341018677,0.520516256831594,0.2398178772702737,0.04551684856414795,0.5660331053957419,0.2398178772702737,0.19430102870612576,0.19430102870612576,1.2944896221160889,0.01128890890241574,0.04884839057922363,0.7871981859207153,0.2211650805249734,0.026864051818847656
530,0.7401954531669617,0.8443620884561229,-0.10416663528916126,-0.03225729241967201,0.8121047960364509,0.10416663528916126,0.07190934286948925,0.07190934286948925,1.132847785949707,1.115648521930298,0.017199264019408966,-0.2532728612422943,0.8623756606880038,0.017199264019408966,0.2704721252617033,0.2704721252617033,0.7626664638519287,0.049438332184522205,0.02247101068496704,1.0914469957351685,0.2290713350471647,0.041400790214538574
531,0.7111883759498596,0.7769787248623358,-0.06579034891247615,-0.05303404852747917,0.7239446763348566,0.06579034891247615,0.012756300384996977,0.012756300384996977,1.1563196182250977,1.1920842627032202,-0.035764644478122554,-0.05721253156661987,1.1348717311366003,0.035764644478122554,0.02144788708849732,0.02144788708849732,0.7350850105285645,0.011140334193707857,0.023896634578704834,1.0314196348190308,0.10345209631756958,0.1248999834060669
532,0.6817202568054199,0.7095953526484179,-0.027875095842997966,-0.07381080836057663,0.6357845442878413,0.027875095842997966,0.045935712517578664,0.045935712517578664,1.206234097480774,1.2685200132543137,-0.06228591577353981,0.2852567732334137,1.5537767864877274,0.06228591577353981,0.3475426890069535,0.3475426890069535,0.6883968710899353,0.052612326802094045,0.006676614284515381,1.1521857976913452,0.4015909887963822,0.05404829978942871
533,1.155596375465393,1.2133424104818673,-0.05774603501647424,-0.0,1.2133424104818673,0.05774603501647424,0.05774603501647424,0.05774603501647424,1.1521923542022705,1.0637460650316184,0.08844628917065211,0.12783461809158325,1.1915806831232016,0.08844628917065211,0.03938832892093114,0.03938832892093114,1.14145827293396,0.07188413754790735,0.014138102531433105,1.267051339149475,0.07547065602627345,0.11485898494720459
534,1.3602039813995361,1.254200187163071,0.10600379423646511,-0.0,1.254200187163071,0.10600379423646511,0.10600379423646511,0.10600379423646511,0.70172518491745,0.8903880149050791,-0.18866282998762918,-0.038063883781433105,0.852324131123646,0.18866282998762918,0.15059894620619607,0.15059894620619607,1.3373087644577026,0.08310857729463161,0.022895216941833496,0.7462866902351379,0.10603744088850808,0.04456150531768799
535,1.4133505821228027,1.2644146315688412,0.14893595055396158,-0.0,1.2644146315688412,0.14893595055396158,0.14893595055396158,0.14893595055396158,0.6941533088684082,0.8470485013743569,-0.15289519250594874,0.009251952171325684,0.8563004535456826,0.15289519250594874,0.16214714467727442,0.16214714467727442,1.4156309366226196,0.15121630505377848,0.0022803544998168945,0.726037323474884,0.1302631300707986,0.03188401460647583
536,1.4770379066467285,1.295057963844275,0.18197994280245355,-0.0,1.295057963844275,0.18197994280245355,0.18197994280245355,0.18197994280245355,0.6766499876976013,0.7170299647785399,-0.040379977080938545,0.043793946504592896,0.7608239112831328,0.040379977080938545,0.08417392358553144,0.08417392358553144,1.4668080806732178,0.1717501168289428,0.010229825973510742,0.6087637543678284,0.1520601569153044,0.06788623332977295
537,0.9827314615249634,0.9943464723369612,-0.011615010811997784,0.0,0.9943464723369612,0.011615010811997784,0.011615010811997784,0.011615010811997784,0.7236558198928833,1.312162229877244,-0.5885064099843607,-0.2542518973350525,1.0579103325421915,0.5885064099843607,0.33425451264930817,0.33425451264930817,1.0157153606414795,0.02136888830451833,0.03298389911651611,0.7576083540916443,0.3003019784505472,0.033952534198760986
538,0.9331799745559692,0.926963108743174,0.006216865812795236,0.0,0.926963108743174,0.006216865812795236,0.006216865812795236,0.006216865812795236,1.2454302310943604,1.388597970650166,-0.14316773955580575,-0.060697898268699646,1.3279000723814665,0.14316773955580575,0.0824698412871061,0.0824698412871061,0.9172639846801758,0.009699124062998221,0.015915989875793457,1.2400718927383423,0.08782817964312417,0.005358338356018066
539,0.7853885293006897,0.8595797365292562,-0.07419120722856654,0.0,0.8595797365292562,0.07419120722856654,0.07419120722856654,0.07419120722856654,1.785306692123413,1.4650337212012599,0.32027297092215323,0.27926501631736755,1.7442987375186274,0.32027297092215323,0.04100795460478568,0.04100795460478568,0.7557413578033447,0.1038383787259115,0.02964717149734497,1.8073207139968872,0.0630219764782598,0.02201402187347412
540,1.109760046005249,1.1935028787458015,-0.0837428327405525,-0.0,1.1935028787458015,0.0837428327405525,0.0837428327405525,0.0837428327405525,1.1062391996383667,1.0050085975807188,0.10123060205764789,0.12783461809158325,1.132843215672302,0.10123060205764789,0.026604016033935363,0.026604016033935363,1.1498198509216309,0.04368302782417066,0.040059804916381836,1.0401021242141724,0.0927410914581297,0.06613707542419434
541,1.3259906768798828,1.2343606554270052,0.09163002145287757,-0.0,1.2343606554270052,0.09163002145287757,0.09163002145287757,0.09163002145287757,0.7503675222396851,0.8316505474541795,-0.08128302521449449,-0.038063883781433105,0.7935866636727464,0.08128302521449449,0.04321914143306138,0.04321914143306138,1.3033074140548706,0.06894675862786537,0.022683262825012207,0.8886777758598328,0.09509111218708632,0.1383102536201477
542,1.4309561252593994,1.2547895451804223,0.17616658007897712,-0.0,1.2547895451804223,0.17616658007897712,0.17616658007897712,0.17616658007897712,0.741523027420044,0.7449715163963864,-0.003448488976342423,0.027852177619934082,0.7728236940163205,0.003448488976342423,0.031300666596276505,0.031300666596276505,1.4138157367706299,0.1590261915902076,0.01714038848876953,0.7464298009872437,0.026393893029076798,0.004906773567199707
543,1.4227662086486816,1.275218432108209,0.14754777654047269,-0.0,1.275218432108209,0.14754777654047269,0.14754777654047269,0.14754777654047269,0.7300682067871094,0.6582924973276403,0.0717757094594691,0.043793946504592896,0.7020864438322332,0.0717757094594691,0.0279817629548762,0.0279817629548762,1.507459044456482,0.23224061234827298,0.08469283580780029,0.7080689072608948,0.0059824634286616,0.0219992995262146
544,0.9586849808692932,0.9745069406008954,-0.015821959731602164,0.0,0.9745069406008954,0.015821959731602164,0.015821959731602164,0.015821959731602164,0.7472874522209167,1.2534247624263444,-0.5061373102054276,-0.2542518973350525,0.9991728650912919,0.5061373102054276,0.25188541287037514,0.25188541287037514,0.9947741031646729,0.020267162563777474,0.03608912229537964,0.6606007218360901,0.3385721432552018,0.08668673038482666
545,0.9016973972320557,0.9071235770071082,-0.005426179775052553,0.0,0.9071235770071082,0.005426179775052553,0.005426179775052553,0.005426179775052553,1.168287754058838,1.3298605031992665,-0.16157274914042863,-0.060697898268699646,1.2691626049305669,0.16157274914042863,0.10087485087172898,0.10087485087172898,1.0000946521759033,0.0929710751687951,0.09839725494384766,1.1860624551773071,0.08310014975325974,0.01777470111846924
546,0.7506037354469299,0.8397402047931904,-0.08913646934626052,0.0,0.8397402047931904,0.08913646934626052,0.08913646934626052,0.08913646934626052,1.7875869274139404,1.4062962537503603,0.38129067366358016,0.27926501631736755,1.6855612700677278,0.38129067366358016,0.1020256573462126,0.1020256573462126,0.7016260623931885,0.13811414240000197,0.048977673053741455,1.8168760538101196,0.1313147837423918,0.0292891263961792
547,1.0995211601257324,1.1820871812864842,-0.08256602116075173,-0.0,1.1820871812864842,0.08256602116075173,0.08256602116075173,0.08256602116075173,0.7746067047119141,0.9712109673308564,-0.19660426261894237,0.12783461809158325,1.0990455854224397,0.19660426261894237,0.3244388807105256,0.3244388807105256,1.135085940361023,0.04700124092546121,0.03556478023529053,0.7003046274185181,0.3987409580039216,0.074302077293396
548,1.3133418560028076,1.222944957967688,0.09039689803511952,-0.0,1.222944957967688,0.09039689803511952,0.09039689803511952,0.09039689803511952,0.5798897743225098,0.7978529172043172,-0.2179631428818074,-0.038063883781433105,0.7597890334228841,0.2179631428818074,0.1798992591003743,0.1798992591003743,1.3204433917999268,0.09749843383223866,0.007101535797119141,0.583142101764679,0.1766469316582051,0.0032523274421691895
549,1.4287562370300293,1.2433738477211052,0.18538238930892414,-0.0,1.2433738477211052,0.18538238930892414,0.18538238930892414,0.18538238930892414,0.5904794931411743,0.711173886146524,-0.12069439300534968,0.027852177619934082,0.7390260637664581,0.12069439300534968,0.14854657062528376,0.14854657062528376,1.4614174365997314,0.2180435888786263,0.03266119956970215,0.567574679851532,0.1714513839149261,0.022904813289642334
550,1.1998090744018555,1.2638027346488918,-0.06399366024703634,-0.0,1.2638027346488918,0.06399366024703634,0.06399366024703634,0.06399366024703634,0.5970770716667175,0.6244948670777779,-0.027417795411060375,0.043793946504592896,0.6682888135823708,0.027417795411060375,0.07121174191565327,0.07121174191565327,1.5033986568450928,0.23959592219620096,0.3035895824432373,0.6105048656463623,0.057783947936008495,0.013427793979644775
551,0.9739052057266235,0.9630912431415781,0.010813962585045411,0.0,0.9630912431415781,0.010813962585045411,0.010813962585045411,0.010813962585045411,0.6472303867340088,1.219627132176482,-0.5723967454424732,-0.2542518973350525,0.9653752348414295,0.5723967454424732,0.3181448481074207,0.3181448481074207,0.9670110940933228,0.00391985095174463,0.006894111633300781,0.5347030758857727,0.4306721589556568,0.11252731084823608
552,0.9165291786193848,0.895707879547791,0.020821299071593802,0.0,0.895707879547791,0.020821299071593802,0.020821299071593802,0.020821299071593802,1.204881191253662,1.2960628729494041,-0.09118168169574203,-0.060697898268699646,1.2353649746807045,0.09118168169574203,0.030483783427042388,0.030483783427042388,0.9302146434783936,0.03450676393060259,0.013685464859008789,1.0364444255828857,0.19892054909781876,0.16843676567077637
553,0.779017448425293,0.8283245073338732,-0.049307058908580226,0.0,0.8283245073338732,0.049307058908580226,0.049307058908580226,0.049307058908580226,1.763782262802124,1.3724986235004977,0.39128363930162635,0.27926501631736755,1.6517636398178652,0.39128363930162635,0.1120186229842588,0.1120186229842588,0.748824417591095,0.07950008974277822,0.030193030834197998,1.8145289421081543,0.16276530229028907,0.05074667930603027
554,1.099400281906128,1.1713241746454024,-0.07192389273927446,-0.0,1.1713241746454024,0.07192389273927446,0.07192389273927446,0.07192389273927446,0.7489336729049683,0.9393457116048295,-0.19041203869986123,0.12783461809158325,1.0671803296964129,0.19041203869986123,0.3182466567914445,0.3182466567914446,1.1158924102783203,0.05543176436708208,0.016492128372192383,0.9927424192428589,0.07443791045355397,0.24380874633789062
555,1.3123118877410889,1.212181951326606,0.10012993641448276,-0.0,1.212181951326606,0.10012993641448276,0.10012993641448276,0.10012993641448276,0.5808027982711792,0.7659876614782901,-0.18518486320711092,-0.038063883781433105,0.727923777696857,0.18518486320711092,0.1471209794256778,0.1471209794256778,1.3055851459503174,0.09340319462371127,0.006726741790771484,0.5360177755355835,0.19190600216127351,0.0447850227355957
556,1.4276461601257324,1.2326108410800232,0.19503531904570925,-0.0,1.2326108410800232,0.19503531904570925,0.19503531904570925,0.19503531904570925,0.5895878076553345,0.6793086304204972,-0.08972082276516269,0.027852177619934082,0.7071608080404312,0.08972082276516269,0.11757300038509677,0.11757300038509677,1.4495903253555298,0.21697948427550662,0.021944165229797363,0.5438238978385925,0.16333691020183871,0.04576390981674194
557,1.1593692302703857,1.2530397280078098,-0.09367049773742409,-0.0,1.2530397280078098,0.09367049773742409,0.09367049773742409,0.09367049773742409,0.5971865653991699,0.5926296113517509,0.004556954047419071,0.043793946504592896,0.6364235578563437,0.004556954047419071,0.039236992457173825,0.039236992457173825,0.84003084897995,0.4130088790278599,0.3193383812904358,0.6241973042488098,0.012226253607533932,0.027010738849639893
558,0.9701818227767944,0.9523282365004963,0.017853586276298183,0.0,0.9523282365004963,0.017853586276298183,0.017853586276298183,0.017853586276298183,0.6485949754714966,1.187761876450455,-0.5391669009789584,-0.2542518973350525,0.9335099791154025,0.5391669009789584,0.2849150036439059,0.2849150036439059,0.9954858422279358,0.04315760572743954,0.025304019451141357,0.7220826148986816,0.21142736421672081,0.07348763942718506
559,0.9077979326248169,0.8849448729067091,0.022853059718107804,0.0,0.8849448729067091,0.022853059718107804,0.022853059718107804,0.022853059718107804,1.2065930366516113,1.2641976172233773,-0.057604580571765984,-0.060697898268699646,1.2034997189546777,0.057604580571765984,0.0030933176969336618,0.0030933176969336618,1.0701133012771606,0.18516842837045155,0.16231536865234375,1.4182268381118774,0.21472711915719978,0.2116338014602661
560,0.7702381610870361,0.8175615006927912,-0.04732333960575508,0.0,0.8175615006927912,0.04732333960575508,0.04732333960575508,0.04732333960575508,1.7638448476791382,1.3406333677744708,0.42321147990466734,0.27926501631736755,1.6198983840918384,0.42321147990466734,0.1439464635872998,0.1439464635872998,0.7776094079017639,0.039952092791027294,0.007371246814727783,1.7853260040283203,0.16542761993648192,0.02148115634918213
561,0.9255753755569458,1.0545316643294382,-0.12895628877249243,-0.10017579793930054,0.9543558663901377,0.12895628877249243,0.028780490833191896,0.028780490833191896,2.64990234375,0.9481673743728997,1.7017349693771004,0.16449189186096191,1.1126592662338615,1.7017349693771004,1.5372430775161385,1.5372430775161385,0.9262664318084717,0.028089434581666017,0.0006910562515258789,2.7207436561584473,1.6080843899245858,0.07084131240844727
562,1.1040828227996826,1.0953894410106422,0.008693381789040444,-0.024005021899938583,1.0713844191107036,0.008693381789040444,0.03269840368897903,0.03269840368897903,0.6807292699813843,0.7748093242463605,-0.09408005426497623,-0.08192336559295654,0.692885958653404,0.09408005426497623,0.012156688672019689,0.012156688672019689,1.084189534187317,0.012805115076613305,0.019893288612365723,0.7061420679092407,0.013256109255836757,0.025412797927856445
563,1.1255476474761963,1.1158183307640592,0.00972931671213706,-0.15261219441890717,0.9632061363451521,0.00972931671213706,0.16234151113104422,0.16234151113104422,0.5705587863922119,0.6881302931885674,-0.11757150679635553,0.013900846242904663,0.7020311394314721,0.11757150679635553,0.1314723530392602,0.1314723530392602,1.1016743183135986,0.13846818196844657,0.023873329162597656,0.5187160968780518,0.18331504255342035,0.051842689514160156
564,0.7432785034179688,1.136247217691846,-0.39296871427387714,-0.3923477530479431,0.7438994646439028,0.39296871427387714,0.0006209612259340247,0.0006209612259340247,0.4748203158378601,0.6014512741198214,-0.12663095828196125,0.03665706515312195,0.6381083392729433,0.12663095828196125,0.1632880234350832,0.1632880234350832,0.6571065187454224,0.08679294589848041,0.08617198467254639,0.5703014731407166,0.06780686613222675,0.09548115730285645
565,0.931976318359375,0.8355357261845321,0.09644059217484291,0.09162628650665283,0.9271620126911849,0.09644059217484291,0.0048143056681900775,0.0048143056681900775,0.5724753141403198,1.1965835392185253,-0.6241082250782055,-0.2592596709728241,0.9373238682457012,0.6241082250782055,0.3648485541053814,0.3648485541053814,0.855728030204773,0.07143398248641197,0.07624828815460205,0.688651442527771,0.24867242571793025,0.11617612838745117
566,0.7840702533721924,0.768152362590745,0.01591789078144734,0.1506423056125641,0.9187946682033091,0.01591789078144734,0.13472441483111675,0.13472441483111675,0.6223531365394592,1.2730192799914475,-0.6506661434519883,-0.07852569222450256,1.194493587766945,0.6506661434519883,0.5721404512274857,0.5721404512274857,0.8199239373207092,0.0988707308825999,0.035853683948516846,0.5799583792686462,0.6145352084982987,0.04239475727081299
567,0.7478517293930054,0.7007689903768272,0.04708273901617821,0.20965835452079773,0.9104273448976249,0.04708273901617821,0.16257561550461952,0.16257561550461952,0.48654088377952576,1.3494550305425412,-0.8629141467630155,0.2486172616481781,1.5980722921907193,0.8629141467630155,1.1115314084111936,1.1115314084111936,0.8123731017112732,0.0980542431863517,0.06452137231826782,0.5811496376991272,1.0169226544915921,0.09460875391960144
568,0.8742577433586121,1.0068975951177956,-0.13263985175918358,-0.10017579793930054,0.9067217971784951,0.13263985175918358,0.03246405381988304,0.03246405381988304,2.6805994510650635,1.3538020981756922,1.3267973528893713,0.16449189186096191,1.518293990036654,1.3267973528893713,1.1623054610284094,1.1623054610284094,0.8330254554748535,0.07369634170364159,0.041232287883758545,2.760910749435425,1.2426167593987707,0.08031129837036133
569,1.0087270736694336,1.0477553717989994,-0.039028298129565764,-0.024005021899938583,1.0237503498990608,0.039028298129565764,0.01502327622962718,0.01502327622962718,0.9005385041236877,1.180444048049153,-0.2799055439254652,-0.08192336559295654,1.0985206824561964,0.2799055439254652,0.19798217833250864,0.19798217833250864,1.0098377466201782,0.013912603278882552,0.001110672950744629,0.8725826740264893,0.22593800842970713,0.027955830097198486
570,1.0328161716461182,1.0681842615524164,-0.03536808990629825,-0.15261219441890717,0.9155720671335092,0.03536808990629825,0.11724410451260892,0.11724410451260892,0.917750358581543,1.09376501699136,-0.176014658409817,0.013900846242904663,1.1076658632342646,0.176014658409817,0.18991550465272167,0.18991550465272167,1.049456238746643,0.13388417161313382,0.016640067100524902,1.0998501777648926,0.007815685469372058,0.1820998191833496
571,0.6697255373001099,1.088613148480203,-0.4188876111800932,-0.3923477530479431,0.69626539543226,0.4188876111800932,0.026539858132150096,0.026539858132150096,0.8927001357078552,1.0070859979226139,-0.11438586221475866,0.03665706515312195,1.0437430630757358,0.11438586221475866,0.1510429273678806,0.1510429273678806,0.6212589740753174,0.07500642135694258,0.04846656322479248,0.8733698725700378,0.170373190505698,0.019330263137817383
572,0.9080347418785095,0.7879016569728894,0.12013308490562014,0.09162628650665283,0.8795279434795422,0.12013308490562014,0.028506798398967303,0.028506798398967303,1.3486883640289307,1.6022182630213178,-0.2535298989923871,-0.2592596709728241,1.3429585920484937,0.2535298989923871,0.005729771980437004,0.005729771980437004,0.8659018278121948,0.013626115667347394,0.0421329140663147,1.2785847187042236,0.06437387334427003,0.07010364532470703
573,1.2871254682540894,0.7205182933791022,0.5666071748749871,0.1506423056125641,0.8711605989916663,0.5666071748749871,0.41596486926242304,0.41596486926242304,2.2314422130584717,1.6786540037942401,0.5527882092642316,-0.07852569222450256,1.6001283115697376,0.5527882092642316,0.6313139014887341,0.6313139014887341,1.3640930652618408,0.4929324662701745,0.07696759700775146,2.2065067291259766,0.606378417556239,0.024935483932495117
574,0.673770546913147,0.6531349211651845,0.020635625747962516,0.20965835452079773,0.8627932756859822,0.020635625747962516,0.1890227287728352,0.1890227287728352,1.753640055656433,1.7550897543453337,-0.001449698688900547,0.2486172616481781,2.0037070159935118,0.001449698688900547,0.25006696033707865,0.25006696033707865,0.697126567363739,0.16566670832224317,0.02335602045059204,1.8841472864151,0.11955972957841166,0.130507230758667
575,0.8743172883987427,1.0222170292750095,-0.14789974087626678,-0.10017579793930054,0.9220412313357089,0.14789974087626678,0.047723942936966246,0.047723942936966246,2.6799476146698,1.3522318080892681,1.3277158065805317,0.16449189186096191,1.51672369995023,1.3277158065805317,1.1632239147195698,1.1632239147195698,0.8328759670257568,0.08916526430995209,0.04144132137298584,2.723886251449585,1.207162551499355,0.043938636779785156
576,1.0091297626495361,1.0630748059562132,-0.05394504330667704,-0.024005021899938583,1.0390697840562746,0.05394504330667704,0.02994002140673846,0.02994002140673846,0.8958585858345032,1.1788737579627289,-0.2830151721282257,-0.08192336559295654,1.0969503923697723,0.2830151721282257,0.20109180653526915,0.20109180653526915,0.9940725564956665,0.04499722756060809,0.015057206153869629,1.1144442558288574,0.0174938634590851,0.21858566999435425
577,1.0338866710662842,1.0835036957096305,-0.049617024643346275,-0.15261219441890717,0.9308915012907233,0.049617024643346275,0.10299516977556089,0.10299516977556089,0.9156076312065125,1.092194726904936,-0.17658709569842346,0.013900846242904663,1.1060955731478406,0.17658709569842346,0.19048794194132812,0.19048794194132812,1.0505326986312866,0.11964119734056333,0.01664602756500244,0.928989589214325,0.17710598393351562,0.0133819580078125
578,0.6697498559951782,1.103932582637417,-0.43418272664223867,-0.3923477530479431,0.7115848295894738,0.43418272664223867,0.041834973594295555,0.041834973594295555,0.8911149501800537,1.0055157078361898,-0.11440075765613611,0.03665706515312195,1.0421727729893118,0.11440075765613611,0.15105782280925806,0.15105782280925806,0.6388503909111023,0.07273443867837148,0.030899465084075928,0.881104588508606,0.1610681844807058,0.010010361671447754
579,0.9070874452590942,0.8032210911301033,0.10386635412899092,0.09162628650665283,0.8948473776367561,0.10386635412899092,0.012240067622338091,0.012240067622338091,1.3388819694519043,1.600647972934894,-0.2617660034829896,-0.2592596709728241,1.3413883019620698,0.2617660034829896,0.002506332510165521,0.002506332510165521,0.8769080638885498,0.017939313748206343,0.030179381370544434,1.3525629043579102,0.011174602395840338,0.01368093490600586
580,1.284726858139038,0.7358377275363162,0.5488891306027219,0.1506423056125641,0.8864800331488802,0.5488891306027219,0.39824682499015784,0.39824682499015784,2.234438180923462,1.677083713707816,0.5573544672156459,-0.07852569222450256,1.5985580214833135,0.5573544672156459,0.6358801594401484,0.6358801594401484,1.3686338663101196,0.4821538331612394,0.08390700817108154,2.2485544681549072,0.6499964466715937,0.014116287231445312
581,0.6738592386245728,0.6684543553223984,0.005404883302174368,0.20965835452079773,0.8781127098431961,0.005404883302174368,0.20425347121862336,0.20425347121862336,1.7590456008911133,1.7535194642589096,0.005526136632203693,0.2486172616481781,2.0021367259070875,0.005526136632203693,0.2430911250159744,0.24309112501597419,0.6625908017158508,0.21552190812734529,0.011268436908721924,1.7385345697402954,0.26360215616679206,0.02051103115081787
582,1.0923433303833008,0.9712828473295791,0.12106048305372163,-0.10017579793930054,0.8711070493902786,0.12106048305372163,0.22123628099302217,0.22123628099302217,0.4463486671447754,1.0534400338756027,-0.6070913667308273,0.16449189186096191,1.2179319257365646,0.6070913667308273,0.7715832585917892,0.7715832585917892,1.0977059602737427,0.22659891088346407,0.0053626298904418945,0.5255530476570129,0.6923788780795517,0.07920438051223755
583,1.1892082691192627,1.0121406240107829,0.17706764510847983,-0.024005021899938583,0.9881356021108443,0.17706764510847983,0.20107266700841842,0.20107266700841842,0.29813259840011597,0.8800819837490634,-0.5819493853489475,-0.08192336559295654,0.7981586181561069,0.5819493853489475,0.5000260197559909,0.5000260197559909,1.217902660369873,0.22976705825902877,0.02869439125061035,0.26578009128570557,0.5323785268704013,0.0323525071144104
584,1.233762264251709,1.0325695137642001,0.20119275048750884,-0.15261219441890717,0.879957319345293,0.20119275048750884,0.353804944906416,0.353804944906416,0.30039477348327637,0.7934029526912704,-0.493008179207994,0.013900846242904663,0.807303798934175,0.493008179207994,0.5069090254508987,0.5069090254508987,1.2367678880691528,0.35681056872385986,0.0030056238174438477,0.2134990394115448,0.5938047595226302,0.08689573407173157
585,0.7226358652114868,1.0529984006919866,-0.33036253548049976,-0.3923477530479431,0.6606506476440435,0.33036253548049976,0.06198521756744335,0.06198521756744335,0.300540030002594,0.7067239336225243,-0.4061839036199303,0.03665706515312195,0.7433809987756462,0.4061839036199303,0.44284096877305223,0.44284096877305223,0.8169142007827759,0.15626355313873241,0.09427833557128906,0.24193701148033142,0.5014439872953148,0.05860301852226257
586,0.937201976776123,0.7522869091846729,0.18491506759145016,0.09162628650665283,0.8439131956913257,0.18491506759145016,0.09328878108479732,0.09328878108479732,0.3695060908794403,1.3018561987212283,-0.932350107841788,-0.2592596709728241,1.0425965277484042,0.932350107841788,0.6730904368689639,0.6730904368689639,0.9370826482772827,0.09316945258595699,0.00011932849884033203,0.30339112877845764,0.7392053989699465,0.06611496210098267
587,0.8677502274513245,0.6849035455908858,0.18284668186043862,0.1506423056125641,0.8355458512034499,0.18284668186043862,0.03220437624787453,0.03220437624787453,0.3107798099517822,1.3782919394941506,-1.0675121295423684,-0.07852569222450256,1.299766247269648,1.0675121295423684,0.9889864373178658,0.9889864373178658,0.8747099041938782,0.039164052990428244,0.006959676742553711,0.21720479428768158,1.0825614529819665,0.09357501566410065
588,0.6921786665916443,0.617520173376968,0.07465849321467632,0.20965835452079773,0.8271785278977657,0.07465849321467632,0.1349998613061214,0.1349998613061214,1.3936452865600586,1.4547276900452442,-0.061082403485185566,0.2486172616481781,1.7033449516934223,0.061082403485185566,0.30969966513336367,0.30969966513336367,0.7364485859870911,0.09072994191067463,0.04426991939544678,1.3364251852035522,0.36691976648987,0.05722010135650635
589,0.980132520198822,1.0605025880855217,-0.08037006788669965,-0.10017579793930054,0.9603267901462211,0.08037006788669965,0.01980573005260089,0.01980573005260089,2.625213861465454,1.1899990106937128,1.4352148507717413,0.16449189186096191,1.3544909025546747,1.4352148507717413,1.2707229589107794,1.2707229589107794,0.9554203152656555,0.004906474880565614,0.024712204933166504,2.6228621006011963,1.2683711980465215,0.0023517608642578125
590,1.1294676065444946,1.1013603647667254,0.028107241777769243,-0.024005021899938583,1.0773553428667868,0.028107241777769243,0.052112263677707826,0.052112263677707826,0.8956546783447266,1.0166409605671738,-0.12098628222244723,-0.08192336559295654,0.9347175949742172,0.12098628222244723,0.039062916629490685,0.039062916629490685,1.083067774772644,0.00571243190585724,0.046399831771850586,1.0193257331848145,0.0846081382105972,0.12367105484008789
591,1.196878433227539,1.1217892545201424,0.07508917870739662,-0.15261219441890717,0.9691770601012353,0.07508917870739662,0.22770137312630379,0.22770137312630379,0.9019790291786194,0.9299619295093806,-0.02798290033076123,0.013900846242904663,0.9438627757522853,0.02798290033076123,0.04188374657366589,0.04188374657366589,1.1703364849090576,0.20115942480782234,0.026541948318481445,1.1324000358581543,0.18853726010586902,0.2304210066795349
592,0.7335237860679626,1.1320036979840358,-0.3984799119160731,-0.25858891010284424,0.8734147878811915,0.3984799119160731,0.1398910018132289,0.1398910018132289,0.8998492360115051,0.8866224199750076,0.013226816036497557,0.02803686261177063,0.9146592825867782,0.013226816036497557,0.014810046575273073,0.014810046575273073,0.750397801399231,0.12301698648196058,0.01687401533126831,0.682815670967102,0.23184361161967615,0.21703356504440308
593,0.7030841112136841,1.142218141447929,-0.439134030234245,-0.3923477530479431,0.749870388399986,0.439134030234245,0.046786277186301906,0.046786277186301906,0.870352029800415,0.8432829104406345,0.027069119359780514,0.03665706515312195,0.8799399755937565,0.027069119359780514,0.009587945793341435,0.009587945793341435,0.7104218602180481,0.03944852818193789,0.007337749004364014,1.1247854232788086,0.24484544768505212,0.25443339347839355
594,1.0110974311828613,0.8415066499406154,0.1695907812422459,0.09162628650665283,0.9331329364472682,0.1695907812422459,0.07796449473559308,0.07796449473559308,1.3089195489883423,1.4384151755393386,-0.12949562655099633,-0.2592596709728241,1.1791555045665145,0.12949562655099633,0.12976404442182776,0.12976404442182776,1.0975593328475952,0.16442639640032697,0.08646190166473389,1.4703704118728638,0.29121490730634925,0.16145086288452148
595,1.3268204927444458,0.7741232863468284,0.5526972063976174,0.1506423056125641,0.9247655919593925,0.5526972063976174,0.40205490078505335,0.40205490078505335,1.9327311515808105,1.5148509163122608,0.4178802352685498,-0.07852569222450256,1.4363252240877582,0.4178802352685498,0.49640592749305235,0.49640592749305235,1.3731745481491089,0.44840895618971643,0.046354055404663086,2.1192145347595215,0.6828893106717633,0.18648338317871094
596,0.7055459022521973,0.7067399141329105,-0.0011940118807132194,0.20965835452079773,0.9163982686537082,0.0011940118807132194,0.21085236640151095,0.21085236640151095,1.7576968669891357,1.5912866668633543,0.16641020012578145,0.2486172616481781,1.8399039285115324,0.16641020012578145,0.08220706152239665,0.08220706152239665,0.5698891282081604,0.3465091404455478,0.13565677404403687,1.7963571548461914,0.04354677366534099,0.038660287857055664
597,0.9804502725601196,1.0711325660631608,-0.09068229350304113,-0.10017579793930054,0.9709567681238602,0.09068229350304113,0.009493504436259403,0.009493504436259403,0.9086201190948486,1.0468248152318222,-0.13820469613697361,0.16449189186096191,1.2113167070927842,0.13820469613697361,0.30269658799793553,0.30269658799793553,1.0087039470672607,0.03774717894340052,0.028253674507141113,0.8877301216125488,0.32358658548023533,0.020889997482299805
598,1.1303188800811768,1.1119903427443645,0.01832853733681228,-0.024005021899938583,1.087985320844426,0.01832853733681228,0.04233355923675086,0.04233355923675086,0.824932336807251,0.8734667651052831,-0.04853442829803212,-0.08192336559295654,0.7915433995123266,0.04853442829803212,0.033388937294924426,0.033388937294924426,1.164306879043579,0.0763215581991532,0.033987998962402344,0.9790211915969849,0.1874777920846583,0.1540888547897339
599,1.2003862857818604,1.1324192324977815,0.06796705328407882,-0.15261219441890717,0.9798070380788744,0.06796705328407882,0.22057924770298598,0.22057924770298598,0.8280984163284302,0.78678773404749,0.04131068228094015,0.013900846242904663,0.8006885802903947,0.04131068228094015,0.027409836038035484,0.027409836038035484,1.3170595169067383,0.3372524788278639,0.11667323112487793,0.6928603053092957,0.10782827498109904,0.13523811101913452
600,0.7030702829360962,1.1528481194255682,-0.449777836489472,-0.3923477530479431,0.7605003663776251,0.449777836489472,0.05743008344152889,0.05743008344152889,0.8059499263763428,0.7001087149787439,0.10584121139759883,0.03665706515312195,0.7367657801318659,0.10584121139759883,0.06918414624447689,0.06918414624447689,0.8143799901008606,0.053879623723235515,0.1113097071647644,0.6419072151184082,0.09485856501345769,0.16404271125793457
601,1.0065449476242065,0.8521366279182545,0.15440831970595204,0.09162628650665283,0.9437629144249073,0.15440831970595204,0.0627820331992992,0.0627820331992992,1.018955111503601,1.295240980077448,-0.27628586857384696,-0.2592596709728241,1.035981309104624,0.27628586857384696,0.017026197601022863,0.017026197601022863,0.9374336004257202,0.006329313999187125,0.06911134719848633,0.9746424555778503,0.061338853526773596,0.04431265592575073
602,1.3253486156463623,0.7847532643244673,0.540595351321895,0.1506423056125641,0.9353955699370314,0.540595351321895,0.38995304570933087,0.38995304570933087,1.9459770917892456,1.3716767208503702,0.5743003709388754,-0.07852569222450256,1.2931510286258676,0.5743003709388754,0.652826063163378,0.652826063163378,1.3777410984039307,0.44234552846689923,0.05239248275756836,1.9575920104980469,0.6644409818721793,0.01161491870880127
603,0.7057350277900696,0.7173698921105496,-0.011634864320479998,0.20965835452079773,0.9270282466313473,0.011634864320479998,0.22129321884127773,0.22129321884127773,1.7745296955108643,1.4481124714014637,0.32641722410940055,0.2486172616481781,1.6967297330496418,0.32641722410940055,0.07779996246122245,0.07779996246122245,0.6710093021392822,0.2560189444920651,0.034725725650787354,1.6993316411972046,0.0026019081475627814,0.07519805431365967
