{
  "generated_at_utc": "2026-06-12T09:22:48.275314+00:00",
  "target_ys": 0.959,
  "target_fs": 0.857,
  "objectives": "three",
  "population_size": 4,
  "generations": 1,
  "device": "cpu",
  "pareto_front_size": 4,
  "knee_index": 1,
  "individuals": [
    {
      "genome_30d": [
        5.860422611236572,
        4.057060241699219,
        2.05987811088562,
        2.036405563354492,
        0.0,
        0.44999998807907104,
        0.14802244305610657,
        0.02024071477353573,
        0.0,
        0.0667351484298706,
        -0.7667062878608704,
        0.0,
        0.0,
        0.0,
        0.27407726645469666,
        0.03630886226892471,
        0.0,
        0.0,
        0.0,
        0.0,
        0.0,
        0.0,
        0.0,
        0.054750483483076096,
        0.0028946977108716965,
        0.035998374223709106,
        0.0,
        0.0,
        0.0,
        0.0
      ],
      "element_wt_pct": {
        "Al": 5.860422611236572,
        "Zr": 4.057060241699219,
        "Sn": 2.05987811088562,
        "Mo": 2.036405563354492,
        "Cr": 0.0,
        "Nb": 0.44999998807907104,
        "Si": 0.14802244305610657,
        "V": 0.02024071477353573,
        "Ta": 0.0,
        "Fe": 0.0667351484298706
      },
      "ti_balance_wt_pct": 85.30123138427734,
      "testenv_z": [
        -0.7667062878608704,
        0.0
      ],
      "coldway_3x6": [
        [
          0.0,
          0.0,
          0.27407726645469666,
          0.03630886226892471,
          0.0,
          0.0
        ],
        [
          0.0,
          0.0,
          0.0,
          0.0,
          0.0,
          0.054750483483076096
        ],
        [
          0.0028946977108716965,
          0.035998374223709106,
          0.0,
          0.0,
          0.0,
          0.0
        ]
      ],
      "f1_ys_abs_err": 0.4659485306739807,
      "f2_fs_abs_err": 0.7663542546033859,
      "f3_anchor_l2": 0.5038489103317261,
      "ys_pred": 0.4930514693260193,
      "fs_pred": 0.09064574539661407,
      "nearest_train_idx": 45
    },
    {
      "genome_30d": [
        6.502513885498047,
        1.4707258939743042,
        0.0,
        3.2292168140411377,
        0.006029436364769936,
        0.0,
        0.25748971104621887,
        0.0,
        0.0,
        0.0,
        1.6954054832458496,
        -0.8938689231872559,
        0.0,
        0.0,
        0.23369944095611572,
        -0.6401072144508362,
        0.0,
        0.0,
        0.0,
        0.0,
        -0.4077368974685669,
        1.825627088546753,
        0.0,
        0.0,
        0.0,
        0.0,
        0.0,
        0.0,
        0.0,
        0.0
      ],
      "element_wt_pct": {
        "Al": 6.502513885498047,
        "Zr": 1.4707258939743042,
        "Sn": 0.0,
        "Mo": 3.2292168140411377,
        "Cr": 0.006029436364769936,
        "Nb": 0.0,
        "Si": 0.25748971104621887,
        "V": 0.0,
        "Ta": 0.0,
        "Fe": 0.0
      },
      "ti_balance_wt_pct": 88.53402709960938,
      "testenv_z": [
        1.6954054832458496,
        -0.8938689231872559
      ],
      "coldway_3x6": [
        [
          0.0,
          0.0,
          0.23369944095611572,
          -0.6401072144508362,
          0.0,
          0.0
        ],
        [
          0.0,
          0.0,
          -0.4077368974685669,
          1.825627088546753,
          0.0,
          0.0
        ],
        [
          0.0,
          0.0,
          0.0,
          0.0,
          0.0,
          0.0
        ]
      ],
      "f1_ys_abs_err": 0.4721728053092956,
      "f2_fs_abs_err": 0.7177648760080337,
      "f3_anchor_l2": 0.24987001717090607,
      "ys_pred": 0.48682719469070435,
      "fs_pred": 0.13923512399196625,
      "nearest_train_idx": 210
    },
    {
      "genome_30d": [
        5.860422611236572,
        4.057060241699219,
        2.05987811088562,
        3.0293362140655518,
        0.9990576505661011,
        1.8870600461959839,
        0.14802244305610657,
        0.02024071477353573,
        0.0,
        0.0,
        -0.7667062878608704,
        0.7480681538581848,
        0.0,
        0.0,
        0.27407726645469666,
        -0.3393821716308594,
        0.0,
        0.0,
        0.0,
        0.0,
        0.0,
        0.0,
        0.0,
        0.0,
        0.0028946977108716965,
        0.035998374223709106,
        0.0,
        0.0,
        0.0,
        0.0
      ],
      "element_wt_pct": {
        "Al": 5.860422611236572,
        "Zr": 4.057060241699219,
        "Sn": 2.05987811088562,
        "Mo": 3.0293362140655518,
        "Cr": 0.9990576505661011,
        "Nb": 1.8870600461959839,
        "Si": 0.14802244305610657,
        "V": 0.02024071477353573,
        "Ta": 0.0,
        "Fe": 0.0
      },
      "ti_balance_wt_pct": 81.93891906738281,
      "testenv_z": [
        -0.7667062878608704,
        0.7480681538581848
      ],
      "coldway_3x6": [
        [
          0.0,
          0.0,
          0.27407726645469666,
          -0.3393821716308594,
          0.0,
          0.0
        ],
        [
          0.0,
          0.0,
          0.0,
          0.0,
          0.0,
          0.0
        ],
        [
          0.0028946977108716965,
          0.035998374223709106,
          0.0,
          0.0,
          0.0,
          0.0
        ]
      ],
      "f1_ys_abs_err": 0.46918399000167843,
      "f2_fs_abs_err": 0.694895467877388,
      "f3_anchor_l2": 2.098543167114258,
      "ys_pred": 0.48981600999832153,
      "fs_pred": 0.162104532122612,
      "nearest_train_idx": 318
    },
    {
      "genome_30d": [
        5.996131896972656,
        2.032134532928467,
        2.028712272644043,
        3.0293362140655518,
        0.9990576505661011,
        1.8870600461959839,
        0.028177950531244278,
        1.0,
        0.0,
        0.0,
        1.681032657623291,
        0.0,
        0.0,
        0.0,
        0.08833302557468414,
        -0.3393821716308594,
        0.0,
        0.0,
        0.0,
        0.0,
        0.016849910840392113,
        0.048664696514606476,
        0.0,
        0.0,
        0.0,
        0.0,
        0.0,
        0.0,
        0.0,
        0.0
      ],
      "element_wt_pct": {
        "Al": 5.996131896972656,
        "Zr": 2.032134532928467,
        "Sn": 2.028712272644043,
        "Mo": 3.0293362140655518,
        "Cr": 0.9990576505661011,
        "Nb": 1.8870600461959839,
        "Si": 0.028177950531244278,
        "V": 1.0,
        "Ta": 0.0,
        "Fe": 0.0
      },
      "ti_balance_wt_pct": 82.9993896484375,
      "testenv_z": [
        1.681032657623291,
        0.0
      ],
      "coldway_3x6": [
        [
          0.0,
          0.0,
          0.08833302557468414,
          -0.3393821716308594,
          0.0,
          0.0
        ],
        [
          0.0,
          0.0,
          0.016849910840392113,
          0.048664696514606476,
          0.0,
          0.0
        ],
        [
          0.0,
          0.0,
          0.0,
          0.0,
          0.0,
          0.0
        ]
      ],
      "f1_ys_abs_err": 0.46981967353820797,
      "f2_fs_abs_err": 0.7471869505643844,
      "f3_anchor_l2": 1.3328328132629395,
      "ys_pred": 0.489180326461792,
      "fs_pred": 0.10981304943561554,
      "nearest_train_idx": 299
    }
  ],
  "paths": {
    "pareto_json": "/home/data/metalgnn/metalForTi/Pareto/outputs_ga/pareto_front.json",
    "summary_txt": "/home/data/metalgnn/metalForTi/Pareto/outputs_ga/ga_summary.txt",
    "scatter_png": "/home/data/metalgnn/metalForTi/Pareto/outputs_ga/pareto_scatter.png"
  },
  "field_descriptions": {
    "generated_at_utc": "报告生成时间（UTC）",
    "target_ys": "用户目标屈服强度 YS",
    "target_fs": "用户目标 FS",
    "objectives": "优化目标模式：three 或 two",
    "population_size": "最终种群规模",
    "pareto_front_size": "第一非支配层个体数",
    "individuals": "帕累托前沿个体列表",
    "genome_30d": "30 维基因组（element+testenv+coldway）",
    "element_wt_pct": "10 元含量 wt%",
    "ti_balance_wt_pct": "钛余量 wt%",
    "testenv_z": "试验环境 tem/fcr z-score",
    "coldway_3x6": "coldway 重塑为 3×6",