element_0,element_1,element_2,element_3,element_4,element_5,element_6,element_7,element_8,element_9,testenv_0,testenv_1,coldway_0,coldway_1,coldway_2,coldway_3,coldway_4,coldway_5,coldway_6,coldway_7,coldway_8,coldway_9,coldway_10,coldway_11,coldway_12,coldway_13,coldway_14,coldway_15,coldway_16,coldway_17,YS,FS,UTS
6.5,2.0,0.0,1.0,0.0,0.0,0.15000000596046448,1.0,0.0,0.0,-0.7908821702003479,-0.8679298758506775,0.24294616281986237,0.0,0.0,0.0,0.0,0.0,0.0,0.0,0.0,0.0,0.0,0.0,0.0,0.0,0.0,0.0,0.0,0.0,1.0507597923278809,0.5226442217826843,1.0596116781234741
6.5,2.0,0.0,1.0,0.0,0.0,0.15000000596046448,1.0,0.0,0.0,-0.7908821702003479,-0.22153080999851227,0.24294616281986237,0.0,0.0,0.0,0.0,0.0,0.0,0.0,0.0,0.0,0.0,0.0,0.0,0.0,0.0,0.0,0.0,0.0,1.2439740896224976,0.3118848502635956,1.2015068531036377
6.5,2.0,0.0,1.0,0.0,0.0,0.15000000596046448,1.0,0.0,0.0,-0.7908821702003479,0.10166872292757034,0.24294616281986237,0.0,0.0,0.0,0.0,0.0,0.0,0.0,0.0,0.0,0.0,0.0,0.0,0.0,0.0,0.0,0.0,0.0,1.2609179019927979,0.3128231167793274,1.1975070238113403
6.5,2.0,0.0,1.0,0.0,0.0,0.15000000596046448,1.0,0.0,0.0,-0.7908821702003479,0.42486825585365295,0.24294616281986237,0.0,0.0,0.0,0.0,0.0,0.0,0.0,0.0,0.0,0.0,0.0,0.0,0.0,0.0,0.0,0.0,0.0,1.3548294305801392,0.2887524664402008,1.2140729427337646
6.5,2.0,0.0,1.0,0.0,0.0,0.15000000596046448,1.0,0.0,0.0,-0.7908821702003479,0.7480677962303162,0.24294616281986237,0.0,0.0,0.0,0.0,0.0,0.0,0.0,0.0,0.0,0.0,0.0,0.0,0.0,0.0,0.0,0.0,0.0,1.3946210145950317,0.346030056476593,1.2483664751052856
6.5,2.0,0.0,1.0,0.0,0.0,0.15000000596046448,1.0,0.0,0.0,-0.7908821702003479,1.0712673664093018,0.24294616281986237,0.0,0.0,0.0,0.0,0.0,0.0,0.0,0.0,0.0,0.0,0.0,0.0,0.0,0.0,0.0,0.0,0.0,1.4078983068466187,0.2734149098396301,1.1998347043991089
6.5,2.0,0.0,1.0,0.0,0.0,0.15000000596046448,1.0,0.0,0.0,-0.7908821702003479,1.3944668769836426,0.24294616281986237,0.0,0.0,0.0,0.0,0.0,0.0,0.0,0.0,0.0,0.0,0.0,0.0,0.0,0.0,0.0,0.0,0.0,1.3672276735305786,0.3109441101551056,1.205527901649475
6.5,2.0,0.0,1.0,0.0,0.0,0.15000000596046448,1.0,0.0,0.0,0.7233843207359314,-0.8679298758506775,0.24294616281986237,0.0,0.0,0.0,0.0,0.0,0.0,0.0,0.0,0.0,0.0,0.0,0.0,0.0,0.0,0.0,0.0,0.0,0.7758374810218811,0.4445516765117645,0.7528173327445984
6.5,2.0,0.0,1.0,0.0,0.0,0.15000000596046448,1.0,0.0,0.0,1.18931245803833,-0.8679298758506775,0.24294616281986237,0.0,0.0,0.0,0.0,0.0,0.0,0.0,0.0,0.0,0.0,0.0,0.0,0.0,0.0,0.0,0.0,0.0,0.6306681632995605,0.33082666993141174,0.7224476933479309
6.5,2.0,0.0,1.0,0.0,0.0,0.15000000596046448,1.0,0.0,0.0,1.6552406549453735,-0.8679298758506775,0.24294616281986237,0.0,0.0,0.0,0.0,0.0,0.0,0.0,0.0,0.0,0.0,0.0,0.0,0.0,0.0,0.0,0.0,0.0,0.6642409563064575,0.8139623403549194,0.6532803177833557
6.5,2.0,0.0,1.0,0.0,0.0,0.15000000596046448,1.0,0.0,0.0,-0.7908821702003479,-0.8679298758506775,0.0,0.0,0.24294616281986237,0.0,0.0,0.0,0.0,0.0,0.0,0.0,0.0,0.0,0.0,0.0,0.0,0.0,0.0,0.0,0.9274845719337463,0.7364670634269714,1.0265862941741943
6.5,2.0,0.0,1.0,0.0,0.0,0.15000000596046448,1.0,0.0,0.0,-0.7908821702003479,0.10166872292757034,0.0,0.0,0.24294616281986237,0.0,0.0,0.0,0.0,0.0,0.0,0.0,0.0,0.0,0.0,0.0,0.0,0.0,0.0,0.0,1.0637617111206055,0.3350110650062561,1.1224006414413452
6.5,2.0,0.0,1.0,0.0,0.0,0.15000000596046448,1.0,0.0,0.0,-0.7908821702003479,0.42486825585365295,0.0,0.0,0.24294616281986237,0.0,0.0,0.0,0.0,0.0,0.0,0.0,0.0,0.0,0.0,0.0,0.0,0.0,0.0,0.0,1.0415817499160767,0.6347873210906982,1.099929928779602
6.5,2.0,0.0,1.0,0.0,0.0,0.15000000596046448,1.0,0.0,0.0,-0.7908821702003479,1.0712673664093018,0.0,0.0,0.24294616281986237,0.0,0.0,0.0,0.0,0.0,0.0,0.0,0.0,0.0,0.0,0.0,0.0,0.0,0.0,0.0,1.1963403224945068,0.5454860925674438,1.080033779144287
6.5,2.0,0.0,1.0,0.0,0.0,0.15000000596046448,1.0,0.0,0.0,-0.7908821702003479,1.3944668769836426,0.0,0.0,0.24294616281986237,0.0,0.0,0.0,0.0,0.0,0.0,0.0,0.0,0.0,0.0,0.0,0.0,0.0,0.0,0.0,1.2578716278076172,0.591052234172821,1.0991936922073364
6.5,2.0,0.0,1.0,0.0,0.0,0.15000000596046448,1.0,0.0,0.0,0.7233843207359314,-0.8679298758506775,0.0,0.0,0.24294616281986237,0.0,0.0,0.0,0.0,0.0,0.0,0.0,0.0,0.0,0.0,0.0,0.0,0.0,0.0,0.0,0.6039602756500244,1.1524347066879272,0.6927419900894165
6.5,2.0,0.0,1.0,0.0,0.0,0.15000000596046448,1.0,0.0,0.0,1.18931245803833,-0.8679298758506775,0.0,0.0,0.24294616281986237,0.0,0.0,0.0,0.0,0.0,0.0,0.0,0.0,0.0,0.0,0.0,0.0,0.0,0.0,0.0,0.5033743977546692,1.1418019533157349,0.666869044303894
6.5,2.0,0.0,1.0,0.0,0.0,0.15000000596046448,1.0,0.0,0.0,1.6552406549453735,-0.8679298758506775,0.0,0.0,0.24294616281986237,0.0,0.0,0.0,0.0,0.0,0.0,0.0,0.0,0.0,0.0,0.0,0.0,0.0,0.0,0.0,0.5581983923912048,2.2875866889953613,0.567052960395813
6.5,2.0,0.0,1.0,0.0,0.0,0.15000000596046448,1.0,0.0,0.0,-0.7908821702003479,-0.8679298758506775,0.0,0.0,0.0,0.0,0.24294616281986237,0.0,0.0,0.0,0.0,0.0,0.0,0.0,0.0,0.0,0.0,0.0,0.0,0.0,0.8451789617538452,1.0754330158233643,0.9066269993782043
6.5,2.0,0.0,1.0,0.0,0.0,0.15000000596046448,1.0,0.0,0.0,-0.7908821702003479,0.10166872292757034,0.0,0.0,0.0,0.0,0.24294616281986237,0.0,0.0,0.0,0.0,0.0,0.0,0.0,0.0,0.0,0.0,0.0,0.0,0.0,1.084196925163269,0.4060209095478058,1.0036588907241821
6.5,2.0,0.0,1.0,0.0,0.0,0.15000000596046448,1.0,0.0,0.0,-0.7908821702003479,0.7480677962303162,0.0,0.0,0.0,0.0,0.24294616281986237,0.0,0.0,0.0,0.0,0.0,0.0,0.0,0.0,0.0,0.0,0.0,0.0,0.0,1.1071069240570068,0.6351115107536316,1.0235239267349243
6.5,2.0,0.0,1.0,0.0,0.0,0.15000000596046448,1.0,0.0,0.0,-0.7908821702003479,1.0712673664093018,0.0,0.0,0.0,0.0,0.24294616281986237,0.0,0.0,0.0,0.0,0.0,0.0,0.0,0.0,0.0,0.0,0.0,0.0,0.0,1.1025758981704712,0.4687538743019104,0.9821420311927795
6.5,2.0,0.0,1.0,0.0,0.0,0.15000000596046448,1.0,0.0,0.0,-0.7908821702003479,1.3944668769836426,0.0,0.0,0.0,0.0,0.24294616281986237,0.0,0.0,0.0,0.0,0.0,0.0,0.0,0.0,0.0,0.0,0.0,0.0,0.0,1.1452364921569824,0.7430717945098877,1.0708991289138794
6.5,2.0,0.0,1.0,0.0,0.0,0.15000000596046448,1.0,0.0,0.0,0.7233843207359314,-0.8679298758506775,0.0,0.0,0.0,0.0,0.24294616281986237,0.0,0.0,0.0,0.0,0.0,0.0,0.0,0.0,0.0,0.0,0.0,0.0,0.0,0.4377633333206177,1.8205245733261108,0.5965766310691833
6.5,2.0,0.0,1.0,0.0,0.0,0.15000000596046448,1.0,0.0,0.0,1.18931245803833,-0.8679298758506775,0.0,0.0,0.0,0.0,0.24294616281986237,0.0,0.0,0.0,0.0,0.0,0.0,0.0,0.0,0.0,0.0,0.0,0.0,0.0,0.4304035007953644,1.6528886556625366,0.5759115219116211
6.5,2.0,0.0,1.0,0.0,0.0,0.15000000596046448,1.0,0.0,0.0,1.6552406549453735,-0.8679298758506775,0.0,0.0,0.0,0.0,0.24294616281986237,0.0,0.0,0.0,0.0,0.0,0.0,0.0,0.0,0.0,0.0,0.0,0.0,0.0,0.40205755829811096,2.358175754547119,0.4949135482311249
6.5,2.0,0.0,1.0,0.0,0.0,0.15000000596046448,1.0,0.0,0.0,-0.7908821702003479,-0.8679298758506775,0.11778303980827332,0.0,0.0,0.0,0.0,0.0,0.0,0.0,0.0,0.0,0.0,0.0,0.0,0.0,0.0,0.0,0.0,0.0,0.968643069267273,0.7926827073097229,1.0577261447906494
6.5,2.0,0.0,1.0,0.0,0.0,0.15000000596046448,1.0,0.0,0.0,-0.7908821702003479,0.10166872292757034,0.11778303980827332,0.0,0.0,0.0,0.0,0.0,0.0,0.0,0.0,0.0,0.0,0.0,0.0,0.0,0.0,0.0,0.0,0.0,0.997005820274353,0.350155770778656,1.1409472227096558
6.5,2.0,0.0,1.0,0.0,0.0,0.15000000596046448,1.0,0.0,0.0,-0.7908821702003479,0.42486825585365295,0.11778303980827332,0.0,0.0,0.0,0.0,0.0,0.0,0.0,0.0,0.0,0.0,0.0,0.0,0.0,0.0,0.0,0.0,0.0,1.0590804815292358,0.5827383399009705,1.2094106674194336
6.5,2.0,0.0,1.0,0.0,0.0,0.15000000596046448,1.0,0.0,0.0,-0.7908821702003479,1.0712673664093018,0.11778303980827332,0.0,0.0,0.0,0.0,0.0,0.0,0.0,0.0,0.0,0.0,0.0,0.0,0.0,0.0,0.0,0.0,0.0,1.1983510255813599,0.657409131526947,1.2128456830978394
6.5,2.0,0.0,1.0,0.0,0.0,0.15000000596046448,1.0,0.0,0.0,-0.7908821702003479,1.3944668769836426,0.11778303980827332,0.0,0.0,0.0,0.0,0.0,0.0,0.0,0.0,0.0,0.0,0.0,0.0,0.0,0.0,0.0,0.0,0.0,1.2780119180679321,0.6474426984786987,1.2341721057891846
6.5,2.0,0.0,1.0,0.0,0.0,0.15000000596046448,1.0,0.0,0.0,0.7233843207359314,-0.8679298758506775,0.11778303980827332,0.0,0.0,0.0,0.0,0.0,0.0,0.0,0.0,0.0,0.0,0.0,0.0,0.0,0.0,0.0,0.0,0.0,0.6008477807044983,0.9744859933853149,0.785577118396759
6.5,2.0,0.0,1.0,0.0,0.0,0.15000000596046448,1.0,0.0,0.0,1.18931245803833,-0.8679298758506775,0.11778303980827332,0.0,0.0,0.0,0.0,0.0,0.0,0.0,0.0,0.0,0.0,0.0,0.0,0.0,0.0,0.0,0.0,0.0,0.6038069725036621,0.8076324462890625,0.7904360890388489
6.5,2.0,0.0,1.0,0.0,0.0,0.15000000596046448,1.0,0.0,0.0,1.6552406549453735,-0.8679298758506775,0.11778303980827332,0.0,0.0,0.0,0.0,0.0,0.0,0.0,0.0,0.0,0.0,0.0,0.0,0.0,0.0,0.0,0.0,0.0,0.5744691491127014,1.2512239217758179,0.6560288071632385
6.5,2.0,0.0,1.0,0.0,0.0,0.15000000596046448,1.0,0.0,0.0,-0.7908821702003479,-0.8679298758506775,0.0,0.0,0.11778303980827332,0.0,0.0,0.0,0.0,0.0,0.0,0.0,0.0,0.0,0.0,0.0,0.0,0.0,0.0,0.0,0.9091640710830688,1.0853593349456787,1.0601885318756104
6.5,2.0,0.0,1.0,0.0,0.0,0.15000000596046448,1.0,0.0,0.0,-0.7908821702003479,0.10166872292757034,0.0,0.0,0.11778303980827332,0.0,0.0,0.0,0.0,0.0,0.0,0.0,0.0,0.0,0.0,0.0,0.0,0.0,0.0,0.0,1.1455968618392944,0.3071407377719879,1.1594619750976562
6.5,2.0,0.0,1.0,0.0,0.0,0.15000000596046448,1.0,0.0,0.0,-0.7908821702003479,0.42486825585365295,0.0,0.0,0.11778303980827332,0.0,0.0,0.0,0.0,0.0,0.0,0.0,0.0,0.0,0.0,0.0,0.0,0.0,0.0,0.0,1.2311068773269653,0.5728635191917419,1.2387242317199707
6.5,2.0,0.0,1.0,0.0,0.0,0.15000000596046448,1.0,0.0,0.0,-0.7908821702003479,1.0712673664093018,0.0,0.0,0.11778303980827332,0.0,0.0,0.0,0.0,0.0,0.0,0.0,0.0,0.0,0.0,0.0,0.0,0.0,0.0,0.0,1.2606570720672607,0.7910422086715698,1.2544491291046143
6.5,2.0,0.0,1.0,0.0,0.0,0.15000000596046448,1.0,0.0,0.0,-0.7908821702003479,1.3944668769836426,0.0,0.0,0.11778303980827332,0.0,0.0,0.0,0.0,0.0,0.0,0.0,0.0,0.0,0.0,0.0,0.0,0.0,0.0,0.0,1.2025331258773804,0.8517035245895386,1.2688287496566772
6.5,2.0,0.0,1.0,0.0,0.0,0.15000000596046448,1.0,0.0,0.0,0.7233843207359314,-0.8679298758506775,0.0,0.0,0.11778303980827332,0.0,0.0,0.0,0.0,0.0,0.0,0.0,0.0,0.0,0.0,0.0,0.0,0.0,0.0,0.0,0.536976158618927,0.973845899105072,0.7617881894111633
6.5,2.0,0.0,1.0,0.0,0.0,0.15000000596046448,1.0,0.0,0.0,1.18931245803833,-0.8679298758506775,0.0,0.0,0.11778303980827332,0.0,0.0,0.0,0.0,0.0,0.0,0.0,0.0,0.0,0.0,0.0,0.0,0.0,0.0,0.0,0.5121859312057495,1.0863391160964966,0.7224796414375305
6.5,2.0,0.0,1.0,0.0,0.0,0.15000000596046448,1.0,0.0,0.0,1.6552406549453735,-0.8679298758506775,0.0,0.0,0.11778303980827332,0.0,0.0,0.0,0.0,0.0,0.0,0.0,0.0,0.0,0.0,0.0,0.0,0.0,0.0,0.0,0.5710770487785339,1.8479068279266357,0.6050462126731873
6.5,2.0,0.0,1.0,0.0,0.0,0.15000000596046448,1.0,0.0,0.0,-0.7908821702003479,-0.8679298758506775,0.0,0.0,0.0,0.0,0.11778303980827332,0.0,0.0,0.0,0.0,0.0,0.0,0.0,0.0,0.0,0.0,0.0,0.0,0.0,0.937726616859436,1.0533190965652466,1.063033938407898
6.5,2.0,0.0,1.0,0.0,0.0,0.15000000596046448,1.0,0.0,0.0,-0.7908821702003479,0.10166872292757034,0.0,0.0,0.0,0.0,0.11778303980827332,0.0,0.0,0.0,0.0,0.0,0.0,0.0,0.0,0.0,0.0,0.0,0.0,0.0,1.024560809135437,0.36231863498687744,1.1522330045700073
6.5,2.0,0.0,1.0,0.0,0.0,0.15000000596046448,1.0,0.0,0.0,-0.7908821702003479,0.42486825585365295,0.0,0.0,0.0,0.0,0.11778303980827332,0.0,0.0,0.0,0.0,0.0,0.0,0.0,0.0,0.0,0.0,0.0,0.0,0.0,1.23579740524292,0.5904949903488159,1.1711556911468506
6.5,2.0,0.0,1.0,0.0,0.0,0.15000000596046448,1.0,0.0,0.0,-0.7908821702003479,1.0712673664093018,0.0,0.0,0.0,0.0,0.11778303980827332,0.0,0.0,0.0,0.0,0.0,0.0,0.0,0.0,0.0,0.0,0.0,0.0,0.0,1.1901048421859741,0.7715997099876404,1.1953608989715576
6.5,2.0,0.0,1.0,0.0,0.0,0.15000000596046448,1.0,0.0,0.0,-0.7908821702003479,1.3944668769836426,0.0,0.0,0.0,0.0,0.11778303980827332,0.0,0.0,0.0,0.0,0.0,0.0,0.0,0.0,0.0,0.0,0.0,0.0,0.0,1.3049381971359253,0.954917311668396,1.2351077795028687
6.5,2.0,0.0,1.0,0.0,0.0,0.15000000596046448,1.0,0.0,0.0,0.7233843207359314,-0.8679298758506775,0.0,0.0,0.0,0.0,0.11778303980827332,0.0,0.0,0.0,0.0,0.0,0.0,0.0,0.0,0.0,0.0,0.0,0.0,0.0,0.4993879795074463,1.173309087753296,0.7115496397018433
6.5,2.0,0.0,1.0,0.0,0.0,0.15000000596046448,1.0,0.0,0.0,1.18931245803833,-0.8679298758506775,0.0,0.0,0.0,0.0,0.11778303980827332,0.0,0.0,0.0,0.0,0.0,0.0,0.0,0.0,0.0,0.0,0.0,0.0,0.0,0.4652043282985687,1.222881555557251,0.6794012784957886
6.5,2.0,0.0,1.0,0.0,0.0,0.15000000596046448,1.0,0.0,0.0,1.6552406549453735,-0.8679298758506775,0.0,0.0,0.0,0.0,0.11778303980827332,0.0,0.0,0.0,0.0,0.0,0.0,0.0,0.0,0.0,0.0,0.0,0.0,0.0,0.4397575557231903,2.30234432220459,0.5739094018936157
6.5,2.0,0.0,1.0,0.0,0.0,0.15000000596046448,1.0,0.0,0.0,-0.7908821702003479,-0.8679298758506775,0.0,0.0,0.0,0.0,0.0,0.0,0.0,0.0,0.0,0.0,0.0,0.0,0.0,0.0,0.0,0.0,0.0,0.0,0.9432600736618042,0.8582112193107605,1.0774807929992676
6.5,2.0,0.0,1.0,0.0,0.0,0.15000000596046448,1.0,0.0,0.0,-0.7908821702003479,0.10166872292757034,0.0,0.0,0.0,0.0,0.0,0.0,0.0,0.0,0.0,0.0,0.0,0.0,0.0,0.0,0.0,0.0,0.0,0.0,1.133208990097046,0.3249397575855255,1.1597614288330078
6.5,2.0,0.0,1.0,0.0,0.0,0.15000000596046448,1.0,0.0,0.0,-0.7908821702003479,0.42486825585365295,0.0,0.0,0.0,0.0,0.0,0.0,0.0,0.0,0.0,0.0,0.0,0.0,0.0,0.0,0.0,0.0,0.0,0.0,1.2589226961135864,0.5846233367919922,1.2237871885299683
6.5,2.0,0.0,1.0,0.0,0.0,0.15000000596046448,1.0,0.0,0.0,-0.7908821702003479,1.0712673664093018,0.0,0.0,0.0,0.0,0.0,0.0,0.0,0.0,0.0,0.0,0.0,0.0,0.0,0.0,0.0,0.0,0.0,0.0,1.298247218132019,0.8010650277137756,1.2631033658981323
6.5,2.0,0.0,1.0,0.0,0.0,0.15000000596046448,1.0,0.0,0.0,-0.7908821702003479,1.3944668769836426,0.0,0.0,0.0,0.0,0.0,0.0,0.0,0.0,0.0,0.0,0.0,0.0,0.0,0.0,0.0,0.0,0.0,0.0,1.3450424671173096,0.7346519231796265,1.3031646013259888
6.5,2.0,0.0,1.0,0.0,0.0,0.15000000596046448,1.0,0.0,0.0,0.7233843207359314,-0.8679298758506775,0.0,0.0,0.0,0.0,0.0,0.0,0.0,0.0,0.0,0.0,0.0,0.0,0.0,0.0,0.0,0.0,0.0,0.0,0.47623369097709656,0.9888526797294617,0.7338086366653442
6.5,2.0,0.0,1.0,0.0,0.0,0.15000000596046448,1.0,0.0,0.0,1.18931245803833,-0.8679298758506775,0.0,0.0,0.0,0.0,0.0,0.0,0.0,0.0,0.0,0.0,0.0,0.0,0.0,0.0,0.0,0.0,0.0,0.0,0.46214357018470764,1.088317632675171,0.7453650832176208
6.5,2.0,0.0,1.0,0.0,0.0,0.15000000596046448,1.0,0.0,0.0,1.6552406549453735,-0.8679298758506775,0.0,0.0,0.0,0.0,0.0,0.0,0.0,0.0,0.0,0.0,0.0,0.0,0.0,0.0,0.0,0.0,0.0,0.0,0.5053479671478271,1.479420781135559,0.59988933801651
6.0,4.0,2.0,2.0,0.0,0.0,0.10000000149011612,0.0,0.0,0.0,-0.7908821702003479,-0.8679298758506775,0.0,0.0,0.2719337046146393,0.0,0.0,0.0,0.0,0.0,0.0,0.0,0.0,0.0,0.0,0.0,0.0,0.0,0.0,0.0,0.9155104160308838,0.7231500744819641,1.0078452825546265
6.0,4.0,2.0,2.0,0.0,0.0,0.10000000149011612,0.0,0.0,0.0,-0.7908821702003479,0.10166872292757034,0.0,0.0,0.2719337046146393,0.0,0.0,0.0,0.0,0.0,0.0,0.0,0.0,0.0,0.0,0.0,0.0,0.0,0.0,0.0,1.0479289293289185,0.36617907881736755,1.0918774604797363
6.0,4.0,2.0,2.0,0.0,0.0,0.10000000149011612,0.0,0.0,0.0,-0.7908821702003479,0.42486825585365295,0.0,0.0,0.2719337046146393,0.0,0.0,0.0,0.0,0.0,0.0,0.0,0.0,0.0,0.0,0.0,0.0,0.0,0.0,0.0,1.1184602975845337,0.5783748626708984,1.137098789215088
6.0,4.0,2.0,2.0,0.0,0.0,0.10000000149011612,0.0,0.0,0.0,-0.7908821702003479,0.7480677962303162,0.0,0.0,0.2719337046146393,0.0,0.0,0.0,0.0,0.0,0.0,0.0,0.0,0.0,0.0,0.0,0.0,0.0,0.0,0.0,1.1718988418579102,0.632427990436554,1.1659040451049805
6.0,4.0,2.0,2.0,0.0,0.0,0.10000000149011612,0.0,0.0,0.0,-0.7908821702003479,1.0712673664093018,0.0,0.0,0.2719337046146393,0.0,0.0,0.0,0.0,0.0,0.0,0.0,0.0,0.0,0.0,0.0,0.0,0.0,0.0,0.0,1.1769580841064453,0.7527178525924683,1.1378707885742188
6.0,4.0,2.0,2.0,0.0,0.0,0.10000000149011612,0.0,0.0,0.0,-0.7908821702003479,1.3944668769836426,0.0,0.0,0.2719337046146393,0.0,0.0,0.0,0.0,0.0,0.0,0.0,0.0,0.0,0.0,0.0,0.0,0.0,0.0,0.0,1.2524781227111816,0.5479112863540649,1.1312870979309082
6.0,4.0,2.0,2.0,0.0,0.0,0.10000000149011612,0.0,0.0,0.0,0.7233843207359314,-0.8679298758506775,0.0,0.0,0.2719337046146393,0.0,0.0,0.0,0.0,0.0,0.0,0.0,0.0,0.0,0.0,0.0,0.0,0.0,0.0,0.0,0.48904818296432495,0.8996294736862183,0.6906507611274719
6.0,4.0,2.0,2.0,0.0,0.0,0.10000000149011612,0.0,0.0,0.0,1.18931245803833,-0.8679298758506775,0.0,0.0,0.2719337046146393,0.0,0.0,0.0,0.0,0.0,0.0,0.0,0.0,0.0,0.0,0.0,0.0,0.0,0.0,0.0,0.48047277331352234,0.8679443597793579,0.6597068309783936
6.0,4.0,2.0,2.0,0.0,0.0,0.10000000149011612,0.0,0.0,0.0,1.6552406549453735,-0.8679298758506775,0.0,0.0,0.2719337046146393,0.0,0.0,0.0,0.0,0.0,0.0,0.0,0.0,0.0,0.0,0.0,0.0,0.0,0.0,0.0,0.5201607942581177,1.5187870264053345,0.6891033053398132
6.0,4.0,2.0,2.0,0.0,0.0,0.10000000149011612,0.0,0.0,0.0,-0.7908821702003479,-0.8679298758506775,0.0,0.0,0.2231435477733612,0.0,0.0,0.0,0.0,0.0,0.0,0.0,0.0,0.0,0.0,0.0,0.0,0.0,0.0,0.0,0.9586374759674072,0.641381561756134,1.02898108959198
6.0,4.0,2.0,2.0,0.0,0.0,0.10000000149011612,0.0,0.0,0.0,-0.7908821702003479,0.10166872292757034,0.0,0.0,0.2231435477733612,0.0,0.0,0.0,0.0,0.0,0.0,0.0,0.0,0.0,0.0,0.0,0.0,0.0,0.0,0.0,1.2391709089279175,0.3186420500278473,1.176248550415039
6.0,4.0,2.0,2.0,0.0,0.0,0.10000000149011612,0.0,0.0,0.0,-0.7908821702003479,0.42486825585365295,0.0,0.0,0.2231435477733612,0.0,0.0,0.0,0.0,0.0,0.0,0.0,0.0,0.0,0.0,0.0,0.0,0.0,0.0,0.0,1.1960575580596924,0.5187197923660278,1.1442854404449463
6.0,4.0,2.0,2.0,0.0,0.0,0.10000000149011612,0.0,0.0,0.0,-0.7908821702003479,1.0712673664093018,0.0,0.0,0.2231435477733612,0.0,0.0,0.0,0.0,0.0,0.0,0.0,0.0,0.0,0.0,0.0,0.0,0.0,0.0,0.0,1.1633597612380981,0.726263165473938,1.1689716577529907
6.0,4.0,2.0,2.0,0.0,0.0,0.10000000149011612,0.0,0.0,0.0,-0.7908821702003479,1.3944668769836426,0.0,0.0,0.2231435477733612,0.0,0.0,0.0,0.0,0.0,0.0,0.0,0.0,0.0,0.0,0.0,0.0,0.0,0.0,0.0,1.4160875082015991,0.669304609298706,1.2243322134017944
6.0,4.0,2.0,2.0,0.0,0.0,0.10000000149011612,0.0,0.0,0.0,0.7233843207359314,-0.8679298758506775,0.0,0.0,0.2231435477733612,0.0,0.0,0.0,0.0,0.0,0.0,0.0,0.0,0.0,0.0,0.0,0.0,0.0,0.0,0.0,0.509796142578125,0.8359036445617676,0.7091079354286194
6.0,4.0,2.0,2.0,0.0,0.0,0.10000000149011612,0.0,0.0,0.0,1.18931245803833,-0.8679298758506775,0.0,0.0,0.2231435477733612,0.0,0.0,0.0,0.0,0.0,0.0,0.0,0.0,0.0,0.0,0.0,0.0,0.0,0.0,0.0,0.5374980568885803,0.9636397957801819,0.703610360622406
6.0,4.0,2.0,2.0,0.0,0.0,0.10000000149011612,0.0,0.0,0.0,1.6552406549453735,-0.8679298758506775,0.0,0.0,0.2231435477733612,0.0,0.0,0.0,0.0,0.0,0.0,0.0,0.0,0.0,0.0,0.0,0.0,0.0,0.0,0.0,0.6771423816680908,1.1836575269699097,0.6764745712280273
6.0,4.0,2.0,2.0,0.0,0.0,0.10000000149011612,0.0,0.0,0.0,-0.7908821702003479,-0.8679298758506775,0.0,0.0,0.20294086635112762,0.0,0.0,0.0,0.0,0.0,0.0,0.0,-0.3044891953468323,2.079441547393799,0.0,0.0,0.0,0.0,0.0,0.0,1.0776909589767456,0.8496658205986023,1.1157455444335938
6.0,4.0,2.0,2.0,0.0,0.0,0.10000000149011612,0.0,0.0,0.0,-0.7908821702003479,0.10166872292757034,0.0,0.0,0.20294086635112762,0.0,0.0,0.0,0.0,0.0,0.0,0.0,-0.3044891953468323,2.079441547393799,0.0,0.0,0.0,0.0,0.0,0.0,1.1908161640167236,0.2978459894657135,1.1115764379501343
6.0,4.0,2.0,2.0,0.0,0.0,0.10000000149011612,0.0,0.0,0.0,-0.7908821702003479,0.42486825585365295,0.0,0.0,0.20294086635112762,0.0,0.0,0.0,0.0,0.0,0.0,0.0,-0.3044891953468323,2.079441547393799,0.0,0.0,0.0,0.0,0.0,0.0,1.2422946691513062,0.5478774309158325,1.178825855255127
6.0,4.0,2.0,2.0,0.0,0.0,0.10000000149011612,0.0,0.0,0.0,-0.7908821702003479,0.7480677962303162,0.0,0.0,0.20294086635112762,0.0,0.0,0.0,0.0,0.0,0.0,0.0,-0.3044891953468323,2.079441547393799,0.0,0.0,0.0,0.0,0.0,0.0,1.3713433742523193,0.7792503237724304,1.2545989751815796
6.0,4.0,2.0,2.0,0.0,0.0,0.10000000149011612,0.0,0.0,0.0,-0.7908821702003479,1.3944668769836426,0.0,0.0,0.20294086635112762,0.0,0.0,0.0,0.0,0.0,0.0,0.0,-0.3044891953468323,2.079441547393799,0.0,0.0,0.0,0.0,0.0,0.0,1.4082006216049194,0.7704042792320251,1.236979603767395
6.0,4.0,2.0,2.0,0.0,0.0,0.10000000149011612,0.0,0.0,0.0,0.7233843207359314,-0.8679298758506775,0.0,0.0,0.20294086635112762,0.0,0.0,0.0,0.0,0.0,0.0,0.0,-0.3044891953468323,2.079441547393799,0.0,0.0,0.0,0.0,0.0,0.0,0.7578479647636414,0.8356190919876099,0.7510329484939575
6.0,4.0,2.0,2.0,0.0,0.0,0.10000000149011612,0.0,0.0,0.0,1.18931245803833,-0.8679298758506775,0.0,0.0,0.20294086635112762,0.0,0.0,0.0,0.0,0.0,0.0,0.0,-0.3044891953468323,2.079441547393799,0.0,0.0,0.0,0.0,0.0,0.0,0.5534561276435852,0.9993789196014404,0.753305196762085
6.0,4.0,2.0,2.0,0.0,0.0,0.10000000149011612,0.0,0.0,0.0,1.6552406549453735,-0.8679298758506775,0.0,0.0,0.20294086635112762,0.0,0.0,0.0,0.0,0.0,0.0,0.0,-0.3044891953468323,2.079441547393799,0.0,0.0,0.0,0.0,0.0,0.0,0.5220204591751099,1.1773275136947632,0.7062896490097046
6.0,4.0,2.0,2.0,0.0,0.0,0.10000000149011612,0.0,0.0,0.0,-0.7908821702003479,-0.8679298758506775,0.0,0.0,0.18232160806655884,0.0,0.0,0.0,0.0,0.0,0.0,0.0,-0.3044891953468323,2.079441547393799,0.0,0.0,0.0,0.0,0.0,0.0,1.09368097782135,0.8015820384025574,1.1460380554199219
6.0,4.0,2.0,2.0,0.0,0.0,0.10000000149011612,0.0,0.0,0.0,-0.7908821702003479,0.10166872292757034,0.0,0.0,0.18232160806655884,0.0,0.0,0.0,0.0,0.0,0.0,0.0,-0.3044891953468323,2.079441547393799,0.0,0.0,0.0,0.0,0.0,0.0,1.2543150186538696,0.35717394948005676,1.1748629808425903
6.0,4.0,2.0,2.0,0.0,0.0,0.10000000149011612,0.0,0.0,0.0,-0.7908821702003479,0.42486825585365295,0.0,0.0,0.18232160806655884,0.0,0.0,0.0,0.0,0.0,0.0,0.0,-0.3044891953468323,2.079441547393799,0.0,0.0,0.0,0.0,0.0,0.0,1.2753932476043701,0.6017640233039856,1.2290947437286377
6.0,4.0,2.0,2.0,0.0,0.0,0.10000000149011612,0.0,0.0,0.0,-0.7908821702003479,1.0712673664093018,0.0,0.0,0.18232160806655884,0.0,0.0,0.0,0.0,0.0,0.0,0.0,-0.3044891953468323,2.079441547393799,0.0,0.0,0.0,0.0,0.0,0.0,1.431140661239624,0.7697495818138123,1.2709293365478516
6.0,4.0,2.0,2.0,0.0,0.0,0.10000000149011612,0.0,0.0,0.0,-0.7908821702003479,1.3944668769836426,0.0,0.0,0.18232160806655884,0.0,0.0,0.0,0.0,0.0,0.0,0.0,-0.3044891953468323,2.079441547393799,0.0,0.0,0.0,0.0,0.0,0.0,1.3026126623153687,0.7628496885299683,1.2673053741455078
6.0,4.0,2.0,2.0,0.0,0.0,0.10000000149011612,0.0,0.0,0.0,0.7233843207359314,-0.8679298758506775,0.0,0.0,0.18232160806655884,0.0,0.0,0.0,0.0,0.0,0.0,0.0,-0.3044891953468323,2.079441547393799,0.0,0.0,0.0,0.0,0.0,0.0,0.5026310086250305,1.020573377609253,0.8266834616661072
6.0,4.0,2.0,2.0,0.0,0.0,0.10000000149011612,0.0,0.0,0.0,1.18931245803833,-0.8679298758506775,0.0,0.0,0.18232160806655884,0.0,0.0,0.0,0.0,0.0,0.0,0.0,-0.3044891953468323,2.079441547393799,0.0,0.0,0.0,0.0,0.0,0.0,0.5056378841400146,0.9422674179077148,0.7811304330825806
6.0,4.0,2.0,2.0,0.0,0.0,0.10000000149011612,0.0,0.0,0.0,1.6552406549453735,-0.8679298758506775,0.0,0.0,0.18232160806655884,0.0,0.0,0.0,0.0,0.0,0.0,0.0,-0.3044891953468323,2.079441547393799,0.0,0.0,0.0,0.0,0.0,0.0,0.4726925492286682,1.0634247064590454,0.7360583543777466
6.0,4.0,2.0,2.0,0.0,0.0,0.10000000149011612,0.0,0.0,0.0,-0.7908821702003479,-0.8679298758506775,0.18232160806655884,0.0,0.0,0.0,0.0,0.0,0.0,0.0,0.0,0.0,-0.3044891953468323,2.079441547393799,0.0,0.0,0.0,0.0,0.0,0.0,1.2834874391555786,0.510964572429657,1.2315267324447632
6.0,4.0,2.0,2.0,0.0,0.0,0.10000000149011612,0.0,0.0,0.0,-0.7908821702003479,0.42486825585365295,0.18232160806655884,0.0,0.0,0.0,0.0,0.0,0.0,0.0,0.0,0.0,-0.3044891953468323,2.079441547393799,0.0,0.0,0.0,0.0,0.0,0.0,1.5027508735656738,0.5196341276168823,1.3361070156097412
6.0,4.0,2.0,2.0,0.0,0.0,0.10000000149011612,0.0,0.0,0.0,-0.7908821702003479,0.7480677962303162,0.18232160806655884,0.0,0.0,0.0,0.0,0.0,0.0,0.0,0.0,0.0,-0.3044891953468323,2.079441547393799,0.0,0.0,0.0,0.0,0.0,0.0,1.5754029750823975,0.7529918551445007,1.3335309028625488
6.0,4.0,2.0,2.0,0.0,0.0,0.10000000149011612,0.0,0.0,0.0,-0.7908821702003479,1.0712673664093018,0.18232160806655884,0.0,0.0,0.0,0.0,0.0,0.0,0.0,0.0,0.0,-0.3044891953468323,2.079441547393799,0.0,0.0,0.0,0.0,0.0,0.0,1.5912305116653442,0.5492194890975952,1.3382304906845093
6.0,4.0,2.0,2.0,0.0,0.0,0.10000000149011612,0.0,0.0,0.0,0.7233843207359314,-0.8679298758506775,0.18232160806655884,0.0,0.0,0.0,0.0,0.0,0.0,0.0,0.0,0.0,-0.3044891953468323,2.079441547393799,0.0,0.0,0.0,0.0,0.0,0.0,0.8057180047035217,0.7430886626243591,0.916645884513855
6.0,4.0,2.0,2.0,0.0,0.0,0.10000000149011612,0.0,0.0,0.0,1.18931245803833,-0.8679298758506775,0.18232160806655884,0.0,0.0,0.0,0.0,0.0,0.0,0.0,0.0,0.0,-0.3044891953468323,2.079441547393799,0.0,0.0,0.0,0.0,0.0,0.0,0.532788872718811,0.8637837171554565,0.6919854879379272
6.0,4.0,2.0,2.0,0.0,0.0,0.10000000149011612,0.0,0.0,0.0,1.6552406549453735,-0.8679298758506775,0.18232160806655884,0.0,0.0,0.0,0.0,0.0,0.0,0.0,0.0,0.0,-0.3044891953468323,2.079441547393799,0.0,0.0,0.0,0.0,0.0,0.0,0.6590824723243713,0.8537553548812866,0.7732988595962524
6.0,4.0,2.0,2.0,0.0,0.0,0.10000000149011612,0.0,0.0,0.0,-0.7908821702003479,-0.8679298758506775,0.21309317648410797,0.0,0.0,0.0,0.0,0.0,0.0,0.0,0.0,0.0,0.0,0.0,0.0,0.0,0.0,0.0,0.0,0.0,0.972527265548706,0.817164957523346,0.9938787221908569
6.0,4.0,2.0,2.0,0.0,0.0,0.10000000149011612,0.0,0.0,0.0,-0.7908821702003479,0.42486825585365295,0.21309317648410797,0.0,0.0,0.0,0.0,0.0,0.0,0.0,0.0,0.0,0.0,0.0,0.0,0.0,0.0,0.0,0.0,0.0,1.381373643875122,0.5325978994369507,1.1830600500106812
6.0,4.0,2.0,2.0,0.0,0.0,0.10000000149011612,0.0,0.0,0.0,-0.7908821702003479,0.7480677962303162,0.21309317648410797,0.0,0.0,0.0,0.0,0.0,0.0,0.0,0.0,0.0,0.0,0.0,0.0,0.0,0.0,0.0,0.0,0.0,1.4759924411773682,0.7335357666015625,1.2491768598556519
6.0,4.0,2.0,2.0,0.0,0.0,0.10000000149011612,0.0,0.0,0.0,-0.7908821702003479,1.0712673664093018,0.21309317648410797,0.0,0.0,0.0,0.0,0.0,0.0,0.0,0.0,0.0,0.0,0.0,0.0,0.0,0.0,0.0,0.0,0.0,1.421730637550354,0.8440170288085938,1.2053537368774414
6.0,4.0,2.0,2.0,0.0,0.0,0.10000000149011612,0.0,0.0,0.0,-0.7908821702003479,1.7176663875579834,0.21309317648410797,0.0,0.0,0.0,0.0,0.0,0.0,0.0,0.0,0.0,0.0,0.0,0.0,0.0,0.0,0.0,0.0,0.0,1.31342351436615,0.8422249555587769,1.1682268381118774
6.0,4.0,2.0,2.0,0.0,0.0,0.10000000149011612,0.0,0.0,0.0,0.7233843207359314,-0.8679298758506775,0.21309317648410797,0.0,0.0,0.0,0.0,0.0,0.0,0.0,0.0,0.0,0.0,0.0,0.0,0.0,0.0,0.0,0.0,0.0,0.6403038501739502,1.0844058990478516,0.8277740478515625
6.0,4.0,2.0,2.0,0.0,0.0,0.10000000149011612,0.0,0.0,0.0,1.18931245803833,-0.8679298758506775,0.21309317648410797,0.0,0.0,0.0,0.0,0.0,0.0,0.0,0.0,0.0,0.0,0.0,0.0,0.0,0.0,0.0,0.0,0.0,0.616917610168457,0.7574909925460815,0.8028779029846191
6.0,4.0,2.0,2.0,0.0,0.0,0.10000000149011612,0.0,0.0,0.0,1.6552406549453735,-0.8679298758506775,0.21309317648410797,0.0,0.0,0.0,0.0,0.0,0.0,0.0,0.0,0.0,0.0,0.0,0.0,0.0,0.0,0.0,0.0,0.0,0.6016449928283691,0.9390313625335693,0.6804734468460083
6.0,4.0,2.0,2.0,0.0,0.0,0.10000000149011612,0.0,0.0,0.0,-0.7908821702003479,-0.8679298758506775,0.0,0.0,0.25270235538482666,0.0,0.0,0.0,0.0,0.0,0.0,0.0,0.0,0.0,0.0,0.0,0.0,0.0,0.0,0.0,1.210440993309021,0.44571271538734436,1.1634892225265503
6.0,4.0,2.0,2.0,0.0,0.0,0.10000000149011612,0.0,0.0,0.0,-0.7908821702003479,0.10166872292757034,0.0,0.0,0.25270235538482666,0.0,0.0,0.0,0.0,0.0,0.0,0.0,0.0,0.0,0.0,0.0,0.0,0.0,0.0,0.0,1.356774926185608,0.530206024646759,1.161302924156189
6.0,4.0,2.0,2.0,0.0,0.0,0.10000000149011612,0.0,0.0,0.0,-0.7908821702003479,0.42486825585365295,0.0,0.0,0.25270235538482666,0.0,0.0,0.0,0.0,0.0,0.0,0.0,0.0,0.0,0.0,0.0,0.0,0.0,0.0,0.0,1.2959589958190918,0.5247912406921387,1.0906256437301636
6.0,4.0,2.0,2.0,0.0,0.0,0.10000000149011612,0.0,0.0,0.0,-0.7908821702003479,0.7480677962303162,0.0,0.0,0.25270235538482666,0.0,0.0,0.0,0.0,0.0,0.0,0.0,0.0,0.0,0.0,0.0,0.0,0.0,0.0,0.0,1.4123506546020508,0.5856468677520752,1.13518226146698
6.0,4.0,2.0,2.0,0.0,0.0,0.10000000149011612,0.0,0.0,0.0,-0.7908821702003479,1.0712673664093018,0.0,0.0,0.25270235538482666,0.0,0.0,0.0,0.0,0.0,0.0,0.0,0.0,0.0,0.0,0.0,0.0,0.0,0.0,0.0,1.4470521211624146,0.5261211395263672,1.1560227870941162
6.0,4.0,2.0,2.0,0.0,0.0,0.10000000149011612,0.0,0.0,0.0,-0.7908821702003479,1.7176663875579834,0.0,0.0,0.25270235538482666,0.0,0.0,0.0,0.0,0.0,0.0,0.0,0.0,0.0,0.0,0.0,0.0,0.0,0.0,0.0,1.4556721448898315,0.6621651649475098,1.1884551048278809
6.0,4.0,2.0,2.0,0.0,0.0,0.10000000149011612,0.0,0.0,0.0,0.7233843207359314,-0.8679298758506775,0.0,0.0,0.25270235538482666,0.0,0.0,0.0,0.0,0.0,0.0,0.0,0.0,0.0,0.0,0.0,0.0,0.0,0.0,0.0,0.4632556140422821,0.8679443597793579,0.6688441634178162
6.0,4.0,2.0,2.0,0.0,0.0,0.10000000149011612,0.0,0.0,0.0,1.18931245803833,-0.8679298758506775,0.0,0.0,0.25270235538482666,0.0,0.0,0.0,0.0,0.0,0.0,0.0,0.0,0.0,0.0,0.0,0.0,0.0,0.0,0.0,0.5135443806648254,1.3763997554779053,0.6996835470199585
6.0,4.0,2.0,2.0,0.0,0.0,0.10000000149011612,0.0,0.0,0.0,1.6552406549453735,-0.8679298758506775,0.0,0.0,0.25270235538482666,0.0,0.0,0.0,0.0,0.0,0.0,0.0,0.0,0.0,0.0,0.0,0.0,0.0,0.0,0.0,0.48073577880859375,1.6781728267669678,0.6427577137947083
3.0,0.0,3.0,0.0,3.0,0.0,0.0,15.0,0.0,0.0,-0.7908821702003479,-0.8679298758506775,0.0,0.0,0.0,-1.3862943649291992,0.0,0.0,0.0,0.0,0.0,0.0,-0.39304256439208984,2.4849066734313965,0.0,0.0,0.0,0.0,0.0,0.0,1.0574642419815063,1.3468047380447388,1.0217026472091675
3.0,0.0,3.0,0.0,3.0,0.0,0.0,15.0,0.0,0.0,-0.7908821702003479,0.42486825585365295,0.0,0.0,0.0,-1.3862943649291992,0.0,0.0,0.0,0.0,0.0,0.0,-0.39304256439208984,2.4849066734313965,0.0,0.0,0.0,0.0,0.0,0.0,1.692420244216919,0.9791385531425476,1.350713849067688
3.0,0.0,3.0,0.0,3.0,0.0,0.0,15.0,0.0,0.0,-0.7908821702003479,1.0712673664093018,0.0,0.0,0.0,-1.3862943649291992,0.0,0.0,0.0,0.0,0.0,0.0,-0.39304256439208984,2.4849066734313965,0.0,0.0,0.0,0.0,0.0,0.0,1.7389262914657593,0.66950923204422,1.3616679906845093
3.0,0.0,3.0,0.0,3.0,0.0,0.0,15.0,0.0,0.0,-0.7908821702003479,1.7176663875579834,0.0,0.0,0.0,-1.3862943649291992,0.0,0.0,0.0,0.0,0.0,0.0,-0.39304256439208984,2.4849066734313965,0.0,0.0,0.0,0.0,0.0,0.0,1.6769986152648926,0.5798251628875732,1.3885022401809692
3.0,0.0,3.0,0.0,3.0,0.0,0.0,15.0,0.0,0.0,0.7233843207359314,-0.8679298758506775,0.0,0.0,0.0,-1.3862943649291992,0.0,0.0,0.0,0.0,0.0,0.0,-0.39304256439208984,2.4849066734313965,0.0,0.0,0.0,0.0,0.0,0.0,0.9275280237197876,0.4873496890068054,0.9959047436714172
3.0,0.0,3.0,0.0,3.0,0.0,0.0,15.0,0.0,0.0,1.18931245803833,-0.8679298758506775,0.0,0.0,0.0,-1.3862943649291992,0.0,0.0,0.0,0.0,0.0,0.0,-0.39304256439208984,2.4849066734313965,0.0,0.0,0.0,0.0,0.0,0.0,0.7041588425636292,1.741052269935608,1.373148798942566
3.0,0.0,3.0,0.0,3.0,0.0,0.0,15.0,0.0,0.0,1.6552406549453735,-0.8679298758506775,0.0,0.0,0.0,-1.3862943649291992,0.0,0.0,0.0,0.0,0.0,0.0,-0.39304256439208984,2.4849066734313965,0.0,0.0,0.0,0.0,0.0,0.0,0.699505627155304,2.017807960510254,0.720885694026947
3.0,0.0,3.0,0.0,3.0,0.0,0.0,15.0,0.0,0.0,-0.7908821702003479,-0.8679298758506775,0.0,0.0,0.15057289600372314,-1.3862943649291992,0.0,0.0,0.0,0.0,0.0,0.0,-0.39304256439208984,2.4849066734313965,0.0,0.0,0.0,0.0,0.0,0.0,1.1262167692184448,0.7850825190544128,1.0744911432266235
3.0,0.0,3.0,0.0,3.0,0.0,0.0,15.0,0.0,0.0,-0.7908821702003479,0.42486825585365295,0.0,0.0,0.15057289600372314,-1.3862943649291992,0.0,0.0,0.0,0.0,0.0,0.0,-0.39304256439208984,2.4849066734313965,0.0,0.0,0.0,0.0,0.0,0.0,1.8554105758666992,1.0286369323730469,1.4531581401824951
3.0,0.0,3.0,0.0,3.0,0.0,0.0,15.0,0.0,0.0,-0.7908821702003479,1.0712673664093018,0.0,0.0,0.15057289600372314,-1.3862943649291992,0.0,0.0,0.0,0.0,0.0,0.0,-0.39304256439208984,2.4849066734313965,0.0,0.0,0.0,0.0,0.0,0.0,2.0218427181243896,0.5401529669761658,1.5630487203598022
3.0,0.0,3.0,0.0,3.0,0.0,0.0,15.0,0.0,0.0,-0.7908821702003479,1.7176663875579834,0.0,0.0,0.15057289600372314,-1.3862943649291992,0.0,0.0,0.0,0.0,0.0,0.0,-0.39304256439208984,2.4849066734313965,0.0,0.0,0.0,0.0,0.0,0.0,1.8645068407058716,0.47789421677589417,1.5340269804000854
3.0,0.0,3.0,0.0,3.0,0.0,0.0,15.0,0.0,0.0,0.7233843207359314,-0.8679298758506775,0.0,0.0,0.15057289600372314,-1.3862943649291992,0.0,0.0,0.0,0.0,0.0,0.0,-0.39304256439208984,2.4849066734313965,0.0,0.0,0.0,0.0,0.0,0.0,0.9111579060554504,0.7883546352386475,1.1280063390731812
3.0,0.0,3.0,0.0,3.0,0.0,0.0,15.0,0.0,0.0,1.18931245803833,-0.8679298758506775,0.0,0.0,0.15057289600372314,-1.3862943649291992,0.0,0.0,0.0,0.0,0.0,0.0,-0.39304256439208984,2.4849066734313965,0.0,0.0,0.0,0.0,0.0,0.0,0.8744829893112183,1.7475954294204712,1.3684016466140747
3.0,0.0,3.0,0.0,3.0,0.0,0.0,15.0,0.0,0.0,1.6552406549453735,-0.8679298758506775,0.0,0.0,0.15057289600372314,-1.3862943649291992,0.0,0.0,0.0,0.0,0.0,0.0,-0.39304256439208984,2.4849066734313965,0.0,0.0,0.0,0.0,0.0,0.0,0.6648414731025696,2.0188534259796143,0.6487207412719727
3.0,0.0,3.0,0.0,3.0,0.0,0.0,15.0,0.0,0.0,-0.7908821702003479,-0.8679298758506775,0.0,-1.3862943649291992,0.0,0.0,0.0,0.0,0.0,0.0,0.0,0.0,-0.597836971282959,2.7725887298583984,0.0,0.0,0.0,0.0,0.0,0.0,1.4921585321426392,0.3287437856197357,1.2486454248428345
3.0,0.0,3.0,0.0,3.0,0.0,0.0,15.0,0.0,0.0,-0.7908821702003479,0.42486825585365295,0.0,-1.3862943649291992,0.0,0.0,0.0,0.0,0.0,0.0,0.0,0.0,-0.597836971282959,2.7725887298583984,0.0,0.0,0.0,0.0,0.0,0.0,2.034616708755493,0.40884482860565186,1.6816784143447876
3.0,0.0,3.0,0.0,3.0,0.0,0.0,15.0,0.0,0.0,-0.7908821702003479,1.0712673664093018,0.0,-1.3862943649291992,0.0,0.0,0.0,0.0,0.0,0.0,0.0,0.0,-0.597836971282959,2.7725887298583984,0.0,0.0,0.0,0.0,0.0,0.0,2.1984446048736572,0.3317754566669464,1.8002561330795288
3.0,0.0,3.0,0.0,3.0,0.0,0.0,15.0,0.0,0.0,-0.7908821702003479,1.7176663875579834,0.0,-1.3862943649291992,0.0,0.0,0.0,0.0,0.0,0.0,0.0,0.0,-0.597836971282959,2.7725887298583984,0.0,0.0,0.0,0.0,0.0,0.0,1.9627659320831299,0.3866744935512543,1.7595300674438477
3.0,0.0,3.0,0.0,3.0,0.0,0.0,15.0,0.0,0.0,0.7233843207359314,-0.8679298758506775,0.0,-1.3862943649291992,0.0,0.0,0.0,0.0,0.0,0.0,0.0,0.0,-0.597836971282959,2.7725887298583984,0.0,0.0,0.0,0.0,0.0,0.0,1.2755465507507324,0.31461426615715027,1.1974194049835205
3.0,0.0,3.0,0.0,3.0,0.0,0.0,15.0,0.0,0.0,1.18931245803833,-0.8679298758506775,0.0,-1.3862943649291992,0.0,0.0,0.0,0.0,0.0,0.0,0.0,0.0,-0.597836971282959,2.7725887298583984,0.0,0.0,0.0,0.0,0.0,0.0,1.1489341259002686,0.44482550024986267,1.1068140268325806
3.0,0.0,3.0,0.0,3.0,0.0,0.0,15.0,0.0,0.0,1.6552406549453735,-0.8679298758506775,0.0,-1.3862943649291992,0.0,0.0,0.0,0.0,0.0,0.0,0.0,0.0,-0.597836971282959,2.7725887298583984,0.0,0.0,0.0,0.0,0.0,0.0,0.6260894536972046,1.9946006536483765,0.6912828683853149
3.0,0.0,3.0,0.0,3.0,0.0,0.0,15.0,0.0,0.0,-0.7908821702003479,-0.8679298758506775,0.0,-1.3862943649291992,0.0,0.0,0.0,0.0,0.0,0.0,0.0,0.0,-0.3566749393939972,2.7725887298583984,0.0,0.0,0.0,0.0,0.0,0.0,1.0984879732131958,1.1883469820022583,1.0441901683807373
3.0,0.0,3.0,0.0,3.0,0.0,0.0,15.0,0.0,0.0,-0.7908821702003479,0.42486825585365295,0.0,-1.3862943649291992,0.0,0.0,0.0,0.0,0.0,0.0,0.0,0.0,-0.3566749393939972,2.7725887298583984,0.0,0.0,0.0,0.0,0.0,0.0,1.7741386890411377,0.7351595163345337,1.415950894355774
3.0,0.0,3.0,0.0,3.0,0.0,0.0,15.0,0.0,0.0,-0.7908821702003479,1.3944668769836426,0.0,-1.3862943649291992,0.0,0.0,0.0,0.0,0.0,0.0,0.0,0.0,-0.3566749393939972,2.7725887298583984,0.0,0.0,0.0,0.0,0.0,0.0,2.205662488937378,0.306887149810791,1.7960987091064453
3.0,0.0,3.0,0.0,3.0,0.0,0.0,15.0,0.0,0.0,-0.7908821702003479,1.7176663875579834,0.0,-1.3862943649291992,0.0,0.0,0.0,0.0,0.0,0.0,0.0,0.0,-0.3566749393939972,2.7725887298583984,0.0,0.0,0.0,0.0,0.0,0.0,1.816368579864502,0.5824349522590637,1.38699209690094
3.0,0.0,3.0,0.0,3.0,0.0,0.0,15.0,0.0,0.0,0.7233843207359314,-0.8679298758506775,0.0,-1.3862943649291992,0.0,0.0,0.0,0.0,0.0,0.0,0.0,0.0,-0.3566749393939972,2.7725887298583984,0.0,0.0,0.0,0.0,0.0,0.0,0.868415355682373,0.773223340511322,1.0580095052719116
3.0,0.0,3.0,0.0,3.0,0.0,0.0,15.0,0.0,0.0,1.18931245803833,-0.8679298758506775,0.0,-1.3862943649291992,0.0,0.0,0.0,0.0,0.0,0.0,0.0,0.0,-0.3566749393939972,2.7725887298583984,0.0,0.0,0.0,0.0,0.0,0.0,0.7870326042175293,1.771236538887024,1.373148798942566
3.0,0.0,3.0,0.0,3.0,0.0,0.0,15.0,0.0,0.0,1.6552406549453735,-0.8679298758506775,0.0,-1.3862943649291992,0.0,0.0,0.0,0.0,0.0,0.0,0.0,0.0,-0.3566749393939972,2.7725887298583984,0.0,0.0,0.0,0.0,0.0,0.0,0.6696293354034424,1.9670015573501587,0.7406613230705261
3.0,0.0,3.0,0.0,3.0,0.0,0.0,15.0,0.0,0.0,-0.7908821702003479,-0.8679298758506775,0.0,-1.3862943649291992,0.0,0.0,0.0,0.0,0.0,0.0,0.0,0.0,-0.20763938128948212,2.4849066734313965,0.0,0.0,0.0,0.0,0.0,0.0,0.8542113304138184,2.9406940937042236,0.9192836284637451
3.0,0.0,3.0,0.0,3.0,0.0,0.0,15.0,0.0,0.0,-0.7908821702003479,0.42486825585365295,0.0,-1.3862943649291992,0.0,0.0,0.0,0.0,0.0,0.0,0.0,0.0,-0.20763938128948212,2.4849066734313965,0.0,0.0,0.0,0.0,0.0,0.0,1.5384610891342163,0.9416512250900269,1.19344162940979
3.0,0.0,3.0,0.0,3.0,0.0,0.0,15.0,0.0,0.0,-0.7908821702003479,1.3944668769836426,0.0,-1.3862943649291992,0.0,0.0,0.0,0.0,0.0,0.0,0.0,0.0,-0.20763938128948212,2.4849066734313965,0.0,0.0,0.0,0.0,0.0,0.0,1.4980356693267822,0.8421827554702759,1.2223798036575317
3.0,0.0,3.0,0.0,3.0,0.0,0.0,15.0,0.0,0.0,-0.7908821702003479,1.7176663875579834,0.0,-1.3862943649291992,0.0,0.0,0.0,0.0,0.0,0.0,0.0,0.0,-0.20763938128948212,2.4849066734313965,0.0,0.0,0.0,0.0,0.0,0.0,0.9434739947319031,1.0430614948272705,0.7188113927841187
3.0,0.0,3.0,0.0,3.0,0.0,0.0,15.0,0.0,0.0,0.7233843207359314,-0.8679298758506775,0.0,-1.3862943649291992,0.0,0.0,0.0,0.0,0.0,0.0,0.0,0.0,-0.20763938128948212,2.4849066734313965,0.0,0.0,0.0,0.0,0.0,0.0,0.5967743396759033,1.2019644975662231,1.0072802305221558
3.0,0.0,3.0,0.0,3.0,0.0,0.0,15.0,0.0,0.0,1.18931245803833,-0.8679298758506775,0.0,-1.3862943649291992,0.0,0.0,0.0,0.0,0.0,0.0,0.0,0.0,-0.20763938128948212,2.4849066734313965,0.0,0.0,0.0,0.0,0.0,0.0,0.6211690902709961,1.2346950769424438,0.9954270720481873
3.0,0.0,3.0,0.0,3.0,0.0,0.0,15.0,0.0,0.0,1.6552406549453735,-0.8679298758506775,0.0,-1.3862943649291992,0.0,0.0,0.0,0.0,0.0,0.0,0.0,0.0,-0.20763938128948212,2.4849066734313965,0.0,0.0,0.0,0.0,0.0,0.0,0.49177759885787964,1.8308054208755493,0.5912514328956604
3.0,0.0,3.0,0.0,3.0,0.0,0.0,15.0,0.0,0.0,-0.7908821702003479,-0.8679298758506775,0.0,-1.3862943649291992,0.0,0.0,0.0,0.0,0.0,0.0,0.0,0.0,-0.11934677511453629,2.4849066734313965,0.0,0.0,0.0,0.0,0.0,0.0,0.8005014657974243,3.1031007766723633,0.8177564144134521
3.0,0.0,3.0,0.0,3.0,0.0,0.0,15.0,0.0,0.0,-0.7908821702003479,0.42486825585365295,0.0,-1.3862943649291992,0.0,0.0,0.0,0.0,0.0,0.0,0.0,0.0,-0.11934677511453629,2.4849066734313965,0.0,0.0,0.0,0.0,0.0,0.0,1.464300274848938,0.9448885321617126,1.1225848197937012
3.0,0.0,3.0,0.0,3.0,0.0,0.0,15.0,0.0,0.0,-0.7908821702003479,1.0712673664093018,0.0,-1.3862943649291992,0.0,0.0,0.0,0.0,0.0,0.0,0.0,0.0,-0.11934677511453629,2.4849066734313965,0.0,0.0,0.0,0.0,0.0,0.0,1.535469651222229,0.9354117512702942,1.1789257526397705
3.0,0.0,3.0,0.0,3.0,0.0,0.0,15.0,0.0,0.0,-0.7908821702003479,1.7176663875579834,0.0,-1.3862943649291992,0.0,0.0,0.0,0.0,0.0,0.0,0.0,0.0,-0.11934677511453629,2.4849066734313965,0.0,0.0,0.0,0.0,0.0,0.0,0.7294753789901733,0.8674549460411072,0.7018105983734131
3.0,0.0,3.0,0.0,3.0,0.0,0.0,15.0,0.0,0.0,0.7233843207359314,-0.8679298758506775,0.0,-1.3862943649291992,0.0,0.0,0.0,0.0,0.0,0.0,0.0,0.0,-0.11934677511453629,2.4849066734313965,0.0,0.0,0.0,0.0,0.0,0.0,0.5959377288818359,1.6797089576721191,1.0876210927963257
3.0,0.0,3.0,0.0,3.0,0.0,0.0,15.0,0.0,0.0,1.18931245803833,-0.8679298758506775,0.0,-1.3862943649291992,0.0,0.0,0.0,0.0,0.0,0.0,0.0,0.0,-0.11934677511453629,2.4849066734313965,0.0,0.0,0.0,0.0,0.0,0.0,0.5706462860107422,1.155944585800171,1.086130976676941
3.0,0.0,3.0,0.0,3.0,0.0,0.0,15.0,0.0,0.0,1.6552406549453735,-0.8679298758506775,0.0,-1.3862943649291992,0.0,0.0,0.0,0.0,0.0,0.0,0.0,0.0,-0.11934677511453629,2.4849066734313965,0.0,0.0,0.0,0.0,0.0,0.0,0.46548596024513245,1.765507698059082,0.5766022801399231
3.0,0.0,0.0,0.0,0.0,0.0,0.0,10.0,0.0,2.0,-0.7908821702003479,-0.8679298758506775,-0.05789395421743393,0.6931471824645996,0.0,0.0,0.0,0.0,0.0,0.0,-0.4307829737663269,2.079441547393799,0.0,0.0,0.0,0.0,0.0,0.0,0.0,0.0,1.144346833229065,0.9000114798545837,1.0342626571655273
3.0,0.0,0.0,0.0,0.0,0.0,0.0,10.0,0.0,2.0,-0.7908821702003479,0.42486825585365295,-0.05789395421743393,0.6931471824645996,0.0,0.0,0.0,0.0,0.0,0.0,-0.4307829737663269,2.079441547393799,0.0,0.0,0.0,0.0,0.0,0.0,0.0,0.0,1.450260877609253,0.5524609684944153,1.170514702796936
3.0,0.0,0.0,0.0,0.0,0.0,0.0,10.0,0.0,2.0,-0.7908821702003479,1.0712673664093018,-0.05789395421743393,0.6931471824645996,0.0,0.0,0.0,0.0,0.0,0.0,-0.4307829737663269,2.079441547393799,0.0,0.0,0.0,0.0,0.0,0.0,0.0,0.0,1.4439095258712769,0.570637047290802,1.2340377569198608
3.0,0.0,0.0,0.0,0.0,0.0,0.0,10.0,0.0,2.0,-0.7908821702003479,1.7176663875579834,-0.05789395421743393,0.6931471824645996,0.0,0.0,0.0,0.0,0.0,0.0,-0.4307829737663269,2.079441547393799,0.0,0.0,0.0,0.0,0.0,0.0,0.0,0.0,1.5004886388778687,0.6564133167266846,1.2621839046478271
3.0,0.0,0.0,0.0,0.0,0.0,0.0,10.0,0.0,2.0,0.7233843207359314,-0.8679298758506775,-0.05789395421743393,0.6931471824645996,0.0,0.0,0.0,0.0,0.0,0.0,-0.4307829737663269,2.079441547393799,0.0,0.0,0.0,0.0,0.0,0.0,0.0,0.0,0.7257744669914246,0.9355107545852661,0.7489545941352844
3.0,0.0,0.0,0.0,0.0,0.0,0.0,10.0,0.0,2.0,1.18931245803833,-0.8679298758506775,-0.05789395421743393,0.6931471824645996,0.0,0.0,0.0,0.0,0.0,0.0,-0.4307829737663269,2.079441547393799,0.0,0.0,0.0,0.0,0.0,0.0,0.0,0.0,0.6609897017478943,2.300886631011963,0.6423677206039429
3.0,0.0,0.0,0.0,0.0,0.0,0.0,10.0,0.0,2.0,1.6552406549453735,-0.8679298758506775,-0.05789395421743393,0.6931471824645996,0.0,0.0,0.0,0.0,0.0,0.0,-0.4307829737663269,2.079441547393799,0.0,0.0,0.0,0.0,0.0,0.0,0.0,0.0,0.3450612723827362,2.360558271408081,0.35923492908477783
3.0,0.0,0.0,0.0,0.0,0.0,0.0,10.0,0.0,2.0,-0.7908821702003479,-0.8679298758506775,-0.05789395421743393,0.6931471824645996,0.0,0.0,0.0,0.0,0.0,0.0,-0.4307829737663269,2.079441547393799,0.0,0.0,-0.05789395421743393,0.6931471824645996,0.0,0.0,0.0,0.0,1.1907678842544556,0.5641588568687439,1.0631921291351318
3.0,0.0,0.0,0.0,0.0,0.0,0.0,10.0,0.0,2.0,-0.7908821702003479,0.42486825585365295,-0.05789395421743393,0.6931471824645996,0.0,0.0,0.0,0.0,0.0,0.0,-0.4307829737663269,2.079441547393799,0.0,0.0,-0.05789395421743393,0.6931471824645996,0.0,0.0,0.0,0.0,1.3424155712127686,0.5737747550010681,1.1115118265151978
3.0,0.0,0.0,0.0,0.0,0.0,0.0,10.0,0.0,2.0,-0.7908821702003479,0.7480677962303162,-0.05789395421743393,0.6931471824645996,0.0,0.0,0.0,0.0,0.0,0.0,-0.4307829737663269,2.079441547393799,0.0,0.0,-0.05789395421743393,0.6931471824645996,0.0,0.0,0.0,0.0,1.356201410293579,0.542772114276886,1.165563941001892
3.0,0.0,0.0,0.0,0.0,0.0,0.0,10.0,0.0,2.0,-0.7908821702003479,1.0712673664093018,-0.05789395421743393,0.6931471824645996,0.0,0.0,0.0,0.0,0.0,0.0,-0.4307829737663269,2.079441547393799,0.0,0.0,-0.05789395421743393,0.6931471824645996,0.0,0.0,0.0,0.0,1.3990857601165771,0.6330984830856323,1.1925266981124878
3.0,0.0,0.0,0.0,0.0,0.0,0.0,10.0,0.0,2.0,-0.7908821702003479,1.7176663875579834,-0.05789395421743393,0.6931471824645996,0.0,0.0,0.0,0.0,0.0,0.0,-0.4307829737663269,2.079441547393799,0.0,0.0,-0.05789395421743393,0.6931471824645996,0.0,0.0,0.0,0.0,1.5709060430526733,0.5951666235923767,1.3143712282180786
3.0,0.0,0.0,0.0,0.0,0.0,0.0,10.0,0.0,2.0,0.7233843207359314,-0.8679298758506775,-0.05789395421743393,0.6931471824645996,0.0,0.0,0.0,0.0,0.0,0.0,-0.4307829737663269,2.079441547393799,0.0,0.0,-0.05789395421743393,0.6931471824645996,0.0,0.0,0.0,0.0,0.7348117232322693,1.102471113204956,0.7719248533248901
3.0,0.0,0.0,0.0,0.0,0.0,0.0,10.0,0.0,2.0,1.18931245803833,-0.8679298758506775,-0.05789395421743393,0.6931471824645996,0.0,0.0,0.0,0.0,0.0,0.0,-0.4307829737663269,2.079441547393799,0.0,0.0,-0.05789395421743393,0.6931471824645996,0.0,0.0,0.0,0.0,0.6086673140525818,2.136735439300537,0.5786153674125671
3.0,0.0,0.0,0.0,0.0,0.0,0.0,10.0,0.0,2.0,1.6552406549453735,-0.8679298758506775,-0.05789395421743393,0.6931471824645996,0.0,0.0,0.0,0.0,0.0,0.0,-0.4307829737663269,2.079441547393799,0.0,0.0,-0.05789395421743393,0.6931471824645996,0.0,0.0,0.0,0.0,0.33972257375717163,2.332536220550537,0.3307676315307617
3.0,0.0,0.0,0.0,0.0,0.0,0.0,10.0,0.0,2.0,-0.7908821702003479,-0.8679298758506775,0.036813993006944656,-0.8675006031990051,0.0,0.0,0.0,0.0,0.0,0.0,0.0,0.0,0.0,0.0,0.0,0.0,0.0,0.0,0.0,0.0,0.43422597646713257,1.0630879402160645,0.9681641459465027
3.0,0.0,0.0,0.0,0.0,0.0,0.0,10.0,0.0,2.0,-0.7908821702003479,0.7480677962303162,0.036813993006944656,-0.8675006031990051,0.0,0.0,0.0,0.0,0.0,0.0,0.0,0.0,0.0,0.0,0.0,0.0,0.0,0.0,0.0,0.0,0.3965735137462616,0.5946850180625916,0.7986306548118591
3.0,0.0,0.0,0.0,0.0,0.0,0.0,10.0,0.0,2.0,-0.7908821702003479,1.0712673664093018,0.036813993006944656,-0.8675006031990051,0.0,0.0,0.0,0.0,0.0,0.0,0.0,0.0,0.0,0.0,0.0,0.0,0.0,0.0,0.0,0.0,0.486599326133728,0.8441917300224304,0.830271303653717
3.0,0.0,0.0,0.0,0.0,0.0,0.0,10.0,0.0,2.0,-0.7908821702003479,1.3944668769836426,0.036813993006944656,-0.8675006031990051,0.0,0.0,0.0,0.0,0.0,0.0,0.0,0.0,0.0,0.0,0.0,0.0,0.0,0.0,0.0,0.0,0.7590254545211792,0.992786705493927,0.8565396070480347
3.0,0.0,0.0,0.0,0.0,0.0,0.0,10.0,0.0,2.0,-0.7908821702003479,1.7176663875579834,0.036813993006944656,-0.8675006031990051,0.0,0.0,0.0,0.0,0.0,0.0,0.0,0.0,0.0,0.0,0.0,0.0,0.0,0.0,0.0,0.0,0.7431930303573608,0.7879406213760376,0.8299727439880371
3.0,0.0,0.0,0.0,0.0,0.0,0.0,10.0,0.0,2.0,0.7233843207359314,-0.8679298758506775,0.036813993006944656,-0.8675006031990051,0.0,0.0,0.0,0.0,0.0,0.0,0.0,0.0,0.0,0.0,0.0,0.0,0.0,0.0,0.0,0.0,0.5191113352775574,1.009193778038025,0.6824111938476562
3.0,0.0,0.0,0.0,0.0,0.0,0.0,10.0,0.0,2.0,1.18931245803833,-0.8679298758506775,0.036813993006944656,-0.8675006031990051,0.0,0.0,0.0,0.0,0.0,0.0,0.0,0.0,0.0,0.0,0.0,0.0,0.0,0.0,0.0,0.0,0.7962396740913391,0.4993515908718109,0.8621543645858765
3.0,0.0,0.0,0.0,0.0,0.0,0.0,10.0,0.0,2.0,1.6552406549453735,-0.8679298758506775,0.036813993006944656,-0.8675006031990051,0.0,0.0,0.0,0.0,0.0,0.0,0.0,0.0,0.0,0.0,0.0,0.0,0.0,0.0,0.0,0.0,0.39915627241134644,2.261875629425049,0.396140992641449
3.0,0.0,0.0,0.0,0.0,0.0,0.0,10.0,0.0,2.0,-0.7908821702003479,-0.8679298758506775,0.16126810014247894,-0.8675006031990051,0.0,0.0,0.0,0.0,0.0,0.0,0.0,0.0,0.0,0.0,0.0,0.0,0.0,0.0,0.0,0.0,0.4637232720851898,1.1113662719726562,0.9484080672264099
3.0,0.0,0.0,0.0,0.0,0.0,0.0,10.0,0.0,2.0,-0.7908821702003479,0.42486825585365295,0.16126810014247894,-0.8675006031990051,0.0,0.0,0.0,0.0,0.0,0.0,0.0,0.0,0.0,0.0,0.0,0.0,0.0,0.0,0.0,0.0,0.5357967019081116,0.5390607714653015,0.791786253452301
3.0,0.0,0.0,0.0,0.0,0.0,0.0,10.0,0.0,2.0,-0.7908821702003479,1.0712673664093018,0.16126810014247894,-0.8675006031990051,0.0,0.0,0.0,0.0,0.0,0.0,0.0,0.0,0.0,0.0,0.0,0.0,0.0,0.0,0.0,0.0,0.7618135809898376,0.8989812731742859,0.8786426782608032
3.0,0.0,0.0,0.0,0.0,0.0,0.0,10.0,0.0,2.0,-0.7908821702003479,1.3944668769836426,0.16126810014247894,-0.8675006031990051,0.0,0.0,0.0,0.0,0.0,0.0,0.0,0.0,0.0,0.0,0.0,0.0,0.0,0.0,0.0,0.0,0.72495037317276,0.9996011257171631,0.885785698890686
3.0,0.0,0.0,0.0,0.0,0.0,0.0,10.0,0.0,2.0,-0.7908821702003479,1.7176663875579834,0.16126810014247894,-0.8675006031990051,0.0,0.0,0.0,0.0,0.0,0.0,0.0,0.0,0.0,0.0,0.0,0.0,0.0,0.0,0.0,0.0,0.6408545970916748,0.9555259943008423,0.86240154504776
3.0,0.0,0.0,0.0,0.0,0.0,0.0,10.0,0.0,2.0,-0.7908821702003479,2.040865898132324,0.16126810014247894,-0.8675006031990051,0.0,0.0,0.0,0.0,0.0,0.0,0.0,0.0,0.0,0.0,0.0,0.0,0.0,0.0,0.0,0.0,0.8011557459831238,0.9303990602493286,0.846511721611023
3.0,0.0,0.0,0.0,0.0,0.0,0.0,10.0,0.0,2.0,0.7233843207359314,-0.8679298758506775,0.16126810014247894,-0.8675006031990051,0.0,0.0,0.0,0.0,0.0,0.0,0.0,0.0,0.0,0.0,0.0,0.0,0.0,0.0,0.0,0.0,0.6558444499969482,0.8960733413696289,0.7057278156280518
3.0,0.0,0.0,0.0,0.0,0.0,0.0,10.0,0.0,2.0,1.18931245803833,-0.8679298758506775,0.16126810014247894,-0.8675006031990051,0.0,0.0,0.0,0.0,0.0,0.0,0.0,0.0,0.0,0.0,0.0,0.0,0.0,0.0,0.0,0.0,0.7403678297996521,0.37026411294937134,0.8372949361801147
3.0,0.0,0.0,0.0,0.0,0.0,0.0,10.0,0.0,2.0,1.6552406549453735,-0.8679298758506775,0.16126810014247894,-0.8675006031990051,0.0,0.0,0.0,0.0,0.0,0.0,0.0,0.0,0.0,0.0,0.0,0.0,0.0,0.0,0.0,0.0,0.4085372984409332,2.3642921447753906,0.4029161334037781
3.0,0.0,0.0,0.0,0.0,0.0,0.0,10.0,0.0,2.0,-0.7908821702003479,-0.8679298758506775,0.0,0.0,0.04879011958837509,-0.8675006031990051,0.0,0.0,0.0,0.0,0.0,0.0,0.0,0.0,0.0,0.0,0.0,0.0,0.0,0.0,1.1103241443634033,0.839159369468689,1.0521279573440552
3.0,0.0,0.0,0.0,0.0,0.0,0.0,10.0,0.0,2.0,-0.7908821702003479,-0.22153080999851227,0.0,0.0,0.04879011958837509,-0.8675006031990051,0.0,0.0,0.0,0.0,0.0,0.0,0.0,0.0,0.0,0.0,0.0,0.0,0.0,0.0,1.211789846420288,0.33932769298553467,1.1568340063095093
3.0,0.0,0.0,0.0,0.0,0.0,0.0,10.0,0.0,2.0,-0.7908821702003479,0.42486825585365295,0.0,0.0,0.04879011958837509,-0.8675006031990051,0.0,0.0,0.0,0.0,0.0,0.0,0.0,0.0,0.0,0.0,0.0,0.0,0.0,0.0,1.243704915046692,0.5774922966957092,1.15474534034729
3.0,0.0,0.0,0.0,0.0,0.0,0.0,10.0,0.0,2.0,-0.7908821702003479,0.7480677962303162,0.0,0.0,0.04879011958837509,-0.8675006031990051,0.0,0.0,0.0,0.0,0.0,0.0,0.0,0.0,0.0,0.0,0.0,0.0,0.0,0.0,1.4541012048721313,0.6374666094779968,1.1325178146362305
3.0,0.0,0.0,0.0,0.0,0.0,0.0,10.0,0.0,2.0,-0.7908821702003479,1.0712673664093018,0.0,0.0,0.04879011958837509,-0.8675006031990051,0.0,0.0,0.0,0.0,0.0,0.0,0.0,0.0,0.0,0.0,0.0,0.0,0.0,0.0,1.5173237323760986,0.48913875222206116,1.3185607194900513
3.0,0.0,0.0,0.0,0.0,0.0,0.0,10.0,0.0,2.0,-0.7908821702003479,1.3944668769836426,0.0,0.0,0.04879011958837509,-0.8675006031990051,0.0,0.0,0.0,0.0,0.0,0.0,0.0,0.0,0.0,0.0,0.0,0.0,0.0,0.0,1.4839236736297607,0.5272037386894226,1.2383325099945068
3.0,0.0,0.0,0.0,0.0,0.0,0.0,10.0,0.0,2.0,0.7233843207359314,-0.8679298758506775,0.0,0.0,0.04879011958837509,-0.8675006031990051,0.0,0.0,0.0,0.0,0.0,0.0,0.0,0.0,0.0,0.0,0.0,0.0,0.0,0.0,0.73809814453125,1.1875337362289429,0.7229870557785034
3.0,0.0,0.0,0.0,0.0,0.0,0.0,10.0,0.0,2.0,1.18931245803833,-0.8679298758506775,0.0,0.0,0.04879011958837509,-0.8675006031990051,0.0,0.0,0.0,0.0,0.0,0.0,0.0,0.0,0.0,0.0,0.0,0.0,0.0,0.0,0.6842350959777832,1.6400865316390991,0.6694239974021912
3.0,0.0,0.0,0.0,0.0,0.0,0.0,10.0,0.0,2.0,1.6552406549453735,-0.8679298758506775,0.0,0.0,0.04879011958837509,-0.8675006031990051,0.0,0.0,0.0,0.0,0.0,0.0,0.0,0.0,0.0,0.0,0.0,0.0,0.0,0.0,0.3790896534919739,2.3575000762939453,0.3983950912952423
3.0,0.0,0.0,0.0,0.0,0.0,0.0,10.0,0.0,2.0,-0.7908821702003479,-0.8679298758506775,0.0,0.0,0.0,0.0,0.04879011958837509,-0.8675006031990051,0.0,0.0,0.0,0.0,0.0,0.0,0.0,0.0,0.0,0.0,0.0,0.0,0.8792575001716614,1.6464459896087646,0.9348540306091309
3.0,0.0,0.0,0.0,0.0,0.0,0.0,10.0,0.0,2.0,-0.7908821702003479,0.10166872292757034,0.0,0.0,0.0,0.0,0.04879011958837509,-0.8675006031990051,0.0,0.0,0.0,0.0,0.0,0.0,0.0,0.0,0.0,0.0,0.0,0.0,1.0592886209487915,0.36267727613449097,0.9971021413803101
3.0,0.0,0.0,0.0,0.0,0.0,0.0,10.0,0.0,2.0,-0.7908821702003479,0.7480677962303162,0.0,0.0,0.0,0.0,0.04879011958837509,-0.8675006031990051,0.0,0.0,0.0,0.0,0.0,0.0,0.0,0.0,0.0,0.0,0.0,0.0,1.048376202583313,0.6401841640472412,1.0290881395339966
3.0,0.0,0.0,0.0,0.0,0.0,0.0,10.0,0.0,2.0,-0.7908821702003479,1.0712673664093018,0.0,0.0,0.0,0.0,0.04879011958837509,-0.8675006031990051,0.0,0.0,0.0,0.0,0.0,0.0,0.0,0.0,0.0,0.0,0.0,0.0,1.1198748350143433,0.9296713471412659,1.0359504222869873
3.0,0.0,0.0,0.0,0.0,0.0,0.0,10.0,0.0,2.0,-0.7908821702003479,1.3944668769836426,0.0,0.0,0.0,0.0,0.04879011958837509,-0.8675006031990051,0.0,0.0,0.0,0.0,0.0,0.0,0.0,0.0,0.0,0.0,0.0,0.0,1.112298607826233,0.9356349110603333,1.0407263040542603
3.0,0.0,0.0,0.0,0.0,0.0,0.0,10.0,0.0,2.0,0.7233843207359314,-0.8679298758506775,0.0,0.0,0.0,0.0,0.04879011958837509,-0.8675006031990051,0.0,0.0,0.0,0.0,0.0,0.0,0.0,0.0,0.0,0.0,0.0,0.0,0.5339216589927673,1.7848566770553589,0.6545037627220154
3.0,0.0,0.0,0.0,0.0,0.0,0.0,10.0,0.0,2.0,1.18931245803833,-0.8679298758506775,0.0,0.0,0.0,0.0,0.04879011958837509,-0.8675006031990051,0.0,0.0,0.0,0.0,0.0,0.0,0.0,0.0,0.0,0.0,0.0,0.0,0.44652101397514343,2.329122304916382,0.5342084765434265
3.0,0.0,0.0,0.0,0.0,0.0,0.0,10.0,0.0,2.0,1.6552406549453735,-0.8679298758506775,0.0,0.0,0.0,0.0,0.04879011958837509,-0.8675006031990051,0.0,0.0,0.0,0.0,0.0,0.0,0.0,0.0,0.0,0.0,0.0,0.0,0.34147658944129944,2.3611629009246826,0.33277881145477295
6.0,0.0,0.0,2.5,1.5,0.0,0.30000001192092896,0.0,0.0,0.5,-0.7908821702003479,-0.8679298758506775,0.0,0.0,0.0,0.6931471824645996,0.0,0.0,0.0,0.0,0.0,0.0,0.0,0.0,0.0,0.0,0.0,0.0,0.0,0.0,1.0547720193862915,1.7904784679412842,1.048599123954773
6.0,0.0,0.0,2.5,1.5,0.0,0.30000001192092896,0.0,0.0,0.5,-0.7908821702003479,0.42486825585365295,0.0,0.0,0.0,0.6931471824645996,0.0,0.0,0.0,0.0,0.0,0.0,0.0,0.0,0.0,0.0,0.0,0.0,0.0,0.0,1.372426152229309,0.9737136960029602,1.222769021987915
6.0,0.0,0.0,2.5,1.5,0.0,0.30000001192092896,0.0,0.0,0.5,-0.7908821702003479,1.3944668769836426,0.0,0.0,0.0,0.6931471824645996,0.0,0.0,0.0,0.0,0.0,0.0,0.0,0.0,0.0,0.0,0.0,0.0,0.0,0.0,1.5776140689849854,1.2591058015823364,1.28679358959198
6.0,0.0,0.0,2.5,1.5,0.0,0.30000001192092896,0.0,0.0,0.5,-0.7908821702003479,1.7176663875579834,0.0,0.0,0.0,0.6931471824645996,0.0,0.0,0.0,0.0,0.0,0.0,0.0,0.0,0.0,0.0,0.0,0.0,0.0,0.0,1.7592360973358154,1.0222257375717163,1.405745506286621
6.0,0.0,0.0,2.5,1.5,0.0,0.30000001192092896,0.0,0.0,0.5,0.7233843207359314,-0.8679298758506775,0.0,0.0,0.0,0.6931471824645996,0.0,0.0,0.0,0.0,0.0,0.0,0.0,0.0,0.0,0.0,0.0,0.0,0.0,0.0,0.6849184632301331,0.8859028220176697,1.0121556520462036
6.0,0.0,0.0,2.5,1.5,0.0,0.30000001192092896,0.0,0.0,0.5,1.18931245803833,-0.8679298758506775,0.0,0.0,0.0,0.6931471824645996,0.0,0.0,0.0,0.0,0.0,0.0,0.0,0.0,0.0,0.0,0.0,0.0,0.0,0.0,0.5723941326141357,0.8316434025764465,1.0114604234695435
6.0,0.0,0.0,2.5,1.5,0.0,0.30000001192092896,0.0,0.0,0.5,1.6552406549453735,-0.8679298758506775,0.0,0.0,0.0,0.6931471824645996,0.0,0.0,0.0,0.0,0.0,0.0,0.0,0.0,0.0,0.0,0.0,0.0,0.0,0.0,0.5772150754928589,1.8493719100952148,1.0686323642730713
6.0,0.0,0.0,2.5,1.5,0.0,0.30000001192092896,0.0,0.0,0.5,-0.7908821702003479,-0.8679298758506775,0.0,0.0,0.0,0.6931471824645996,0.0,0.0,0.0,0.0,0.0,0.0,0.0,0.0,0.0,0.0,0.0,0.0,0.0,0.0,1.1219922304153442,1.392387866973877,1.100425124168396
6.0,0.0,0.0,2.5,1.5,0.0,0.30000001192092896,0.0,0.0,0.5,-0.7908821702003479,0.42486825585365295,0.0,0.0,0.0,0.6931471824645996,0.0,0.0,0.0,0.0,0.0,0.0,0.0,0.0,0.0,0.0,0.0,0.0,0.0,0.0,1.432742714881897,0.895094096660614,1.282625675201416
6.0,0.0,0.0,2.5,1.5,0.0,0.30000001192092896,0.0,0.0,0.5,-0.7908821702003479,1.0712673664093018,0.0,0.0,0.0,0.6931471824645996,0.0,0.0,0.0,0.0,0.0,0.0,0.0,0.0,0.0,0.0,0.0,0.0,0.0,0.0,1.599647045135498,0.5632464289665222,1.3073300123214722
6.0,0.0,0.0,2.5,1.5,0.0,0.30000001192092896,0.0,0.0,0.5,-0.7908821702003479,1.7176663875579834,0.0,0.0,0.0,0.6931471824645996,0.0,0.0,0.0,0.0,0.0,0.0,0.0,0.0,0.0,0.0,0.0,0.0,0.0,0.0,1.9826068878173828,0.8744257092475891,1.5227774381637573
6.0,0.0,0.0,2.5,1.5,0.0,0.30000001192092896,0.0,0.0,0.5,0.7233843207359314,-0.8679298758506775,0.0,0.0,0.0,0.6931471824645996,0.0,0.0,0.0,0.0,0.0,0.0,0.0,0.0,0.0,0.0,0.0,0.0,0.0,0.0,0.6889380216598511,0.8936730027198792,1.074949026107788
6.0,0.0,0.0,2.5,1.5,0.0,0.30000001192092896,0.0,0.0,0.5,1.18931245803833,-0.8679298758506775,0.0,0.0,0.0,0.6931471824645996,0.0,0.0,0.0,0.0,0.0,0.0,0.0,0.0,0.0,0.0,0.0,0.0,0.0,0.0,0.6172261834144592,1.8144044876098633,1.0701029300689697
6.0,0.0,0.0,2.5,1.5,0.0,0.30000001192092896,0.0,0.0,0.5,1.6552406549453735,-0.8679298758506775,0.0,0.0,0.0,0.6931471824645996,0.0,0.0,0.0,0.0,0.0,0.0,0.0,0.0,0.0,0.0,0.0,0.0,0.0,0.0,0.6849826574325562,1.715330719947815,1.2682462930679321
6.0,0.0,0.0,2.5,1.5,0.0,0.30000001192092896,0.0,0.0,0.5,-0.7908821702003479,-0.8679298758506775,0.0,0.0,0.09531019628047943,0.6931471824645996,0.0,0.0,0.0,0.0,0.0,0.0,0.0,0.0,0.0,0.0,0.0,0.0,0.0,0.0,1.036155104637146,1.128615140914917,1.049151062965393
6.0,0.0,0.0,2.5,1.5,0.0,0.30000001192092896,0.0,0.0,0.5,-0.7908821702003479,0.42486825585365295,0.0,0.0,0.09531019628047943,0.6931471824645996,0.0,0.0,0.0,0.0,0.0,0.0,0.0,0.0,0.0,0.0,0.0,0.0,0.0,0.0,1.3659398555755615,0.9484567046165466,1.2427700757980347
6.0,0.0,0.0,2.5,1.5,0.0,0.30000001192092896,0.0,0.0,0.5,-0.7908821702003479,1.3944668769836426,0.0,0.0,0.09531019628047943,0.6931471824645996,0.0,0.0,0.0,0.0,0.0,0.0,0.0,0.0,0.0,0.0,0.0,0.0,0.0,0.0,1.6953632831573486,0.8077260255813599,1.3141381740570068
6.0,0.0,0.0,2.5,1.5,0.0,0.30000001192092896,0.0,0.0,0.5,-0.7908821702003479,1.7176663875579834,0.0,0.0,0.09531019628047943,0.6931471824645996,0.0,0.0,0.0,0.0,0.0,0.0,0.0,0.0,0.0,0.0,0.0,0.0,0.0,0.0,1.666149377822876,0.8273615837097168,1.3951537609100342
6.0,0.0,0.0,2.5,1.5,0.0,0.30000001192092896,0.0,0.0,0.5,0.7233843207359314,-0.8679298758506775,0.0,0.0,0.09531019628047943,0.6931471824645996,0.0,0.0,0.0,0.0,0.0,0.0,0.0,0.0,0.0,0.0,0.0,0.0,0.0,0.0,0.711212158203125,0.9303366541862488,1.1065850257873535
6.0,0.0,0.0,2.5,1.5,0.0,0.30000001192092896,0.0,0.0,0.5,1.18931245803833,-0.8679298758506775,0.0,0.0,0.09531019628047943,0.6931471824645996,0.0,0.0,0.0,0.0,0.0,0.0,0.0,0.0,0.0,0.0,0.0,0.0,0.0,0.0,0.6155425310134888,1.0309324264526367,0.9524052143096924
6.0,0.0,0.0,2.5,1.5,0.0,0.30000001192092896,0.0,0.0,0.5,1.6552406549453735,-0.8679298758506775,0.0,0.0,0.09531019628047943,0.6931471824645996,0.0,0.0,0.0,0.0,0.0,0.0,0.0,0.0,0.0,0.0,0.0,0.0,0.0,0.0,0.5936121344566345,1.712852120399475,0.9585957527160645
6.0,0.0,0.0,2.5,1.5,0.0,0.30000001192092896,0.0,0.0,0.5,-0.7908821702003479,-0.8679298758506775,0.2231435477733612,0.6931471824645996,0.0,0.0,0.0,0.0,0.0,0.0,0.0,0.0,0.0,0.0,0.0,0.0,0.0,0.0,0.0,0.0,1.620455026626587,0.11201806366443634,1.4146870374679565
6.0,0.0,0.0,2.5,1.5,0.0,0.30000001192092896,0.0,0.0,0.5,-0.7908821702003479,0.42486825585365295,0.2231435477733612,0.6931471824645996,0.0,0.0,0.0,0.0,0.0,0.0,0.0,0.0,0.0,0.0,0.0,0.0,0.0,0.0,0.0,0.0,1.7572470903396606,0.1416727602481842,1.5308526754379272
6.0,0.0,0.0,2.5,1.5,0.0,0.30000001192092896,0.0,0.0,0.5,-0.7908821702003479,1.0712673664093018,0.2231435477733612,0.6931471824645996,0.0,0.0,0.0,0.0,0.0,0.0,0.0,0.0,0.0,0.0,0.0,0.0,0.0,0.0,0.0,0.0,1.607569694519043,0.09546755254268646,1.50248122215271
6.0,0.0,0.0,2.5,1.5,0.0,0.30000001192092896,0.0,0.0,0.5,-0.7908821702003479,1.7176663875579834,0.2231435477733612,0.6931471824645996,0.0,0.0,0.0,0.0,0.0,0.0,0.0,0.0,0.0,0.0,0.0,0.0,0.0,0.0,0.0,0.0,1.649237871170044,0.10548679530620575,1.5675662755966187
6.0,0.0,0.0,2.5,1.5,0.0,0.30000001192092896,0.0,0.0,0.5,0.7233843207359314,-0.8679298758506775,0.2231435477733612,0.6931471824645996,0.0,0.0,0.0,0.0,0.0,0.0,0.0,0.0,0.0,0.0,0.0,0.0,0.0,0.0,0.0,0.0,1.2514002323150635,0.08743453770875931,1.1620951890945435
6.0,0.0,0.0,2.5,1.5,0.0,0.30000001192092896,0.0,0.0,0.5,1.18931245803833,-0.8679298758506775,0.2231435477733612,0.6931471824645996,0.0,0.0,0.0,0.0,0.0,0.0,0.0,0.0,0.0,0.0,0.0,0.0,0.0,0.0,0.0,0.0,1.200643539428711,0.09059949219226837,1.1107121706008911
6.0,0.0,0.0,2.5,1.5,0.0,0.30000001192092896,0.0,0.0,0.5,1.6552406549453735,-0.8679298758506775,0.2231435477733612,0.6931471824645996,0.0,0.0,0.0,0.0,0.0,0.0,0.0,0.0,0.0,0.0,0.0,0.0,0.0,0.0,0.0,0.0,1.0353680849075317,1.361627459526062,0.9844517707824707
6.0,0.0,0.0,2.5,1.5,0.0,0.30000001192092896,0.0,0.0,0.5,-0.7908821702003479,-0.8679298758506775,0.0,0.0,0.2623642086982727,0.6931471824645996,0.0,0.0,0.0,0.0,0.0,0.0,0.0,0.0,0.0,0.0,0.0,0.0,0.0,0.0,0.9953445792198181,0.8754454851150513,1.0360385179519653
6.0,0.0,0.0,2.5,1.5,0.0,0.30000001192092896,0.0,0.0,0.5,-0.7908821702003479,0.42486825585365295,0.0,0.0,0.2623642086982727,0.6931471824645996,0.0,0.0,0.0,0.0,0.0,0.0,0.0,0.0,0.0,0.0,0.0,0.0,0.0,0.0,1.3005729913711548,0.7401555776596069,1.2075849771499634
6.0,0.0,0.0,2.5,1.5,0.0,0.30000001192092896,0.0,0.0,0.5,-0.7908821702003479,1.3944668769836426,0.0,0.0,0.2623642086982727,0.6931471824645996,0.0,0.0,0.0,0.0,0.0,0.0,0.0,0.0,0.0,0.0,0.0,0.0,0.0,0.0,1.7316880226135254,0.6141595244407654,1.3251439332962036
6.0,0.0,0.0,2.5,1.5,0.0,0.30000001192092896,0.0,0.0,0.5,-0.7908821702003479,1.7176663875579834,0.0,0.0,0.2623642086982727,0.6931471824645996,0.0,0.0,0.0,0.0,0.0,0.0,0.0,0.0,0.0,0.0,0.0,0.0,0.0,0.0,0.6664714217185974,0.5039125680923462,0.6062966585159302
6.0,0.0,0.0,2.5,1.5,0.0,0.30000001192092896,0.0,0.0,0.5,0.7233843207359314,-0.8679298758506775,0.0,0.0,0.2623642086982727,0.6931471824645996,0.0,0.0,0.0,0.0,0.0,0.0,0.0,0.0,0.0,0.0,0.0,0.0,0.0,0.0,0.6682997941970825,0.724255383014679,0.9607618451118469
6.0,0.0,0.0,2.5,1.5,0.0,0.30000001192092896,0.0,0.0,0.5,1.18931245803833,-0.8679298758506775,0.0,0.0,0.2623642086982727,0.6931471824645996,0.0,0.0,0.0,0.0,0.0,0.0,0.0,0.0,0.0,0.0,0.0,0.0,0.0,0.0,0.6947343349456787,0.7395432591438293,0.870934247970581
6.0,0.0,0.0,2.5,1.5,0.0,0.30000001192092896,0.0,0.0,0.5,1.6552406549453735,-0.8679298758506775,0.0,0.0,0.2623642086982727,0.6931471824645996,0.0,0.0,0.0,0.0,0.0,0.0,0.0,0.0,0.0,0.0,0.0,0.0,0.0,0.0,0.5694183111190796,1.7197332382202148,0.9731469750404358
6.0,0.0,0.0,2.5,1.5,0.0,0.30000001192092896,0.0,0.0,0.5,-0.7908821702003479,-0.8679298758506775,0.0,0.0,0.09531019628047943,-0.6931471824645996,0.0,0.0,0.0,0.0,-0.28768208622932434,0.6931471824645996,0.0,0.0,0.0,0.0,0.0,0.0,0.0,0.0,1.1536762714385986,1.3520123958587646,1.100908637046814
6.0,0.0,0.0,2.5,1.5,0.0,0.30000001192092896,0.0,0.0,0.5,-0.7908821702003479,0.42486825585365295,0.0,0.0,0.09531019628047943,-0.6931471824645996,0.0,0.0,0.0,0.0,-0.28768208622932434,0.6931471824645996,0.0,0.0,0.0,0.0,0.0,0.0,0.0,0.0,1.4663535356521606,0.9317314028739929,1.2750895023345947
6.0,0.0,0.0,2.5,1.5,0.0,0.30000001192092896,0.0,0.0,0.5,-0.7908821702003479,1.0712673664093018,0.0,0.0,0.09531019628047943,-0.6931471824645996,0.0,0.0,0.0,0.0,-0.28768208622932434,0.6931471824645996,0.0,0.0,0.0,0.0,0.0,0.0,0.0,0.0,1.6607820987701416,1.0993400812149048,1.4005013704299927
6.0,0.0,0.0,2.5,1.5,0.0,0.30000001192092896,0.0,0.0,0.5,-0.7908821702003479,1.7176663875579834,0.0,0.0,0.09531019628047943,-0.6931471824645996,0.0,0.0,0.0,0.0,-0.28768208622932434,0.6931471824645996,0.0,0.0,0.0,0.0,0.0,0.0,0.0,0.0,0.7194788455963135,0.860148012638092,0.6983196139335632
6.0,0.0,0.0,2.5,1.5,0.0,0.30000001192092896,0.0,0.0,0.5,0.7233843207359314,-0.8679298758506775,0.0,0.0,0.09531019628047943,-0.6931471824645996,0.0,0.0,0.0,0.0,-0.28768208622932434,0.6931471824645996,0.0,0.0,0.0,0.0,0.0,0.0,0.0,0.0,0.7668293118476868,0.89777672290802,1.0423717498779297
6.0,0.0,0.0,2.5,1.5,0.0,0.30000001192092896,0.0,0.0,0.5,1.18931245803833,-0.8679298758506775,0.0,0.0,0.09531019628047943,-0.6931471824645996,0.0,0.0,0.0,0.0,-0.28768208622932434,0.6931471824645996,0.0,0.0,0.0,0.0,0.0,0.0,0.0,0.0,0.7283526659011841,0.9565132856369019,0.9369493722915649
6.0,0.0,0.0,2.5,1.5,0.0,0.30000001192092896,0.0,0.0,0.5,1.6552406549453735,-0.8679298758506775,0.0,0.0,0.09531019628047943,-0.6931471824645996,0.0,0.0,0.0,0.0,-0.28768208622932434,0.6931471824645996,0.0,0.0,0.0,0.0,0.0,0.0,0.0,0.0,0.6385767459869385,1.6917287111282349,0.9773007035255432
6.5,1.5,0.0,3.0,0.0,0.0,0.25,0.0,0.0,0.0,-0.7908821702003479,-0.8679298758506775,0.0,0.0,0.24294616281986237,-0.6931471824645996,0.0,0.0,0.0,0.0,-0.3566749393939972,1.7917594909667969,0.0,0.0,0.0,0.0,0.0,0.0,0.0,0.0,0.9591553211212158,0.6974868178367615,1.016136884689331
6.5,1.5,0.0,3.0,0.0,0.0,0.25,0.0,0.0,0.0,-0.7908821702003479,0.42486825585365295,0.0,0.0,0.24294616281986237,-0.6931471824645996,0.0,0.0,0.0,0.0,-0.3566749393939972,1.7917594909667969,0.0,0.0,0.0,0.0,0.0,0.0,0.0,0.0,1.2749055624008179,0.5024226903915405,1.1264257431030273
6.5,1.5,0.0,3.0,0.0,0.0,0.25,0.0,0.0,0.0,-0.7908821702003479,1.0712673664093018,0.0,0.0,0.24294616281986237,-0.6931471824645996,0.0,0.0,0.0,0.0,-0.3566749393939972,1.7917594909667969,0.0,0.0,0.0,0.0,0.0,0.0,0.0,0.0,1.2846976518630981,0.5213539004325867,1.1672087907791138
6.5,1.5,0.0,3.0,0.0,0.0,0.25,0.0,0.0,0.0,-0.7908821702003479,1.7176663875579834,0.0,0.0,0.24294616281986237,-0.6931471824645996,0.0,0.0,0.0,0.0,-0.3566749393939972,1.7917594909667969,0.0,0.0,0.0,0.0,0.0,0.0,0.0,0.0,1.3967074155807495,0.41152286529541016,1.2030798196792603
6.5,1.5,0.0,3.0,0.0,0.0,0.25,0.0,0.0,0.0,0.7233843207359314,-0.8679298758506775,0.0,0.0,0.24294616281986237,-0.6931471824645996,0.0,0.0,0.0,0.0,-0.3566749393939972,1.7917594909667969,0.0,0.0,0.0,0.0,0.0,0.0,0.0,0.0,0.567798912525177,0.7860111594200134,0.7139938473701477
6.5,1.5,0.0,3.0,0.0,0.0,0.25,0.0,0.0,0.0,1.18931245803833,-0.8679298758506775,0.0,0.0,0.24294616281986237,-0.6931471824645996,0.0,0.0,0.0,0.0,-0.3566749393939972,1.7917594909667969,0.0,0.0,0.0,0.0,0.0,0.0,0.0,0.0,0.5363134741783142,1.1415172815322876,0.7239846587181091
6.5,1.5,0.0,3.0,0.0,0.0,0.25,0.0,0.0,0.0,1.6552406549453735,-0.8679298758506775,0.0,0.0,0.24294616281986237,-0.6931471824645996,0.0,0.0,0.0,0.0,-0.3566749393939972,1.7917594909667969,0.0,0.0,0.0,0.0,0.0,0.0,0.0,0.0,0.5402937531471252,1.1345473527908325,0.6538155674934387
6.5,1.5,0.0,3.0,0.0,0.0,0.25,0.0,0.0,0.0,-0.7908821702003479,-0.8679298758506775,0.0,0.0,0.18232160806655884,-0.28768208622932434,0.0,0.0,0.0,0.0,-0.3566749393939972,1.3862943649291992,0.0,0.0,0.0,0.0,0.0,0.0,0.0,0.0,1.0217761993408203,0.8037658333778381,1.0605753660202026
6.5,1.5,0.0,3.0,0.0,0.0,0.25,0.0,0.0,0.0,-0.7908821702003479,0.42486825585365295,0.0,0.0,0.18232160806655884,-0.28768208622932434,0.0,0.0,0.0,0.0,-0.3566749393939972,1.3862943649291992,0.0,0.0,0.0,0.0,0.0,0.0,0.0,0.0,1.24187433719635,0.5075178146362305,1.1736817359924316
6.5,1.5,0.0,3.0,0.0,0.0,0.25,0.0,0.0,0.0,-0.7908821702003479,1.0712673664093018,0.0,0.0,0.18232160806655884,-0.28768208622932434,0.0,0.0,0.0,0.0,-0.3566749393939972,1.3862943649291992,0.0,0.0,0.0,0.0,0.0,0.0,0.0,0.0,1.4771778583526611,0.5753573775291443,1.2042317390441895
6.5,1.5,0.0,3.0,0.0,0.0,0.25,0.0,0.0,0.0,-0.7908821702003479,1.7176663875579834,0.0,0.0,0.18232160806655884,-0.28768208622932434,0.0,0.0,0.0,0.0,-0.3566749393939972,1.3862943649291992,0.0,0.0,0.0,0.0,0.0,0.0,0.0,0.0,1.5146749019622803,0.594823956489563,1.2348672151565552
6.5,1.5,0.0,3.0,0.0,0.0,0.25,0.0,0.0,0.0,0.7233843207359314,-0.8679298758506775,0.0,0.0,0.18232160806655884,-0.28768208622932434,0.0,0.0,0.0,0.0,-0.3566749393939972,1.3862943649291992,0.0,0.0,0.0,0.0,0.0,0.0,0.0,0.0,0.6156046986579895,1.034940242767334,0.7345545887947083
6.5,1.5,0.0,3.0,0.0,0.0,0.25,0.0,0.0,0.0,1.18931245803833,-0.8679298758506775,0.0,0.0,0.18232160806655884,-0.28768208622932434,0.0,0.0,0.0,0.0,-0.3566749393939972,1.3862943649291992,0.0,0.0,0.0,0.0,0.0,0.0,0.0,0.0,0.550973117351532,0.8319919109344482,0.719245433807373
6.5,1.5,0.0,3.0,0.0,0.0,0.25,0.0,0.0,0.0,1.6552406549453735,-0.8679298758506775,0.0,0.0,0.18232160806655884,-0.28768208622932434,0.0,0.0,0.0,0.0,-0.3566749393939972,1.3862943649291992,0.0,0.0,0.0,0.0,0.0,0.0,0.0,0.0,0.556995153427124,0.9446568489074707,0.6562269330024719
6.5,1.5,0.0,3.0,0.0,0.0,0.25,0.0,0.0,0.0,-0.7908821702003479,-0.8679298758506775,0.0,0.0,0.18232160806655884,-0.6931471824645996,0.0,0.0,0.0,0.0,-0.4117347002029419,2.079441547393799,0.0,0.0,0.0,0.0,0.0,0.0,0.0,0.0,0.9946560859680176,0.7550630569458008,1.054914951324463
6.5,1.5,0.0,3.0,0.0,0.0,0.25,0.0,0.0,0.0,-0.7908821702003479,0.42486825585365295,0.0,0.0,0.18232160806655884,-0.6931471824645996,0.0,0.0,0.0,0.0,-0.4117347002029419,2.079441547393799,0.0,0.0,0.0,0.0,0.0,0.0,0.0,0.0,1.3384054899215698,0.5376203656196594,1.1944801807403564
6.5,1.5,0.0,3.0,0.0,0.0,0.25,0.0,0.0,0.0,-0.7908821702003479,0.7480677962303162,0.0,0.0,0.18232160806655884,-0.6931471824645996,0.0,0.0,0.0,0.0,-0.4117347002029419,2.079441547393799,0.0,0.0,0.0,0.0,0.0,0.0,0.0,0.0,1.5372525453567505,0.5651130676269531,1.261526346206665
6.5,1.5,0.0,3.0,0.0,0.0,0.25,0.0,0.0,0.0,-0.7908821702003479,1.0712673664093018,0.0,0.0,0.18232160806655884,-0.6931471824645996,0.0,0.0,0.0,0.0,-0.4117347002029419,2.079441547393799,0.0,0.0,0.0,0.0,0.0,0.0,0.0,0.0,1.4547483921051025,0.6776917576789856,1.2322232723236084
6.5,1.5,0.0,3.0,0.0,0.0,0.25,0.0,0.0,0.0,-0.7908821702003479,1.7176663875579834,0.0,0.0,0.18232160806655884,-0.6931471824645996,0.0,0.0,0.0,0.0,-0.4117347002029419,2.079441547393799,0.0,0.0,0.0,0.0,0.0,0.0,0.0,0.0,1.5109049081802368,0.616026759147644,1.232305884361267
6.5,1.5,0.0,3.0,0.0,0.0,0.25,0.0,0.0,0.0,0.7233843207359314,-0.8679298758506775,0.0,0.0,0.18232160806655884,-0.6931471824645996,0.0,0.0,0.0,0.0,-0.4117347002029419,2.079441547393799,0.0,0.0,0.0,0.0,0.0,0.0,0.0,0.0,0.643435001373291,1.0031483173370361,0.7748749256134033
6.5,1.5,0.0,3.0,0.0,0.0,0.25,0.0,0.0,0.0,1.18931245803833,-0.8679298758506775,0.0,0.0,0.18232160806655884,-0.6931471824645996,0.0,0.0,0.0,0.0,-0.4117347002029419,2.079441547393799,0.0,0.0,0.0,0.0,0.0,0.0,0.0,0.0,0.5493826866149902,1.0984525680541992,0.7489232420921326
6.5,1.5,0.0,3.0,0.0,0.0,0.25,0.0,0.0,0.0,1.6552406549453735,-0.8679298758506775,0.0,0.0,0.18232160806655884,-0.6931471824645996,0.0,0.0,0.0,0.0,-0.4117347002029419,2.079441547393799,0.0,0.0,0.0,0.0,0.0,0.0,0.0,0.0,0.5488981604576111,1.2018293142318726,0.7044611573219299
6.5,1.5,0.0,3.0,0.0,0.0,0.25,0.0,0.0,0.0,-0.7908821702003479,-0.8679298758506775,0.0,0.0,0.2719337046146393,0.6931471824645996,0.0,0.0,0.0,0.0,0.0,0.0,0.0,0.0,0.0,0.0,0.0,0.0,0.0,0.0,0.8748486638069153,1.0415745973587036,0.9635239839553833
6.5,1.5,0.0,3.0,0.0,0.0,0.25,0.0,0.0,0.0,-0.7908821702003479,0.42486825585365295,0.0,0.0,0.2719337046146393,0.6931471824645996,0.0,0.0,0.0,0.0,0.0,0.0,0.0,0.0,0.0,0.0,0.0,0.0,0.0,0.0,1.285658597946167,0.5434753894805908,1.0585428476333618
6.5,1.5,0.0,3.0,0.0,0.0,0.25,0.0,0.0,0.0,-0.7908821702003479,1.0712673664093018,0.0,0.0,0.2719337046146393,0.6931471824645996,0.0,0.0,0.0,0.0,0.0,0.0,0.0,0.0,0.0,0.0,0.0,0.0,0.0,0.0,1.3547518253326416,0.44741493463516235,1.098195195198059
6.5,1.5,0.0,3.0,0.0,0.0,0.25,0.0,0.0,0.0,-0.7908821702003479,1.7176663875579834,0.0,0.0,0.2719337046146393,0.6931471824645996,0.0,0.0,0.0,0.0,0.0,0.0,0.0,0.0,0.0,0.0,0.0,0.0,0.0,0.0,1.3206653594970703,0.4062781035900116,1.1262556314468384
6.5,1.5,0.0,3.0,0.0,0.0,0.25,0.0,0.0,0.0,0.7233843207359314,-0.8679298758506775,0.0,0.0,0.2719337046146393,0.6931471824645996,0.0,0.0,0.0,0.0,0.0,0.0,0.0,0.0,0.0,0.0,0.0,0.0,0.0,0.0,0.5312502980232239,0.9813137054443359,0.6966158151626587
6.5,1.5,0.0,3.0,0.0,0.0,0.25,0.0,0.0,0.0,1.18931245803833,-0.8679298758506775,0.0,0.0,0.2719337046146393,0.6931471824645996,0.0,0.0,0.0,0.0,0.0,0.0,0.0,0.0,0.0,0.0,0.0,0.0,0.0,0.0,0.5118566751480103,0.8711804151535034,0.6593252420425415
6.5,1.5,0.0,3.0,0.0,0.0,0.25,0.0,0.0,0.0,1.6552406549453735,-0.8679298758506775,0.0,0.0,0.2719337046146393,0.6931471824645996,0.0,0.0,0.0,0.0,0.0,0.0,0.0,0.0,0.0,0.0,0.0,0.0,0.0,0.0,0.48614901304244995,2.345942735671997,0.6314458847045898
6.5,1.5,0.0,3.0,0.0,0.0,0.25,0.0,0.0,0.0,-0.7908821702003479,-0.8679298758506775,0.0,0.0,0.0,0.0,0.2719337046146393,0.6931471824645996,0.0,0.0,0.0,0.0,0.0,0.0,0.0,0.0,0.0,0.0,0.0,0.0,0.9486088752746582,0.6523440480232239,0.94074547290802
6.5,1.5,0.0,3.0,0.0,0.0,0.25,0.0,0.0,0.0,-0.7908821702003479,0.10166872292757034,0.0,0.0,0.0,0.0,0.2719337046146393,0.6931471824645996,0.0,0.0,0.0,0.0,0.0,0.0,0.0,0.0,0.0,0.0,0.0,0.0,1.103827714920044,0.4141809642314911,1.1092537641525269
6.5,1.5,0.0,3.0,0.0,0.0,0.25,0.0,0.0,0.0,-0.7908821702003479,1.0712673664093018,0.0,0.0,0.0,0.0,0.2719337046146393,0.6931471824645996,0.0,0.0,0.0,0.0,0.0,0.0,0.0,0.0,0.0,0.0,0.0,0.0,1.3812317848205566,0.5062087774276733,1.1233718395233154
6.5,1.5,0.0,3.0,0.0,0.0,0.25,0.0,0.0,0.0,-0.7908821702003479,1.3944668769836426,0.0,0.0,0.0,0.0,0.2719337046146393,0.6931471824645996,0.0,0.0,0.0,0.0,0.0,0.0,0.0,0.0,0.0,0.0,0.0,0.0,1.4464948177337646,0.4375312030315399,1.1802079677581787
6.5,1.5,0.0,3.0,0.0,0.0,0.25,0.0,0.0,0.0,-0.7908821702003479,1.7176663875579834,0.0,0.0,0.0,0.0,0.2719337046146393,0.6931471824645996,0.0,0.0,0.0,0.0,0.0,0.0,0.0,0.0,0.0,0.0,0.0,0.0,1.49446439743042,0.5149608850479126,1.2254045009613037
6.5,1.5,0.0,3.0,0.0,0.0,0.25,0.0,0.0,0.0,0.7233843207359314,-0.8679298758506775,0.0,0.0,0.0,0.0,0.2719337046146393,0.6931471824645996,0.0,0.0,0.0,0.0,0.0,0.0,0.0,0.0,0.0,0.0,0.0,0.0,0.45792317390441895,1.0098694562911987,0.6175462007522583
6.5,1.5,0.0,3.0,0.0,0.0,0.25,0.0,0.0,0.0,1.18931245803833,-0.8679298758506775,0.0,0.0,0.0,0.0,0.2719337046146393,0.6931471824645996,0.0,0.0,0.0,0.0,0.0,0.0,0.0,0.0,0.0,0.0,0.0,0.0,0.546373724937439,1.0667674541473389,0.6147849559783936
6.5,1.5,0.0,3.0,0.0,0.0,0.25,0.0,0.0,0.0,1.6552406549453735,-0.8679298758506775,0.0,0.0,0.0,0.0,0.2719337046146393,0.6931471824645996,0.0,0.0,0.0,0.0,0.0,0.0,0.0,0.0,0.0,0.0,0.0,0.0,0.3819122314453125,0.8925527930259705,0.5630901455879211
6.5,1.5,0.0,3.0,0.0,0.0,0.25,0.0,0.0,0.0,-0.7908821702003479,-0.8679298758506775,0.24294616281986237,-0.6931471824645996,0.0,0.0,0.0,0.0,0.0,0.0,0.0,0.0,0.0,0.0,0.0,0.0,0.0,0.0,0.0,0.0,1.197196364402771,0.2523396611213684,1.0718262195587158
6.5,1.5,0.0,3.0,0.0,0.0,0.25,0.0,0.0,0.0,-0.7908821702003479,-0.22153080999851227,0.24294616281986237,-0.6931471824645996,0.0,0.0,0.0,0.0,0.0,0.0,0.0,0.0,0.0,0.0,0.0,0.0,0.0,0.0,0.0,0.0,1.4405547380447388,0.29105037450790405,1.2888295650482178
6.5,1.5,0.0,3.0,0.0,0.0,0.25,0.0,0.0,0.0,-0.7908821702003479,0.42486825585365295,0.24294616281986237,-0.6931471824645996,0.0,0.0,0.0,0.0,0.0,0.0,0.0,0.0,0.0,0.0,0.0,0.0,0.0,0.0,0.0,0.0,1.3317393064498901,0.5068507194519043,1.2012531757354736
6.5,1.5,0.0,3.0,0.0,0.0,0.25,0.0,0.0,0.0,-0.7908821702003479,0.7480677962303162,0.24294616281986237,-0.6931471824645996,0.0,0.0,0.0,0.0,0.0,0.0,0.0,0.0,0.0,0.0,0.0,0.0,0.0,0.0,0.0,0.0,1.6157723665237427,0.2868286967277527,1.2986042499542236
6.5,1.5,0.0,3.0,0.0,0.0,0.25,0.0,0.0,0.0,-0.7908821702003479,1.0712673664093018,0.24294616281986237,-0.6931471824645996,0.0,0.0,0.0,0.0,0.0,0.0,0.0,0.0,0.0,0.0,0.0,0.0,0.0,0.0,0.0,0.0,1.4961998462677002,0.47063642740249634,1.2201977968215942
6.5,1.5,0.0,3.0,0.0,0.0,0.25,0.0,0.0,0.0,-0.7908821702003479,1.3944668769836426,0.24294616281986237,-0.6931471824645996,0.0,0.0,0.0,0.0,0.0,0.0,0.0,0.0,0.0,0.0,0.0,0.0,0.0,0.0,0.0,0.0,1.472577452659607,0.5526440739631653,1.233323335647583
6.5,1.5,0.0,3.0,0.0,0.0,0.25,0.0,0.0,0.0,0.7233843207359314,-0.8679298758506775,0.24294616281986237,-0.6931471824645996,0.0,0.0,0.0,0.0,0.0,0.0,0.0,0.0,0.0,0.0,0.0,0.0,0.0,0.0,0.0,0.0,0.8072441816329956,0.31645989418029785,0.8128436803817749
6.5,1.5,0.0,3.0,0.0,0.0,0.25,0.0,0.0,0.0,1.18931245803833,-0.8679298758506775,0.24294616281986237,-0.6931471824645996,0.0,0.0,0.0,0.0,0.0,0.0,0.0,0.0,0.0,0.0,0.0,0.0,0.0,0.0,0.0,0.0,0.7278950214385986,0.4232504665851593,0.7582656741142273
6.5,1.5,0.0,3.0,0.0,0.0,0.25,0.0,0.0,0.0,1.6552406549453735,-0.8679298758506775,0.24294616281986237,-0.6931471824645996,0.0,0.0,0.0,0.0,0.0,0.0,0.0,0.0,0.0,0.0,0.0,0.0,0.0,0.0,0.0,0.0,0.6097689867019653,0.5050058364868164,0.684688925743103
5.0,2.0,2.0,4.0,4.0,0.0,0.0,0.0,0.0,0.0,-0.7908821702003479,-0.8679298758506775,0.0,0.0,0.0,0.0,0.0,0.0,0.0,0.0,-0.2388918697834015,2.079441547393799,0.0,0.0,0.0,0.0,0.0,0.0,0.0,0.0,1.2423049211502075,0.7458406686782837,1.134899616241455
5.0,2.0,2.0,4.0,4.0,0.0,0.0,0.0,0.0,0.0,-0.7908821702003479,-0.22153080999851227,0.0,0.0,0.0,0.0,0.0,0.0,0.0,0.0,-0.2388918697834015,2.079441547393799,0.0,0.0,0.0,0.0,0.0,0.0,0.0,0.0,1.3999027013778687,0.3001563549041748,1.2534244060516357
5.0,2.0,2.0,4.0,4.0,0.0,0.0,0.0,0.0,0.0,-0.7908821702003479,0.42486825585365295,0.0,0.0,0.0,0.0,0.0,0.0,0.0,0.0,-0.2388918697834015,2.079441547393799,0.0,0.0,0.0,0.0,0.0,0.0,0.0,0.0,1.4655842781066895,0.5414901971817017,1.2619085311889648
5.0,2.0,2.0,4.0,4.0,0.0,0.0,0.0,0.0,0.0,-0.7908821702003479,0.7480677962303162,0.0,0.0,0.0,0.0,0.0,0.0,0.0,0.0,-0.2388918697834015,2.079441547393799,0.0,0.0,0.0,0.0,0.0,0.0,0.0,0.0,1.6305220127105713,0.7125585079193115,1.2946629524230957
5.0,2.0,2.0,4.0,4.0,0.0,0.0,0.0,0.0,0.0,-0.7908821702003479,1.0712673664093018,0.0,0.0,0.0,0.0,0.0,0.0,0.0,0.0,-0.2388918697834015,2.079441547393799,0.0,0.0,0.0,0.0,0.0,0.0,0.0,0.0,1.4361552000045776,0.7940413951873779,1.2866384983062744
5.0,2.0,2.0,4.0,4.0,0.0,0.0,0.0,0.0,0.0,0.7233843207359314,-0.8679298758506775,0.0,0.0,0.0,0.0,0.0,0.0,0.0,0.0,-0.2388918697834015,2.079441547393799,0.0,0.0,0.0,0.0,0.0,0.0,0.0,0.0,0.7624722123146057,0.5047924518585205,0.8618288040161133
5.0,2.0,2.0,4.0,4.0,0.0,0.0,0.0,0.0,0.0,1.18931245803833,-0.8679298758506775,0.0,0.0,0.0,0.0,0.0,0.0,0.0,0.0,-0.2388918697834015,2.079441547393799,0.0,0.0,0.0,0.0,0.0,0.0,0.0,0.0,1.0444468259811401,2.1727590560913086,0.8484429717063904
5.0,2.0,2.0,4.0,4.0,0.0,0.0,0.0,0.0,0.0,1.6552406549453735,-0.8679298758506775,0.0,0.0,0.0,0.0,0.0,0.0,0.0,0.0,-0.2388918697834015,2.079441547393799,0.0,0.0,0.0,0.0,0.0,0.0,0.0,0.0,0.5700043439865112,2.3147199153900146,0.5548129081726074
5.0,2.0,2.0,4.0,4.0,0.0,0.0,0.0,0.0,0.0,-0.7908821702003479,-0.8679298758506775,0.0,0.0,0.04879011958837509,0.0,0.0,0.0,0.0,0.0,0.0,0.0,0.0,0.0,0.0,0.0,-0.2388918697834015,2.079441547393799,0.0,0.0,1.21552574634552,0.9595469236373901,1.1523162126541138
5.0,2.0,2.0,4.0,4.0,0.0,0.0,0.0,0.0,0.0,-0.7908821702003479,0.42486825585365295,0.0,0.0,0.04879011958837509,0.0,0.0,0.0,0.0,0.0,0.0,0.0,0.0,0.0,0.0,0.0,-0.2388918697834015,2.079441547393799,0.0,0.0,1.6083338260650635,0.4372439384460449,1.2816765308380127
5.0,2.0,2.0,4.0,4.0,0.0,0.0,0.0,0.0,0.0,-0.7908821702003479,1.0712673664093018,0.0,0.0,0.04879011958837509,0.0,0.0,0.0,0.0,0.0,0.0,0.0,0.0,0.0,0.0,0.0,-0.2388918697834015,2.079441547393799,0.0,0.0,1.6311650276184082,0.7550181150436401,1.3109742403030396
5.0,2.0,2.0,4.0,4.0,0.0,0.0,0.0,0.0,0.0,-0.7908821702003479,1.7176663875579834,0.0,0.0,0.04879011958837509,0.0,0.0,0.0,0.0,0.0,0.0,0.0,0.0,0.0,0.0,0.0,-0.2388918697834015,2.079441547393799,0.0,0.0,1.743411898612976,0.6461811065673828,1.3732645511627197
5.0,2.0,2.0,4.0,4.0,0.0,0.0,0.0,0.0,0.0,0.7233843207359314,-0.8679298758506775,0.0,0.0,0.04879011958837509,0.0,0.0,0.0,0.0,0.0,0.0,0.0,0.0,0.0,0.0,0.0,-0.2388918697834015,2.079441547393799,0.0,0.0,0.7408938407897949,0.945716917514801,0.8272660374641418
5.0,2.0,2.0,4.0,4.0,0.0,0.0,0.0,0.0,0.0,1.18931245803833,-0.8679298758506775,0.0,0.0,0.04879011958837509,0.0,0.0,0.0,0.0,0.0,0.0,0.0,0.0,0.0,0.0,0.0,-0.2388918697834015,2.079441547393799,0.0,0.0,0.6872068047523499,1.11637544631958,0.7438513040542603
5.0,2.0,2.0,4.0,4.0,0.0,0.0,0.0,0.0,0.0,1.6552406549453735,-0.8679298758506775,0.0,0.0,0.04879011958837509,0.0,0.0,0.0,0.0,0.0,0.0,0.0,0.0,0.0,0.0,0.0,-0.2388918697834015,2.079441547393799,0.0,0.0,0.5556098222732544,2.318204879760742,0.552299976348877
5.0,2.0,2.0,4.0,4.0,0.0,0.0,0.0,0.0,0.0,-0.7908821702003479,-0.8679298758506775,0.0,0.0,0.0,0.0,0.12883290648460388,-1.1086626052856445,0.0,0.0,0.0,0.0,0.0,0.0,0.0,0.0,0.0,0.0,0.0,0.0,1.0618209838867188,0.9414747953414917,1.096476435661316
5.0,2.0,2.0,4.0,4.0,0.0,0.0,0.0,0.0,0.0,-0.7908821702003479,0.42486825585365295,0.0,0.0,0.0,0.0,0.12883290648460388,-1.1086626052856445,0.0,0.0,0.0,0.0,0.0,0.0,0.0,0.0,0.0,0.0,0.0,0.0,1.4904603958129883,0.5264912843704224,1.2386198043823242
5.0,2.0,2.0,4.0,4.0,0.0,0.0,0.0,0.0,0.0,-0.7908821702003479,1.0712673664093018,0.0,0.0,0.0,0.0,0.12883290648460388,-1.1086626052856445,0.0,0.0,0.0,0.0,0.0,0.0,0.0,0.0,0.0,0.0,0.0,0.0,1.599522352218628,0.7897099852561951,1.2914652824401855
5.0,2.0,2.0,4.0,4.0,0.0,0.0,0.0,0.0,0.0,-0.7908821702003479,1.7176663875579834,0.0,0.0,0.0,0.0,0.12883290648460388,-1.1086626052856445,0.0,0.0,0.0,0.0,0.0,0.0,0.0,0.0,0.0,0.0,0.0,0.0,1.7077505588531494,0.803650438785553,1.3106749057769775
5.0,2.0,2.0,4.0,4.0,0.0,0.0,0.0,0.0,0.0,0.7233843207359314,-0.8679298758506775,0.0,0.0,0.0,0.0,0.12883290648460388,-1.1086626052856445,0.0,0.0,0.0,0.0,0.0,0.0,0.0,0.0,0.0,0.0,0.0,0.0,0.6283342838287354,1.1378545761108398,0.837768018245697
5.0,2.0,2.0,4.0,4.0,0.0,0.0,0.0,0.0,0.0,1.18931245803833,-0.8679298758506775,0.0,0.0,0.0,0.0,0.12883290648460388,-1.1086626052856445,0.0,0.0,0.0,0.0,0.0,0.0,0.0,0.0,0.0,0.0,0.0,0.0,0.6472225785255432,1.244787335395813,0.8017553687095642
5.0,2.0,2.0,4.0,4.0,0.0,0.0,0.0,0.0,0.0,1.6552406549453735,-0.8679298758506775,0.0,0.0,0.0,0.0,0.12883290648460388,-1.1086626052856445,0.0,0.0,0.0,0.0,0.0,0.0,0.0,0.0,0.0,0.0,0.0,0.0,0.7424055933952332,2.20469331741333,0.5977780818939209
5.0,2.0,2.0,4.0,4.0,0.0,0.0,0.0,0.0,0.0,-0.7908821702003479,-0.8679298758506775,0.0,0.0,0.012422566302120686,1.3862943649291992,0.0,0.0,0.0,0.0,0.0,0.0,0.0,0.0,0.0,0.0,0.0,0.0,0.0,0.0,1.1587761640548706,0.6145238280296326,1.10005521774292
5.0,2.0,2.0,4.0,4.0,0.0,0.0,0.0,0.0,0.0,-0.7908821702003479,0.42486825585365295,0.0,0.0,0.012422566302120686,1.3862943649291992,0.0,0.0,0.0,0.0,0.0,0.0,0.0,0.0,0.0,0.0,0.0,0.0,0.0,0.0,1.447581171989441,0.4818189740180969,1.2256523370742798
5.0,2.0,2.0,4.0,4.0,0.0,0.0,0.0,0.0,0.0,-0.7908821702003479,1.0712673664093018,0.0,0.0,0.012422566302120686,1.3862943649291992,0.0,0.0,0.0,0.0,0.0,0.0,0.0,0.0,0.0,0.0,0.0,0.0,0.0,0.0,1.5396754741668701,0.5518326759338379,1.2888457775115967
5.0,2.0,2.0,4.0,4.0,0.0,0.0,0.0,0.0,0.0,-0.7908821702003479,1.7176663875579834,0.0,0.0,0.012422566302120686,1.3862943649291992,0.0,0.0,0.0,0.0,0.0,0.0,0.0,0.0,0.0,0.0,0.0,0.0,0.0,0.0,1.6320627927780151,0.6944643259048462,1.3341702222824097
5.0,2.0,2.0,4.0,4.0,0.0,0.0,0.0,0.0,0.0,0.7233843207359314,-0.8679298758506775,0.0,0.0,0.012422566302120686,1.3862943649291992,0.0,0.0,0.0,0.0,0.0,0.0,0.0,0.0,0.0,0.0,0.0,0.0,0.0,0.0,0.7354370951652527,0.8499503135681152,0.8484869003295898
5.0,2.0,2.0,4.0,4.0,0.0,0.0,0.0,0.0,0.0,1.18931245803833,-0.8679298758506775,0.0,0.0,0.012422566302120686,1.3862943649291992,0.0,0.0,0.0,0.0,0.0,0.0,0.0,0.0,0.0,0.0,0.0,0.0,0.0,0.0,0.6190940737724304,0.76101154088974,0.8928698897361755
5.0,2.0,2.0,4.0,4.0,0.0,0.0,0.0,0.0,0.0,1.6552406549453735,-0.8679298758506775,0.0,0.0,0.012422566302120686,1.3862943649291992,0.0,0.0,0.0,0.0,0.0,0.0,0.0,0.0,0.0,0.0,0.0,0.0,0.0,0.0,0.6143435835838318,2.314755439758301,0.6368505954742432
5.0,0.0,0.0,4.75,1.0,0.0,0.0,4.75,0.0,1.0,-0.7908821702003479,-0.8679298758506775,0.0,0.0,0.10660969465970993,-0.6931471824645996,0.0,0.0,0.0,0.0,-0.06453852355480194,0.6931471824645996,0.0,0.0,0.0,0.0,-0.3389753997325897,1.3862943649291992,0.0,0.0,1.129095196723938,0.8263950347900391,1.1338846683502197
5.0,0.0,0.0,4.75,1.0,0.0,0.0,4.75,0.0,1.0,-0.7908821702003479,0.42486825585365295,0.0,0.0,0.10660969465970993,-0.6931471824645996,0.0,0.0,0.0,0.0,-0.06453852355480194,0.6931471824645996,0.0,0.0,0.0,0.0,-0.3389753997325897,1.3862943649291992,0.0,0.0,1.5749021768569946,0.532843291759491,1.3641554117202759
5.0,0.0,0.0,4.75,1.0,0.0,0.0,4.75,0.0,1.0,-0.7908821702003479,0.7480677962303162,0.0,0.0,0.10660969465970993,-0.6931471824645996,0.0,0.0,0.0,0.0,-0.06453852355480194,0.6931471824645996,0.0,0.0,0.0,0.0,-0.3389753997325897,1.3862943649291992,0.0,0.0,1.8619238138198853,0.6844092607498169,1.4984132051467896
5.0,0.0,0.0,4.75,1.0,0.0,0.0,4.75,0.0,1.0,-0.7908821702003479,1.0712673664093018,0.0,0.0,0.10660969465970993,-0.6931471824645996,0.0,0.0,0.0,0.0,-0.06453852355480194,0.6931471824645996,0.0,0.0,0.0,0.0,-0.3389753997325897,1.3862943649291992,0.0,0.0,1.7039788961410522,0.6298960447311401,1.4052200317382812
5.0,0.0,0.0,4.75,1.0,0.0,0.0,4.75,0.0,1.0,-0.7908821702003479,1.7176663875579834,0.0,0.0,0.10660969465970993,-0.6931471824645996,0.0,0.0,0.0,0.0,-0.06453852355480194,0.6931471824645996,0.0,0.0,0.0,0.0,-0.3389753997325897,1.3862943649291992,0.0,0.0,0.9707648158073425,0.6427103877067566,0.7484124898910522
5.0,0.0,0.0,4.75,1.0,0.0,0.0,4.75,0.0,1.0,0.7233843207359314,-0.8679298758506775,0.0,0.0,0.10660969465970993,-0.6931471824645996,0.0,0.0,0.0,0.0,-0.06453852355480194,0.6931471824645996,0.0,0.0,0.0,0.0,-0.3389753997325897,1.3862943649291992,0.0,0.0,0.8748329281806946,0.6099401116371155,1.0735735893249512
5.0,0.0,0.0,4.75,1.0,0.0,0.0,4.75,0.0,1.0,1.18931245803833,-0.8679298758506775,0.0,0.0,0.10660969465970993,-0.6931471824645996,0.0,0.0,0.0,0.0,-0.06453852355480194,0.6931471824645996,0.0,0.0,0.0,0.0,-0.3389753997325897,1.3862943649291992,0.0,0.0,0.8484936952590942,1.4806936979293823,1.0550615787506104
5.0,0.0,0.0,4.75,1.0,0.0,0.0,4.75,0.0,1.0,1.6552406549453735,-0.8679298758506775,0.0,0.0,0.10660969465970993,-0.6931471824645996,0.0,0.0,0.0,0.0,-0.06453852355480194,0.6931471824645996,0.0,0.0,0.0,0.0,-0.3389753997325897,1.3862943649291992,0.0,0.0,0.7009551525115967,1.6453852653503418,0.6551604270935059
5.0,0.0,0.0,4.75,1.0,0.0,0.0,4.75,0.0,1.0,-0.7908821702003479,-0.8679298758506775,0.0,0.0,0.036813993006944656,0.6931471824645996,0.0,0.0,0.0,0.0,-0.06453852355480194,0.6931471824645996,0.0,0.0,0.0,0.0,-0.3389753997325897,1.3862943649291992,0.0,0.0,1.171216607093811,0.9617785811424255,1.122254490852356
5.0,0.0,0.0,4.75,1.0,0.0,0.0,4.75,0.0,1.0,-0.7908821702003479,0.42486825585365295,0.0,0.0,0.036813993006944656,0.6931471824645996,0.0,0.0,0.0,0.0,-0.06453852355480194,0.6931471824645996,0.0,0.0,0.0,0.0,-0.3389753997325897,1.3862943649291992,0.0,0.0,1.3612316846847534,0.6971173882484436,1.3186403512954712
5.0,0.0,0.0,4.75,1.0,0.0,0.0,4.75,0.0,1.0,-0.7908821702003479,1.0712673664093018,0.0,0.0,0.036813993006944656,0.6931471824645996,0.0,0.0,0.0,0.0,-0.06453852355480194,0.6931471824645996,0.0,0.0,0.0,0.0,-0.3389753997325897,1.3862943649291992,0.0,0.0,2.003774881362915,0.6844569444656372,1.5022647380828857
5.0,0.0,0.0,4.75,1.0,0.0,0.0,4.75,0.0,1.0,-0.7908821702003479,1.7176663875579834,0.0,0.0,0.036813993006944656,0.6931471824645996,0.0,0.0,0.0,0.0,-0.06453852355480194,0.6931471824645996,0.0,0.0,0.0,0.0,-0.3389753997325897,1.3862943649291992,0.0,0.0,0.8997045755386353,0.767188310623169,0.7292285561561584
5.0,0.0,0.0,4.75,1.0,0.0,0.0,4.75,0.0,1.0,0.7233843207359314,-0.8679298758506775,0.0,0.0,0.036813993006944656,0.6931471824645996,0.0,0.0,0.0,0.0,-0.06453852355480194,0.6931471824645996,0.0,0.0,0.0,0.0,-0.3389753997325897,1.3862943649291992,0.0,0.0,0.7717103362083435,0.8014127612113953,1.0855311155319214
5.0,0.0,0.0,4.75,1.0,0.0,0.0,4.75,0.0,1.0,1.18931245803833,-0.8679298758506775,0.0,0.0,0.036813993006944656,0.6931471824645996,0.0,0.0,0.0,0.0,-0.06453852355480194,0.6931471824645996,0.0,0.0,0.0,0.0,-0.3389753997325897,1.3862943649291992,0.0,0.0,0.8504899740219116,1.2842177152633667,1.0191998481750488
5.0,0.0,0.0,4.75,1.0,0.0,0.0,4.75,0.0,1.0,1.6552406549453735,-0.8679298758506775,0.0,0.0,0.036813993006944656,0.6931471824645996,0.0,0.0,0.0,0.0,-0.06453852355480194,0.6931471824645996,0.0,0.0,0.0,0.0,-0.3389753997325897,1.3862943649291992,0.0,0.0,0.620937168598175,1.8194363117218018,0.7512083053588867
5.0,0.0,0.0,4.75,1.0,0.0,0.0,4.75,0.0,1.0,-0.7908821702003479,-0.8679298758506775,0.0,0.0,-0.37469345331192017,0.0,0.0,0.0,0.0,0.0,0.0,0.0,0.0,0.0,0.0,0.0,0.0,0.0,0.0,0.0,1.2088440656661987,0.846397876739502,1.1343973875045776
5.0,0.0,0.0,4.75,1.0,0.0,0.0,4.75,0.0,1.0,-0.7908821702003479,0.42486825585365295,0.0,0.0,-0.37469345331192017,0.0,0.0,0.0,0.0,0.0,0.0,0.0,0.0,0.0,0.0,0.0,0.0,0.0,0.0,0.0,1.5734752416610718,0.5175814628601074,1.3722440004348755
5.0,0.0,0.0,4.75,1.0,0.0,0.0,4.75,0.0,1.0,-0.7908821702003479,1.0712673664093018,0.0,0.0,-0.37469345331192017,0.0,0.0,0.0,0.0,0.0,0.0,0.0,0.0,0.0,0.0,0.0,0.0,0.0,0.0,0.0,1.9590355157852173,0.5877552032470703,1.4644042253494263
5.0,0.0,0.0,4.75,1.0,0.0,0.0,4.75,0.0,1.0,-0.7908821702003479,1.7176663875579834,0.0,0.0,-0.37469345331192017,0.0,0.0,0.0,0.0,0.0,0.0,0.0,0.0,0.0,0.0,0.0,0.0,0.0,0.0,0.0,0.9501816630363464,0.6465829014778137,0.7591842412948608
5.0,0.0,0.0,4.75,1.0,0.0,0.0,4.75,0.0,1.0,0.7233843207359314,-0.8679298758506775,0.0,0.0,-0.37469345331192017,0.0,0.0,0.0,0.0,0.0,0.0,0.0,0.0,0.0,0.0,0.0,0.0,0.0,0.0,0.0,0.7072526812553406,0.8298830986022949,1.0607789754867554
5.0,0.0,0.0,4.75,1.0,0.0,0.0,4.75,0.0,1.0,1.18931245803833,-0.8679298758506775,0.0,0.0,-0.37469345331192017,0.0,0.0,0.0,0.0,0.0,0.0,0.0,0.0,0.0,0.0,0.0,0.0,0.0,0.0,0.0,0.7877698540687561,1.6783469915390015,1.295310378074646
5.0,0.0,0.0,4.75,1.0,0.0,0.0,4.75,0.0,1.0,1.6552406549453735,-0.8679298758506775,0.0,0.0,-0.37469345331192017,0.0,0.0,0.0,0.0,0.0,0.0,0.0,0.0,0.0,0.0,0.0,0.0,0.0,0.0,0.0,0.6782275438308716,1.8594107627868652,0.8524549603462219
5.0,0.0,0.0,4.75,1.0,0.0,0.0,4.75,0.0,1.0,-0.7908821702003479,-0.8679298758506775,0.0,0.0,-0.133531391620636,0.0,0.0,0.0,0.0,0.0,0.0,0.0,0.0,0.0,0.0,0.0,0.0,0.0,0.0,0.0,0.9912670850753784,2.565978765487671,1.003585934638977
5.0,0.0,0.0,4.75,1.0,0.0,0.0,4.75,0.0,1.0,-0.7908821702003479,0.42486825585365295,0.0,0.0,-0.133531391620636,0.0,0.0,0.0,0.0,0.0,0.0,0.0,0.0,0.0,0.0,0.0,0.0,0.0,0.0,0.0,1.2880767583847046,0.8685939311981201,1.1491825580596924
5.0,0.0,0.0,4.75,1.0,0.0,0.0,4.75,0.0,1.0,-0.7908821702003479,1.0712673664093018,0.0,0.0,-0.133531391620636,0.0,0.0,0.0,0.0,0.0,0.0,0.0,0.0,0.0,0.0,0.0,0.0,0.0,0.0,0.0,1.6018404960632324,0.81268709897995,1.2675954103469849
5.0,0.0,0.0,4.75,1.0,0.0,0.0,4.75,0.0,1.0,-0.7908821702003479,1.7176663875579834,0.0,0.0,-0.133531391620636,0.0,0.0,0.0,0.0,0.0,0.0,0.0,0.0,0.0,0.0,0.0,0.0,0.0,0.0,0.0,0.7947043776512146,0.6029070019721985,0.6762292385101318
5.0,0.0,0.0,4.75,1.0,0.0,0.0,4.75,0.0,1.0,0.7233843207359314,-0.8679298758506775,0.0,0.0,-0.133531391620636,0.0,0.0,0.0,0.0,0.0,0.0,0.0,0.0,0.0,0.0,0.0,0.0,0.0,0.0,0.0,0.6714330315589905,1.3790525197982788,1.1531786918640137
5.0,0.0,0.0,4.75,1.0,0.0,0.0,4.75,0.0,1.0,1.18931245803833,-0.8679298758506775,0.0,0.0,-0.133531391620636,0.0,0.0,0.0,0.0,0.0,0.0,0.0,0.0,0.0,0.0,0.0,0.0,0.0,0.0,0.0,0.6648849248886108,1.5143418312072754,1.150805115699768
5.0,0.0,0.0,4.75,1.0,0.0,0.0,4.75,0.0,1.0,1.6552406549453735,-0.8679298758506775,0.0,0.0,-0.133531391620636,0.0,0.0,0.0,0.0,0.0,0.0,0.0,0.0,0.0,0.0,0.0,0.0,0.0,0.0,0.0,0.5652703642845154,1.7989602088928223,0.6892730593681335
5.0,0.0,0.0,4.75,1.0,0.0,0.0,4.75,0.0,1.0,-0.7908821702003479,-0.8679298758506775,0.1233232319355011,0.0,0.0,0.0,0.0,0.0,0.0,0.0,0.0,0.0,0.0,0.0,0.0,0.0,0.0,0.0,0.0,0.0,0.8688294887542725,0.8649851083755493,0.856795072555542
5.0,0.0,0.0,4.75,1.0,0.0,0.0,4.75,0.0,1.0,-0.7908821702003479,0.42486825585365295,0.1233232319355011,0.0,0.0,0.0,0.0,0.0,0.0,0.0,0.0,0.0,0.0,0.0,0.0,0.0,0.0,0.0,0.0,0.0,1.0231900215148926,0.506981611251831,1.0542715787887573
5.0,0.0,0.0,4.75,1.0,0.0,0.0,4.75,0.0,1.0,-0.7908821702003479,1.3944668769836426,0.1233232319355011,0.0,0.0,0.0,0.0,0.0,0.0,0.0,0.0,0.0,0.0,0.0,0.0,0.0,0.0,0.0,0.0,0.0,1.4299471378326416,0.32505542039871216,1.1689012050628662
5.0,0.0,0.0,4.75,1.0,0.0,0.0,4.75,0.0,1.0,-0.7908821702003479,1.7176663875579834,0.1233232319355011,0.0,0.0,0.0,0.0,0.0,0.0,0.0,0.0,0.0,0.0,0.0,0.0,0.0,0.0,0.0,0.0,0.0,0.7420722246170044,0.26288145780563354,0.62309330701828
5.0,0.0,0.0,4.75,1.0,0.0,0.0,4.75,0.0,1.0,0.7233843207359314,-0.8679298758506775,0.1233232319355011,0.0,0.0,0.0,0.0,0.0,0.0,0.0,0.0,0.0,0.0,0.0,0.0,0.0,0.0,0.0,0.0,0.0,0.7924351692199707,0.6618915796279907,0.8917788863182068
5.0,0.0,0.0,4.75,1.0,0.0,0.0,4.75,0.0,1.0,1.18931245803833,-0.8679298758506775,0.1233232319355011,0.0,0.0,0.0,0.0,0.0,0.0,0.0,0.0,0.0,0.0,0.0,0.0,0.0,0.0,0.0,0.0,0.0,1.154442548751831,0.2016289383172989,1.1080964803695679
5.0,0.0,0.0,4.75,1.0,0.0,0.0,4.75,0.0,1.0,1.6552406549453735,-0.8679298758506775,0.1233232319355011,0.0,0.0,0.0,0.0,0.0,0.0,0.0,0.0,0.0,0.0,0.0,0.0,0.0,0.0,0.0,0.0,0.0,0.9055231213569641,1.710402011871338,0.8725531101226807
5.0,0.0,0.0,4.75,1.0,0.0,0.0,4.75,0.0,1.0,-0.7908821702003479,-0.8679298758506775,0.0,0.0,0.0,0.0,0.0606246218085289,0.6931471824645996,0.0,0.0,-0.051293306052684784,0.6931471824645996,0.0,0.0,0.0,0.0,-0.20763938128948212,1.3862943649291992,0.0,0.0,0.9902357459068298,2.4674394130706787,1.0188345909118652
5.0,0.0,0.0,4.75,1.0,0.0,0.0,4.75,0.0,1.0,-0.7908821702003479,0.42486825585365295,0.0,0.0,0.0,0.0,0.0606246218085289,0.6931471824645996,0.0,0.0,-0.051293306052684784,0.6931471824645996,0.0,0.0,0.0,0.0,-0.20763938128948212,1.3862943649291992,0.0,0.0,1.3752961158752441,0.9287072420120239,1.1736811399459839
5.0,0.0,0.0,4.75,1.0,0.0,0.0,4.75,0.0,1.0,-0.7908821702003479,1.3944668769836426,0.0,0.0,0.0,0.0,0.0606246218085289,0.6931471824645996,0.0,0.0,-0.051293306052684784,0.6931471824645996,0.0,0.0,0.0,0.0,-0.20763938128948212,1.3862943649291992,0.0,0.0,1.7462058067321777,0.6797986626625061,1.33608078956604
5.0,0.0,0.0,4.75,1.0,0.0,0.0,4.75,0.0,1.0,-0.7908821702003479,1.7176663875579834,0.0,0.0,0.0,0.0,0.0606246218085289,0.6931471824645996,0.0,0.0,-0.051293306052684784,0.6931471824645996,0.0,0.0,0.0,0.0,-0.20763938128948212,1.3862943649291992,0.0,0.0,0.847514808177948,0.9181089401245117,0.6538347005844116
5.0,0.0,0.0,4.75,1.0,0.0,0.0,4.75,0.0,1.0,0.7233843207359314,-0.8679298758506775,0.0,0.0,0.0,0.0,0.0606246218085289,0.6931471824645996,0.0,0.0,-0.051293306052684784,0.6931471824645996,0.0,0.0,0.0,0.0,-0.20763938128948212,1.3862943649291992,0.0,0.0,0.6987683773040771,0.9896422028541565,1.0511125326156616
5.0,0.0,0.0,4.75,1.0,0.0,0.0,4.75,0.0,1.0,1.18931245803833,-0.8679298758506775,0.0,0.0,0.0,0.0,0.0606246218085289,0.6931471824645996,0.0,0.0,-0.051293306052684784,0.6931471824645996,0.0,0.0,0.0,0.0,-0.20763938128948212,1.3862943649291992,0.0,0.0,0.6834440231323242,1.5127274990081787,1.08524751663208
5.0,0.0,0.0,4.75,1.0,0.0,0.0,4.75,0.0,1.0,1.6552406549453735,-0.8679298758506775,0.0,0.0,0.0,0.0,0.0606246218085289,0.6931471824645996,0.0,0.0,-0.051293306052684784,0.6931471824645996,0.0,0.0,0.0,0.0,-0.20763938128948212,1.3862943649291992,0.0,0.0,0.5538143515586853,1.7882171869277954,0.7285895347595215
6.0,2.0,2.0,3.0,1.0,2.0,0.0,0.0,0.0,0.0,-0.7908821702003479,-0.8679298758506775,0.0,0.0,0.11778303980827332,-0.28768208622932434,0.0,0.0,0.0,0.0,0.0,0.0,0.0,0.0,0.0,0.0,0.0,0.0,0.0,0.0,1.1344587802886963,0.7855348587036133,1.1318036317825317
6.0,2.0,2.0,3.0,1.0,2.0,0.0,0.0,0.0,0.0,-0.7908821702003479,0.10166872292757034,0.0,0.0,0.11778303980827332,-0.28768208622932434,0.0,0.0,0.0,0.0,0.0,0.0,0.0,0.0,0.0,0.0,0.0,0.0,0.0,0.0,1.323059320449829,0.37703391909599304,1.2255011796951294
6.0,2.0,2.0,3.0,1.0,2.0,0.0,0.0,0.0,0.0,-0.7908821702003479,0.42486825585365295,0.0,0.0,0.11778303980827332,-0.28768208622932434,0.0,0.0,0.0,0.0,0.0,0.0,0.0,0.0,0.0,0.0,0.0,0.0,0.0,0.0,1.2714378833770752,0.5455678701400757,1.1949876546859741
6.0,2.0,2.0,3.0,1.0,2.0,0.0,0.0,0.0,0.0,-0.7908821702003479,1.0712673664093018,0.0,0.0,0.11778303980827332,-0.28768208622932434,0.0,0.0,0.0,0.0,0.0,0.0,0.0,0.0,0.0,0.0,0.0,0.0,0.0,0.0,1.5111494064331055,0.7543952465057373,1.2767729759216309
6.0,2.0,2.0,3.0,1.0,2.0,0.0,0.0,0.0,0.0,-0.7908821702003479,1.7176663875579834,0.0,0.0,0.11778303980827332,-0.28768208622932434,0.0,0.0,0.0,0.0,0.0,0.0,0.0,0.0,0.0,0.0,0.0,0.0,0.0,0.0,1.59262216091156,0.8091412782669067,1.283876895904541
6.0,2.0,2.0,3.0,1.0,2.0,0.0,0.0,0.0,0.0,0.7233843207359314,-0.8679298758506775,0.0,0.0,0.11778303980827332,-0.28768208622932434,0.0,0.0,0.0,0.0,0.0,0.0,0.0,0.0,0.0,0.0,0.0,0.0,0.0,0.0,0.7536627650260925,0.9423385858535767,0.8721305727958679
6.0,2.0,2.0,3.0,1.0,2.0,0.0,0.0,0.0,0.0,1.18931245803833,-0.8679298758506775,0.0,0.0,0.11778303980827332,-0.28768208622932434,0.0,0.0,0.0,0.0,0.0,0.0,0.0,0.0,0.0,0.0,0.0,0.0,0.0,0.0,0.6635182499885559,1.2270067930221558,0.8328909873962402
6.0,2.0,2.0,3.0,1.0,2.0,0.0,0.0,0.0,0.0,1.6552406549453735,-0.8679298758506775,0.0,0.0,0.11778303980827332,-0.28768208622932434,0.0,0.0,0.0,0.0,0.0,0.0,0.0,0.0,0.0,0.0,0.0,0.0,0.0,0.0,0.6698737144470215,2.3220808506011963,0.669104278087616
6.0,2.0,2.0,3.0,1.0,2.0,0.0,0.0,0.0,0.0,-0.7908821702003479,-0.8679298758506775,0.0,0.0,0.11778303980827332,-0.28768208622932434,0.0,0.0,0.0,0.0,-0.3044891953468323,1.3862943649291992,0.0,0.0,0.0,0.0,0.0,0.0,0.0,0.0,1.2355248928070068,0.6365721225738525,1.1512386798858643
6.0,2.0,2.0,3.0,1.0,2.0,0.0,0.0,0.0,0.0,-0.7908821702003479,0.42486825585365295,0.0,0.0,0.11778303980827332,-0.28768208622932434,0.0,0.0,0.0,0.0,-0.3044891953468323,1.3862943649291992,0.0,0.0,0.0,0.0,0.0,0.0,0.0,0.0,1.3368656635284424,0.5855291485786438,1.2218165397644043
6.0,2.0,2.0,3.0,1.0,2.0,0.0,0.0,0.0,0.0,-0.7908821702003479,1.0712673664093018,0.0,0.0,0.11778303980827332,-0.28768208622932434,0.0,0.0,0.0,0.0,-0.3044891953468323,1.3862943649291992,0.0,0.0,0.0,0.0,0.0,0.0,0.0,0.0,1.3931424617767334,0.8342903852462769,1.1803745031356812
6.0,2.0,2.0,3.0,1.0,2.0,0.0,0.0,0.0,0.0,-0.7908821702003479,1.3944668769836426,0.0,0.0,0.11778303980827332,-0.28768208622932434,0.0,0.0,0.0,0.0,-0.3044891953468323,1.3862943649291992,0.0,0.0,0.0,0.0,0.0,0.0,0.0,0.0,1.5006769895553589,0.906524121761322,1.242787480354309
6.0,2.0,2.0,3.0,1.0,2.0,0.0,0.0,0.0,0.0,-0.7908821702003479,1.7176663875579834,0.0,0.0,0.11778303980827332,-0.28768208622932434,0.0,0.0,0.0,0.0,-0.3044891953468323,1.3862943649291992,0.0,0.0,0.0,0.0,0.0,0.0,0.0,0.0,1.5509088039398193,1.0814287662506104,1.2785964012145996
6.0,2.0,2.0,3.0,1.0,2.0,0.0,0.0,0.0,0.0,0.7233843207359314,-0.8679298758506775,0.0,0.0,0.11778303980827332,-0.28768208622932434,0.0,0.0,0.0,0.0,-0.3044891953468323,1.3862943649291992,0.0,0.0,0.0,0.0,0.0,0.0,0.0,0.0,0.7699252367019653,1.1278618574142456,0.8578745126724243
6.0,2.0,2.0,3.0,1.0,2.0,0.0,0.0,0.0,0.0,1.18931245803833,-0.8679298758506775,0.0,0.0,0.11778303980827332,-0.28768208622932434,0.0,0.0,0.0,0.0,-0.3044891953468323,1.3862943649291992,0.0,0.0,0.0,0.0,0.0,0.0,0.0,0.0,0.7060184478759766,0.958341121673584,0.8125178217887878
6.0,2.0,2.0,3.0,1.0,2.0,0.0,0.0,0.0,0.0,1.6552406549453735,-0.8679298758506775,0.0,0.0,0.11778303980827332,-0.28768208622932434,0.0,0.0,0.0,0.0,-0.3044891953468323,1.3862943649291992,0.0,0.0,0.0,0.0,0.0,0.0,0.0,0.0,0.6418176889419556,2.321014165878296,0.6433159112930298
6.0,2.0,2.0,3.0,1.0,2.0,0.0,0.0,0.0,0.0,-0.7908821702003479,-0.8679298758506775,0.0,0.0,0.0,0.0,0.024692591279745102,0.0,0.0,0.0,0.0,0.0,0.0,0.0,0.0,0.0,0.0,0.0,0.0,0.0,1.1012314558029175,1.08762788772583,1.1002413034439087
6.0,2.0,2.0,3.0,1.0,2.0,0.0,0.0,0.0,0.0,-0.7908821702003479,0.42486825585365295,0.0,0.0,0.0,0.0,0.024692591279745102,0.0,0.0,0.0,0.0,0.0,0.0,0.0,0.0,0.0,0.0,0.0,0.0,0.0,1.4296433925628662,0.5339617729187012,1.153428554534912
6.0,2.0,2.0,3.0,1.0,2.0,0.0,0.0,0.0,0.0,-0.7908821702003479,1.0712673664093018,0.0,0.0,0.0,0.0,0.024692591279745102,0.0,0.0,0.0,0.0,0.0,0.0,0.0,0.0,0.0,0.0,0.0,0.0,0.0,1.5218908786773682,0.7742202877998352,1.2400842905044556
6.0,2.0,2.0,3.0,1.0,2.0,0.0,0.0,0.0,0.0,-0.7908821702003479,1.7176663875579834,0.0,0.0,0.0,0.0,0.024692591279745102,0.0,0.0,0.0,0.0,0.0,0.0,0.0,0.0,0.0,0.0,0.0,0.0,0.0,1.484553337097168,1.0587482452392578,1.2983927726745605
6.0,2.0,2.0,3.0,1.0,2.0,0.0,0.0,0.0,0.0,0.7233843207359314,-0.8679298758506775,0.0,0.0,0.0,0.0,0.024692591279745102,0.0,0.0,0.0,0.0,0.0,0.0,0.0,0.0,0.0,0.0,0.0,0.0,0.0,0.6296948194503784,1.0534319877624512,0.7402328252792358
6.0,2.0,2.0,3.0,1.0,2.0,0.0,0.0,0.0,0.0,1.18931245803833,-0.8679298758506775,0.0,0.0,0.0,0.0,0.024692591279745102,0.0,0.0,0.0,0.0,0.0,0.0,0.0,0.0,0.0,0.0,0.0,0.0,0.0,0.5949831008911133,1.1011552810668945,0.7226262092590332
6.0,2.0,2.0,3.0,1.0,2.0,0.0,0.0,0.0,0.0,1.6552406549453735,-0.8679298758506775,0.0,0.0,0.0,0.0,0.024692591279745102,0.0,0.0,0.0,0.0,0.0,0.0,0.0,0.0,0.0,0.0,0.0,0.0,0.0,0.5780889987945557,2.3175289630889893,0.6147899627685547
6.0,2.0,2.0,3.0,1.0,2.0,0.0,0.0,0.0,0.0,-0.7908821702003479,-0.8679298758506775,0.0,0.0,0.13976190984249115,0.0,0.0,0.0,0.0,0.0,0.0,0.0,0.024692591279745102,0.0,0.0,0.0,0.0,0.0,0.0,0.0,1.0965303182601929,1.181563377380371,1.127281904220581
6.0,2.0,2.0,3.0,1.0,2.0,0.0,0.0,0.0,0.0,-0.7908821702003479,0.42486825585365295,0.0,0.0,0.13976190984249115,0.0,0.0,0.0,0.0,0.0,0.0,0.0,0.024692591279745102,0.0,0.0,0.0,0.0,0.0,0.0,0.0,1.4211757183074951,0.43282026052474976,1.1517547369003296
6.0,2.0,2.0,3.0,1.0,2.0,0.0,0.0,0.0,0.0,-0.7908821702003479,1.0712673664093018,0.0,0.0,0.13976190984249115,0.0,0.0,0.0,0.0,0.0,0.0,0.0,0.024692591279745102,0.0,0.0,0.0,0.0,0.0,0.0,0.0,1.4960578680038452,0.7955111265182495,1.200179934501648
6.0,2.0,2.0,3.0,1.0,2.0,0.0,0.0,0.0,0.0,-0.7908821702003479,1.7176663875579834,0.0,0.0,0.13976190984249115,0.0,0.0,0.0,0.0,0.0,0.0,0.0,0.024692591279745102,0.0,0.0,0.0,0.0,0.0,0.0,0.0,1.5097763538360596,0.9299944043159485,1.2298545837402344
6.0,2.0,2.0,3.0,1.0,2.0,0.0,0.0,0.0,0.0,0.7233843207359314,-0.8679298758506775,0.0,0.0,0.13976190984249115,0.0,0.0,0.0,0.0,0.0,0.0,0.0,0.024692591279745102,0.0,0.0,0.0,0.0,0.0,0.0,0.0,0.6671173572540283,1.1130683422088623,0.8322882056236267
6.0,2.0,2.0,3.0,1.0,2.0,0.0,0.0,0.0,0.0,1.18931245803833,-0.8679298758506775,0.0,0.0,0.13976190984249115,0.0,0.0,0.0,0.0,0.0,0.0,0.0,0.024692591279745102,0.0,0.0,0.0,0.0,0.0,0.0,0.0,0.6000360250473022,1.433190941810608,0.7919469475746155
6.0,2.0,2.0,3.0,1.0,2.0,0.0,0.0,0.0,0.0,1.6552406549453735,-0.8679298758506775,0.0,0.0,0.13976190984249115,0.0,0.0,0.0,0.0,0.0,0.0,0.0,0.024692591279745102,0.0,0.0,0.0,0.0,0.0,0.0,0.0,0.5874989628791809,0.15584911406040192,0.628044843673706
6.0,2.0,2.0,3.0,1.0,2.0,0.0,0.0,0.0,0.0,-0.7908821702003479,-0.8679298758506775,0.0,0.0,0.20802995562553406,-0.28768208622932434,0.0,0.0,0.0,0.0,0.0,0.0,0.0,0.0,0.0,0.0,0.0,0.0,0.0,0.0,1.0137509107589722,0.6382738947868347,1.088281512260437
6.0,2.0,2.0,3.0,1.0,2.0,0.0,0.0,0.0,0.0,-0.7908821702003479,0.42486825585365295,0.0,0.0,0.20802995562553406,-0.28768208622932434,0.0,0.0,0.0,0.0,0.0,0.0,0.0,0.0,0.0,0.0,0.0,0.0,0.0,0.0,1.303415060043335,0.4730679988861084,1.2099487781524658
6.0,2.0,2.0,3.0,1.0,2.0,0.0,0.0,0.0,0.0,-0.7908821702003479,1.0712673664093018,0.0,0.0,0.20802995562553406,-0.28768208622932434,0.0,0.0,0.0,0.0,0.0,0.0,0.0,0.0,0.0,0.0,0.0,0.0,0.0,0.0,1.3689101934432983,0.5877969861030579,1.2097119092941284
6.0,2.0,2.0,3.0,1.0,2.0,0.0,0.0,0.0,0.0,-0.7908821702003479,1.7176663875579834,0.0,0.0,0.20802995562553406,-0.28768208622932434,0.0,0.0,0.0,0.0,0.0,0.0,0.0,0.0,0.0,0.0,0.0,0.0,0.0,0.0,1.4704537391662598,0.6333019137382507,1.2297465801239014
6.0,2.0,2.0,3.0,1.0,2.0,0.0,0.0,0.0,0.0,0.7233843207359314,-0.8679298758506775,0.0,0.0,0.20802995562553406,-0.28768208622932434,0.0,0.0,0.0,0.0,0.0,0.0,0.0,0.0,0.0,0.0,0.0,0.0,0.0,0.0,0.7012016773223877,0.647357702255249,0.8059915900230408
6.0,2.0,2.0,3.0,1.0,2.0,0.0,0.0,0.0,0.0,1.18931245803833,-0.8679298758506775,0.0,0.0,0.20802995562553406,-0.28768208622932434,0.0,0.0,0.0,0.0,0.0,0.0,0.0,0.0,0.0,0.0,0.0,0.0,0.0,0.0,0.6528345942497253,0.6545055508613586,0.8084402680397034
6.0,2.0,2.0,3.0,1.0,2.0,0.0,0.0,0.0,0.0,1.6552406549453735,-0.8679298758506775,0.0,0.0,0.20802995562553406,-0.28768208622932434,0.0,0.0,0.0,0.0,0.0,0.0,0.0,0.0,0.0,0.0,0.0,0.0,0.0,0.0,0.6671401262283325,2.3177781105041504,0.6534757018089294
6.0,2.0,2.0,3.0,1.0,2.0,0.0,0.0,0.0,0.0,-0.7908821702003479,-0.8679298758506775,0.0,0.0,0.11778303980827332,-0.28768208622932434,0.0,0.0,0.0,0.0,-0.2548922896385193,1.3862943649291992,0.0,0.0,0.0,0.0,0.0,0.0,0.0,0.0,1.2092571258544922,0.7397056221961975,1.131553053855896
6.0,2.0,2.0,3.0,1.0,2.0,0.0,0.0,0.0,0.0,-0.7908821702003479,0.42486825585365295,0.0,0.0,0.11778303980827332,-0.28768208622932434,0.0,0.0,0.0,0.0,-0.2548922896385193,1.3862943649291992,0.0,0.0,0.0,0.0,0.0,0.0,0.0,0.0,1.4973719120025635,0.5573664903640747,1.25099778175354
6.0,2.0,2.0,3.0,1.0,2.0,0.0,0.0,0.0,0.0,-0.7908821702003479,0.7480677962303162,0.0,0.0,0.11778303980827332,-0.28768208622932434,0.0,0.0,0.0,0.0,-0.2548922896385193,1.3862943649291992,0.0,0.0,0.0,0.0,0.0,0.0,0.0,0.0,1.596543312072754,0.5650914311408997,1.3159867525100708
6.0,2.0,2.0,3.0,1.0,2.0,0.0,0.0,0.0,0.0,-0.7908821702003479,1.0712673664093018,0.0,0.0,0.11778303980827332,-0.28768208622932434,0.0,0.0,0.0,0.0,-0.2548922896385193,1.3862943649291992,0.0,0.0,0.0,0.0,0.0,0.0,0.0,0.0,1.6936314105987549,0.7427172660827637,1.3284128904342651
6.0,2.0,2.0,3.0,1.0,2.0,0.0,0.0,0.0,0.0,-0.7908821702003479,1.3944668769836426,0.0,0.0,0.11778303980827332,-0.28768208622932434,0.0,0.0,0.0,0.0,-0.2548922896385193,1.3862943649291992,0.0,0.0,0.0,0.0,0.0,0.0,0.0,0.0,1.7155226469039917,0.7821590900421143,1.371567726135254
6.0,2.0,2.0,3.0,1.0,2.0,0.0,0.0,0.0,0.0,-0.7908821702003479,1.7176663875579834,0.0,0.0,0.11778303980827332,-0.28768208622932434,0.0,0.0,0.0,0.0,-0.2548922896385193,1.3862943649291992,0.0,0.0,0.0,0.0,0.0,0.0,0.0,0.0,1.7112669944763184,0.6933579444885254,1.3928279876708984
6.0,2.0,2.0,3.0,1.0,2.0,0.0,0.0,0.0,0.0,0.7233843207359314,-0.8679298758506775,0.0,0.0,0.11778303980827332,-0.28768208622932434,0.0,0.0,0.0,0.0,-0.2548922896385193,1.3862943649291992,0.0,0.0,0.0,0.0,0.0,0.0,0.0,0.0,0.7301211953163147,0.9496997594833374,0.8682199716567993
6.0,2.0,2.0,3.0,1.0,2.0,0.0,0.0,0.0,0.0,1.18931245803833,-0.8679298758506775,0.0,0.0,0.11778303980827332,-0.28768208622932434,0.0,0.0,0.0,0.0,-0.2548922896385193,1.3862943649291992,0.0,0.0,0.0,0.0,0.0,0.0,0.0,0.0,0.6588215231895447,0.8038985133171082,0.7515227198600769
6.0,2.0,2.0,3.0,1.0,2.0,0.0,0.0,0.0,0.0,1.6552406549453735,-0.8679298758506775,0.0,0.0,0.11778303980827332,-0.28768208622932434,0.0,0.0,0.0,0.0,-0.2548922896385193,1.3862943649291992,0.0,0.0,0.0,0.0,0.0,0.0,0.0,0.0,0.650258481502533,2.0317230224609375,0.6493976712226868
6.0,2.0,2.0,3.0,1.0,2.0,0.0,0.0,0.0,0.0,-0.7908821702003479,-0.8679298758506775,0.2719337046146393,-0.6931471824645996,0.0,0.0,0.0,0.0,0.0,0.0,0.0,0.0,0.0,0.0,0.0,0.0,0.0,0.0,0.0,0.0,1.5434781312942505,0.027488157153129578,1.211353063583374
6.0,2.0,2.0,3.0,1.0,2.0,0.0,0.0,0.0,0.0,-0.7908821702003479,0.7480677962303162,0.2719337046146393,-0.6931471824645996,0.0,0.0,0.0,0.0,0.0,0.0,0.0,0.0,0.0,0.0,0.0,0.0,0.0,0.0,0.0,0.0,1.1395292282104492,0.09064547717571259,1.057045340538025
6.0,2.0,2.0,3.0,1.0,2.0,0.0,0.0,0.0,0.0,-0.7908821702003479,1.0712673664093018,0.2719337046146393,-0.6931471824645996,0.0,0.0,0.0,0.0,0.0,0.0,0.0,0.0,0.0,0.0,0.0,0.0,0.0,0.0,0.0,0.0,1.4565500020980835,0.07313018292188644,1.3235411643981934
6.0,2.0,2.0,3.0,1.0,2.0,0.0,0.0,0.0,0.0,-0.7908821702003479,1.3944668769836426,0.2719337046146393,-0.6931471824645996,0.0,0.0,0.0,0.0,0.0,0.0,0.0,0.0,0.0,0.0,0.0,0.0,0.0,0.0,0.0,0.0,1.5566792488098145,0.08685058355331421,1.3702048063278198
6.0,2.0,2.0,3.0,1.0,2.0,0.0,0.0,0.0,0.0,-0.7908821702003479,1.7176663875579834,0.2719337046146393,-0.6931471824645996,0.0,0.0,0.0,0.0,0.0,0.0,0.0,0.0,0.0,0.0,0.0,0.0,0.0,0.0,0.0,0.0,1.6319751739501953,0.060867343097925186,1.4618161916732788
6.0,2.0,2.0,3.0,1.0,2.0,0.0,0.0,0.0,0.0,1.6552406549453735,-0.8679298758506775,0.2719337046146393,-0.6931471824645996,0.0,0.0,0.0,0.0,0.0,0.0,0.0,0.0,0.0,0.0,0.0,0.0,0.0,0.0,0.0,0.0,0.9589824080467224,0.04814998432993889,0.8269925117492676
0.0,0.0,0.0,0.0,15.0,0.0,0.20000000298023224,25.0,0.0,0.0,-0.7908821702003479,-0.8679298758506775,0.0,0.0,-0.28768208622932434,1.3862943649291992,0.0,0.0,0.0,0.0,0.0,0.0,0.0,0.0,0.0,0.0,0.0,0.0,0.0,0.0,0.8901780247688293,2.370220184326172,0.9981657266616821
0.0,0.0,0.0,0.0,15.0,0.0,0.20000000298023224,25.0,0.0,0.0,-0.7908821702003479,0.42486825585365295,0.0,0.0,-0.28768208622932434,1.3862943649291992,0.0,0.0,0.0,0.0,0.0,0.0,0.0,0.0,0.0,0.0,0.0,0.0,0.0,0.0,1.3446487188339233,1.0021077394485474,1.1498429775238037
0.0,0.0,0.0,0.0,15.0,0.0,0.20000000298023224,25.0,0.0,0.0,-0.7908821702003479,1.0712673664093018,0.0,0.0,-0.28768208622932434,1.3862943649291992,0.0,0.0,0.0,0.0,0.0,0.0,0.0,0.0,0.0,0.0,0.0,0.0,0.0,0.0,1.6490459442138672,1.3551952838897705,1.2979117631912231
0.0,0.0,0.0,0.0,15.0,0.0,0.20000000298023224,25.0,0.0,0.0,-0.7908821702003479,1.7176663875579834,0.0,0.0,-0.28768208622932434,1.3862943649291992,0.0,0.0,0.0,0.0,0.0,0.0,0.0,0.0,0.0,0.0,0.0,0.0,0.0,0.0,0.7843287587165833,0.907835841178894,0.6246817708015442
0.0,0.0,0.0,0.0,15.0,0.0,0.20000000298023224,25.0,0.0,0.0,0.7233843207359314,-0.8679298758506775,0.0,0.0,-0.28768208622932434,1.3862943649291992,0.0,0.0,0.0,0.0,0.0,0.0,0.0,0.0,0.0,0.0,0.0,0.0,0.0,0.0,0.7127819061279297,1.269914984703064,1.1770488023757935
0.0,0.0,0.0,0.0,15.0,0.0,0.20000000298023224,25.0,0.0,0.0,1.18931245803833,-0.8679298758506775,0.0,0.0,-0.28768208622932434,1.3862943649291992,0.0,0.0,0.0,0.0,0.0,0.0,0.0,0.0,0.0,0.0,0.0,0.0,0.0,0.0,0.6996309161186218,1.1841908693313599,1.1196887493133545
0.0,0.0,0.0,0.0,15.0,0.0,0.20000000298023224,25.0,0.0,0.0,1.6552406549453735,-0.8679298758506775,0.0,0.0,-0.28768208622932434,1.3862943649291992,0.0,0.0,0.0,0.0,0.0,0.0,0.0,0.0,0.0,0.0,0.0,0.0,0.0,0.0,0.9595807790756226,1.2322057485580444,1.150686502456665
0.0,0.0,0.0,0.0,15.0,0.0,0.20000000298023224,25.0,0.0,0.0,-0.7908821702003479,-0.8679298758506775,0.0,0.0,-0.133531391620636,1.3862943649291992,0.0,0.0,0.0,0.0,0.0,0.0,0.0,0.0,0.0,0.0,0.0,0.0,0.0,0.0,0.9651659727096558,2.5125417709350586,0.9835015535354614
0.0,0.0,0.0,0.0,15.0,0.0,0.20000000298023224,25.0,0.0,0.0,-0.7908821702003479,0.7480677962303162,0.0,0.0,-0.133531391620636,1.3862943649291992,0.0,0.0,0.0,0.0,0.0,0.0,0.0,0.0,0.0,0.0,0.0,0.0,0.0,0.0,0.655988335609436,1.5275611877441406,0.5251955986022949
0.0,0.0,0.0,0.0,15.0,0.0,0.20000000298023224,25.0,0.0,0.0,-0.7908821702003479,1.3944668769836426,0.0,0.0,-0.133531391620636,1.3862943649291992,0.0,0.0,0.0,0.0,0.0,0.0,0.0,0.0,0.0,0.0,0.0,0.0,0.0,0.0,1.563936471939087,0.9004960656166077,1.2242894172668457
0.0,0.0,0.0,0.0,15.0,0.0,0.20000000298023224,25.0,0.0,0.0,-0.7908821702003479,1.7176663875579834,0.0,0.0,-0.133531391620636,1.3862943649291992,0.0,0.0,0.0,0.0,0.0,0.0,0.0,0.0,0.0,0.0,0.0,0.0,0.0,0.0,0.868109405040741,0.8764030933380127,0.6726825833320618
0.0,0.0,0.0,0.0,15.0,0.0,0.20000000298023224,25.0,0.0,0.0,0.7233843207359314,-0.8679298758506775,0.0,0.0,-0.133531391620636,1.3862943649291992,0.0,0.0,0.0,0.0,0.0,0.0,0.0,0.0,0.0,0.0,0.0,0.0,0.0,0.0,0.7143060564994812,1.3912749290466309,1.2069199085235596
0.0,0.0,0.0,0.0,15.0,0.0,0.20000000298023224,25.0,0.0,0.0,1.18931245803833,-0.8679298758506775,0.0,0.0,-0.133531391620636,1.3862943649291992,0.0,0.0,0.0,0.0,0.0,0.0,0.0,0.0,0.0,0.0,0.0,0.0,0.0,0.0,0.6618795990943909,1.3362367153167725,1.1788959503173828
0.0,0.0,0.0,0.0,15.0,0.0,0.20000000298023224,25.0,0.0,0.0,1.6552406549453735,-0.8679298758506775,0.0,0.0,-0.133531391620636,1.3862943649291992,0.0,0.0,0.0,0.0,0.0,0.0,0.0,0.0,0.0,0.0,0.0,0.0,0.0,0.0,0.710474967956543,1.2188559770584106,0.9019179344177246
0.0,0.0,0.0,0.0,15.0,0.0,0.20000000298023224,25.0,0.0,0.0,-0.7908821702003479,-0.8679298758506775,0.0606246218085289,0.0,0.0,0.0,0.0,0.0,0.0,0.0,-0.37469345331192017,1.7917594909667969,0.0,0.0,0.0,0.0,0.0,0.0,0.0,0.0,0.9105387330055237,2.4741287231445312,0.9995506405830383
0.0,0.0,0.0,0.0,15.0,0.0,0.20000000298023224,25.0,0.0,0.0,-0.7908821702003479,0.42486825585365295,0.0606246218085289,0.0,0.0,0.0,0.0,0.0,0.0,0.0,-0.37469345331192017,1.7917594909667969,0.0,0.0,0.0,0.0,0.0,0.0,0.0,0.0,1.3134560585021973,1.0617947578430176,1.1404014825820923
0.0,0.0,0.0,0.0,15.0,0.0,0.20000000298023224,25.0,0.0,0.0,-0.7908821702003479,1.3944668769836426,0.0606246218085289,0.0,0.0,0.0,0.0,0.0,0.0,0.0,-0.37469345331192017,1.7917594909667969,0.0,0.0,0.0,0.0,0.0,0.0,0.0,0.0,1.5787193775177002,0.830942690372467,1.2582015991210938
0.0,0.0,0.0,0.0,15.0,0.0,0.20000000298023224,25.0,0.0,0.0,-0.7908821702003479,1.7176663875579834,0.0606246218085289,0.0,0.0,0.0,0.0,0.0,0.0,0.0,-0.37469345331192017,1.7917594909667969,0.0,0.0,0.0,0.0,0.0,0.0,0.0,0.0,0.7731976509094238,1.2809898853302002,0.6513463258743286
0.0,0.0,0.0,0.0,15.0,0.0,0.20000000298023224,25.0,0.0,0.0,0.7233843207359314,-0.8679298758506775,0.0606246218085289,0.0,0.0,0.0,0.0,0.0,0.0,0.0,-0.37469345331192017,1.7917594909667969,0.0,0.0,0.0,0.0,0.0,0.0,0.0,0.0,0.6969916224479675,1.3600343465805054,1.2069405317306519
0.0,0.0,0.0,0.0,15.0,0.0,0.20000000298023224,25.0,0.0,0.0,1.18931245803833,-0.8679298758506775,0.0606246218085289,0.0,0.0,0.0,0.0,0.0,0.0,0.0,-0.37469345331192017,1.7917594909667969,0.0,0.0,0.0,0.0,0.0,0.0,0.0,0.0,0.6925475001335144,1.382110834121704,1.167869210243225
0.0,0.0,0.0,0.0,15.0,0.0,0.20000000298023224,25.0,0.0,0.0,1.6552406549453735,-0.8679298758506775,0.0606246218085289,0.0,0.0,0.0,0.0,0.0,0.0,0.0,-0.37469345331192017,1.7917594909667969,0.0,0.0,0.0,0.0,0.0,0.0,0.0,0.0,0.6782068014144897,1.4680589437484741,1.2557642459869385
0.0,0.0,0.0,0.0,15.0,0.0,0.20000000298023224,25.0,0.0,0.0,-0.7908821702003479,-0.8679298758506775,0.11778303980827332,0.0,0.0,0.0,0.0,0.0,0.0,0.0,-0.6931471824645996,2.3025851249694824,0.0,0.0,0.0,0.0,-0.28768208622932434,1.6094379425048828,0.0,0.0,0.9121623039245605,2.4207303524017334,1.0083976984024048
0.0,0.0,0.0,0.0,15.0,0.0,0.20000000298023224,25.0,0.0,0.0,-0.7908821702003479,0.42486825585365295,0.11778303980827332,0.0,0.0,0.0,0.0,0.0,0.0,0.0,-0.6931471824645996,2.3025851249694824,0.0,0.0,0.0,0.0,-0.28768208622932434,1.6094379425048828,0.0,0.0,1.2506895065307617,1.0308343172073364,1.1354707479476929
0.0,0.0,0.0,0.0,15.0,0.0,0.20000000298023224,25.0,0.0,0.0,-0.7908821702003479,1.0712673664093018,0.11778303980827332,0.0,0.0,0.0,0.0,0.0,0.0,0.0,-0.6931471824645996,2.3025851249694824,0.0,0.0,0.0,0.0,-0.28768208622932434,1.6094379425048828,0.0,0.0,1.5601495504379272,1.0596106052398682,1.2521723508834839
0.0,0.0,0.0,0.0,15.0,0.0,0.20000000298023224,25.0,0.0,0.0,-0.7908821702003479,1.7176663875579834,0.11778303980827332,0.0,0.0,0.0,0.0,0.0,0.0,0.0,-0.6931471824645996,2.3025851249694824,0.0,0.0,0.0,0.0,-0.28768208622932434,1.6094379425048828,0.0,0.0,0.8297569155693054,0.9199205636978149,0.6611726880073547
0.0,0.0,0.0,0.0,15.0,0.0,0.20000000298023224,25.0,0.0,0.0,0.7233843207359314,-0.8679298758506775,0.11778303980827332,0.0,0.0,0.0,0.0,0.0,0.0,0.0,-0.6931471824645996,2.3025851249694824,0.0,0.0,0.0,0.0,-0.28768208622932434,1.6094379425048828,0.0,0.0,0.7194937467575073,1.2276859283447266,1.141283631324768
0.0,0.0,0.0,0.0,15.0,0.0,0.20000000298023224,25.0,0.0,0.0,1.18931245803833,-0.8679298758506775,0.11778303980827332,0.0,0.0,0.0,0.0,0.0,0.0,0.0,-0.6931471824645996,2.3025851249694824,0.0,0.0,0.0,0.0,-0.28768208622932434,1.6094379425048828,0.0,0.0,0.6994066834449768,1.259538173675537,1.1568409204483032
0.0,0.0,0.0,0.0,15.0,0.0,0.20000000298023224,25.0,0.0,0.0,1.6552406549453735,-0.8679298758506775,0.11778303980827332,0.0,0.0,0.0,0.0,0.0,0.0,0.0,-0.6931471824645996,2.3025851249694824,0.0,0.0,0.0,0.0,-0.28768208622932434,1.6094379425048828,0.0,0.0,0.679581880569458,1.3061625957489014,1.046692132949829
0.0,0.0,0.0,0.0,15.0,0.0,0.20000000298023224,25.0,0.0,0.0,-0.7908821702003479,-0.8679298758506775,0.11778303980827332,0.0,0.0,0.0,0.0,0.0,0.0,0.0,-0.133531391620636,1.7917594909667969,0.0,0.0,0.0,0.0,-0.3566749393939972,1.6094379425048828,0.0,0.0,0.9002569317817688,2.4787240028381348,0.9868061542510986
0.0,0.0,0.0,0.0,15.0,0.0,0.20000000298023224,25.0,0.0,0.0,-0.7908821702003479,0.42486825585365295,0.11778303980827332,0.0,0.0,0.0,0.0,0.0,0.0,0.0,-0.133531391620636,1.7917594909667969,0.0,0.0,0.0,0.0,-0.3566749393939972,1.6094379425048828,0.0,0.0,1.1793819665908813,1.0894874334335327,1.0632153749465942
0.0,0.0,0.0,0.0,15.0,0.0,0.20000000298023224,25.0,0.0,0.0,-0.7908821702003479,1.0712673664093018,0.11778303980827332,0.0,0.0,0.0,0.0,0.0,0.0,0.0,-0.133531391620636,1.7917594909667969,0.0,0.0,0.0,0.0,-0.3566749393939972,1.6094379425048828,0.0,0.0,1.6347514390945435,1.1560238599777222,1.2624707221984863
0.0,0.0,0.0,0.0,15.0,0.0,0.20000000298023224,25.0,0.0,0.0,-0.7908821702003479,1.7176663875579834,0.11778303980827332,0.0,0.0,0.0,0.0,0.0,0.0,0.0,-0.133531391620636,1.7917594909667969,0.0,0.0,0.0,0.0,-0.3566749393939972,1.6094379425048828,0.0,0.0,0.8379004001617432,1.421487808227539,0.6703888773918152
0.0,0.0,0.0,0.0,15.0,0.0,0.20000000298023224,25.0,0.0,0.0,0.7233843207359314,-0.8679298758506775,0.11778303980827332,0.0,0.0,0.0,0.0,0.0,0.0,0.0,-0.133531391620636,1.7917594909667969,0.0,0.0,0.0,0.0,-0.3566749393939972,1.6094379425048828,0.0,0.0,0.7256978750228882,1.3389003276824951,1.2351897954940796
0.0,0.0,0.0,0.0,15.0,0.0,0.20000000298023224,25.0,0.0,0.0,1.18931245803833,-0.8679298758506775,0.11778303980827332,0.0,0.0,0.0,0.0,0.0,0.0,0.0,-0.133531391620636,1.7917594909667969,0.0,0.0,0.0,0.0,-0.3566749393939972,1.6094379425048828,0.0,0.0,0.7013130187988281,1.4035934209823608,1.2272742986679077
0.0,0.0,0.0,0.0,15.0,0.0,0.20000000298023224,25.0,0.0,0.0,1.6552406549453735,-0.8679298758506775,0.11778303980827332,0.0,0.0,0.0,0.0,0.0,0.0,0.0,-0.133531391620636,1.7917594909667969,0.0,0.0,0.0,0.0,-0.3566749393939972,1.6094379425048828,0.0,0.0,0.6765190362930298,1.6631836891174316,1.308494210243225
0.0,0.0,0.0,0.0,0.0,45.0,0.0,0.0,0.0,0.0,-0.7908821702003479,-0.8679298758506775,0.0,0.0,-0.06453852355480194,0.0,0.0,0.0,0.0,0.0,0.0,0.0,0.0,0.0,0.0,0.0,0.0,0.0,0.0,0.0,0.47265321016311646,2.899935245513916,0.5156216621398926
0.0,0.0,0.0,0.0,0.0,45.0,0.0,0.0,0.0,0.0,-0.7908821702003479,0.42486825585365295,0.0,0.0,-0.06453852355480194,0.0,0.0,0.0,0.0,0.0,0.0,0.0,0.0,0.0,0.0,0.0,0.0,0.0,0.0,0.0,1.1607412099838257,1.1119511127471924,1.0957058668136597
0.0,0.0,0.0,0.0,0.0,45.0,0.0,0.0,0.0,0.0,-0.7908821702003479,1.3944668769836426,0.0,0.0,-0.06453852355480194,0.0,0.0,0.0,0.0,0.0,0.0,0.0,0.0,0.0,0.0,0.0,0.0,0.0,0.0,0.0,0.7624306082725525,1.4931340217590332,0.5999325513839722
0.0,0.0,0.0,0.0,0.0,45.0,0.0,0.0,0.0,0.0,-0.7908821702003479,1.7176663875579834,0.0,0.0,-0.06453852355480194,0.0,0.0,0.0,0.0,0.0,0.0,0.0,0.0,0.0,0.0,0.0,0.0,0.0,0.0,0.0,0.7542051672935486,1.7747009992599487,0.5995276570320129
0.0,0.0,0.0,0.0,0.0,45.0,0.0,0.0,0.0,0.0,0.7233843207359314,-0.8679298758506775,0.0,0.0,-0.06453852355480194,0.0,0.0,0.0,0.0,0.0,0.0,0.0,0.0,0.0,0.0,0.0,0.0,0.0,0.0,0.0,0.20726414024829865,1.748722791671753,0.4651724398136139
0.0,0.0,0.0,0.0,0.0,45.0,0.0,0.0,0.0,0.0,1.18931245803833,-0.8679298758506775,0.0,0.0,-0.06453852355480194,0.0,0.0,0.0,0.0,0.0,0.0,0.0,0.0,0.0,0.0,0.0,0.0,0.0,0.0,0.0,0.1873217523097992,2.1194562911987305,0.5596052408218384
0.0,0.0,0.0,0.0,0.0,45.0,0.0,0.0,0.0,0.0,1.6552406549453735,-0.8679298758506775,0.0,0.0,-0.06453852355480194,0.0,0.0,0.0,0.0,0.0,0.0,0.0,0.0,0.0,0.0,0.0,0.0,0.0,0.0,0.0,0.12785907089710236,1.791126012802124,0.266146719455719
0.0,0.0,0.0,0.0,0.0,45.0,0.0,0.0,0.0,0.0,-0.7908821702003479,-0.8679298758506775,0.0,0.0,0.0,0.0,0.0,0.0,0.0,0.0,0.0,0.0,0.0,0.0,0.0,0.0,0.0,0.0,0.0,0.0,0.486697793006897,2.609800100326538,0.5188804268836975
0.0,0.0,0.0,0.0,0.0,45.0,0.0,0.0,0.0,0.0,-0.7908821702003479,0.42486825585365295,0.0,0.0,0.0,0.0,0.0,0.0,0.0,0.0,0.0,0.0,0.0,0.0,0.0,0.0,0.0,0.0,0.0,0.0,0.6883687376976013,1.3656705617904663,0.5454550385475159
0.0,0.0,0.0,0.0,0.0,45.0,0.0,0.0,0.0,0.0,-0.7908821702003479,1.0712673664093018,0.0,0.0,0.0,0.0,0.0,0.0,0.0,0.0,0.0,0.0,0.0,0.0,0.0,0.0,0.0,0.0,0.0,0.0,0.8078521490097046,1.3352313041687012,0.62716144323349
0.0,0.0,0.0,0.0,0.0,45.0,0.0,0.0,0.0,0.0,-0.7908821702003479,1.7176663875579834,0.0,0.0,0.0,0.0,0.0,0.0,0.0,0.0,0.0,0.0,0.0,0.0,0.0,0.0,0.0,0.0,0.0,0.0,0.8451595306396484,1.5473811626434326,0.6338096857070923
0.0,0.0,0.0,0.0,0.0,45.0,0.0,0.0,0.0,0.0,0.7233843207359314,-0.8679298758506775,0.0,0.0,0.0,0.0,0.0,0.0,0.0,0.0,0.0,0.0,0.0,0.0,0.0,0.0,0.0,0.0,0.0,0.0,0.20276209712028503,1.662088394165039,0.438892662525177
0.0,0.0,0.0,0.0,0.0,45.0,0.0,0.0,0.0,0.0,1.18931245803833,-0.8679298758506775,0.0,0.0,0.0,0.0,0.0,0.0,0.0,0.0,0.0,0.0,0.0,0.0,0.0,0.0,0.0,0.0,0.0,0.0,0.18789124488830566,2.1118106842041016,0.5526754260063171
0.0,0.0,0.0,0.0,0.0,45.0,0.0,0.0,0.0,0.0,1.6552406549453735,-0.8679298758506775,0.0,0.0,0.0,0.0,0.0,0.0,0.0,0.0,0.0,0.0,0.0,0.0,0.0,0.0,0.0,0.0,0.0,0.0,0.11542976647615433,1.808714747428894,0.24391494691371918
0.0,0.0,0.0,0.0,0.0,45.0,0.0,0.0,0.0,0.0,-0.7908821702003479,-0.8679298758506775,0.0,0.0,0.0606246218085289,0.0,0.0,0.0,0.0,0.0,0.0,0.0,0.0,0.0,0.0,0.0,0.0,0.0,0.0,0.0,0.4457009732723236,2.6465251445770264,0.5063173770904541
0.0,0.0,0.0,0.0,0.0,45.0,0.0,0.0,0.0,0.0,-0.7908821702003479,0.42486825585365295,0.0,0.0,0.0606246218085289,0.0,0.0,0.0,0.0,0.0,0.0,0.0,0.0,0.0,0.0,0.0,0.0,0.0,0.0,0.0,0.6676803231239319,1.331709623336792,0.5409334897994995
0.0,0.0,0.0,0.0,0.0,45.0,0.0,0.0,0.0,0.0,-0.7908821702003479,1.0712673664093018,0.0,0.0,0.0606246218085289,0.0,0.0,0.0,0.0,0.0,0.0,0.0,0.0,0.0,0.0,0.0,0.0,0.0,0.0,0.0,0.7840343713760376,1.3217034339904785,0.6108059883117676
0.0,0.0,0.0,0.0,0.0,45.0,0.0,0.0,0.0,0.0,-0.7908821702003479,1.7176663875579834,0.0,0.0,0.0606246218085289,0.0,0.0,0.0,0.0,0.0,0.0,0.0,0.0,0.0,0.0,0.0,0.0,0.0,0.0,0.0,0.8651936054229736,1.5444785356521606,0.6467432975769043
0.0,0.0,0.0,0.0,0.0,45.0,0.0,0.0,0.0,0.0,0.7233843207359314,-0.8679298758506775,0.0,0.0,0.0606246218085289,0.0,0.0,0.0,0.0,0.0,0.0,0.0,0.0,0.0,0.0,0.0,0.0,0.0,0.0,0.0,0.2008776068687439,1.7798211574554443,0.4757349193096161
0.0,0.0,0.0,0.0,0.0,45.0,0.0,0.0,0.0,0.0,1.18931245803833,-0.8679298758506775,0.0,0.0,0.0606246218085289,0.0,0.0,0.0,0.0,0.0,0.0,0.0,0.0,0.0,0.0,0.0,0.0,0.0,0.0,0.0,0.15210261940956116,2.182997226715088,0.5234905481338501
0.0,0.0,0.0,0.0,0.0,45.0,0.0,0.0,0.0,0.0,1.6552406549453735,-0.8679298758506775,0.0,0.0,0.0606246218085289,0.0,0.0,0.0,0.0,0.0,0.0,0.0,0.0,0.0,0.0,0.0,0.0,0.0,0.0,0.0,0.12379603832960129,1.927834391593933,0.29422739148139954
0.0,0.0,0.0,0.0,0.0,45.0,0.0,0.0,0.0,0.0,-0.7908821702003479,-0.8679298758506775,0.0,0.0,0.11778303980827332,0.0,0.0,0.0,0.0,0.0,0.0,0.0,0.0,0.0,0.0,0.0,0.0,0.0,0.0,0.0,0.4542204737663269,2.56282639503479,0.5084865093231201
0.0,0.0,0.0,0.0,0.0,45.0,0.0,0.0,0.0,0.0,-0.7908821702003479,0.42486825585365295,0.0,0.0,0.11778303980827332,0.0,0.0,0.0,0.0,0.0,0.0,0.0,0.0,0.0,0.0,0.0,0.0,0.0,0.0,0.0,0.7117857336997986,1.1805545091629028,0.5467931032180786
0.0,0.0,0.0,0.0,0.0,45.0,0.0,0.0,0.0,0.0,-0.7908821702003479,1.0712673664093018,0.0,0.0,0.11778303980827332,0.0,0.0,0.0,0.0,0.0,0.0,0.0,0.0,0.0,0.0,0.0,0.0,0.0,0.0,0.0,0.7882645726203918,1.1833689212799072,0.5942919254302979
0.0,0.0,0.0,0.0,0.0,45.0,0.0,0.0,0.0,0.0,-0.7908821702003479,1.7176663875579834,0.0,0.0,0.11778303980827332,0.0,0.0,0.0,0.0,0.0,0.0,0.0,0.0,0.0,0.0,0.0,0.0,0.0,0.0,0.0,0.8697847127914429,1.5370737314224243,0.6501752138137817
0.0,0.0,0.0,0.0,0.0,45.0,0.0,0.0,0.0,0.0,0.7233843207359314,-0.8679298758506775,0.0,0.0,0.11778303980827332,0.0,0.0,0.0,0.0,0.0,0.0,0.0,0.0,0.0,0.0,0.0,0.0,0.0,0.0,0.0,0.2032570242881775,1.7550170421600342,0.467556357383728
0.0,0.0,0.0,0.0,0.0,45.0,0.0,0.0,0.0,0.0,1.18931245803833,-0.8679298758506775,0.0,0.0,0.11778303980827332,0.0,0.0,0.0,0.0,0.0,0.0,0.0,0.0,0.0,0.0,0.0,0.0,0.0,0.0,0.0,0.18780840933322906,2.0774834156036377,0.5426650643348694
0.0,0.0,0.0,0.0,0.0,45.0,0.0,0.0,0.0,0.0,1.6552406549453735,-0.8679298758506775,0.0,0.0,0.11778303980827332,0.0,0.0,0.0,0.0,0.0,0.0,0.0,0.0,0.0,0.0,0.0,0.0,0.0,0.0,0.0,0.1242474913597107,1.8854904174804688,0.2889719307422638
5.699999809265137,3.25,3.75,1.2000000476837158,0.0,0.44999998807907104,0.4000000059604645,0.0,0.8500000238418579,0.0,-0.7908821702003479,-0.8679298758506775,0.0,0.0,0.21813099086284637,0.6931471824645996,0.0,0.0,0.0,0.0,-0.133531391620636,0.6931471824645996,0.0,0.0,0.0,0.0,0.0,0.0,0.0,0.0,1.0466774702072144,0.946111798286438,1.088275671005249
5.699999809265137,3.25,3.75,1.2000000476837158,0.0,0.44999998807907104,0.4000000059604645,0.0,0.8500000238418579,0.0,-0.7908821702003479,0.10166872292757034,0.0,0.0,0.21813099086284637,0.6931471824645996,0.0,0.0,0.0,0.0,-0.133531391620636,0.6931471824645996,0.0,0.0,0.0,0.0,0.0,0.0,0.0,0.0,1.1655465364456177,0.3779587149620056,1.1453382968902588
5.699999809265137,3.25,3.75,1.2000000476837158,0.0,0.44999998807907104,0.4000000059604645,0.0,0.8500000238418579,0.0,-0.7908821702003479,0.42486825585365295,0.0,0.0,0.21813099086284637,0.6931471824645996,0.0,0.0,0.0,0.0,-0.133531391620636,0.6931471824645996,0.0,0.0,0.0,0.0,0.0,0.0,0.0,0.0,1.3732051849365234,0.5521743297576904,1.1744555234909058
5.699999809265137,3.25,3.75,1.2000000476837158,0.0,0.44999998807907104,0.4000000059604645,0.0,0.8500000238418579,0.0,-0.7908821702003479,1.0712673664093018,0.0,0.0,0.21813099086284637,0.6931471824645996,0.0,0.0,0.0,0.0,-0.133531391620636,0.6931471824645996,0.0,0.0,0.0,0.0,0.0,0.0,0.0,0.0,1.4273178577423096,0.7930694818496704,1.2339707612991333
5.699999809265137,3.25,3.75,1.2000000476837158,0.0,0.44999998807907104,0.4000000059604645,0.0,0.8500000238418579,0.0,-0.7908821702003479,1.7176663875579834,0.0,0.0,0.21813099086284637,0.6931471824645996,0.0,0.0,0.0,0.0,-0.133531391620636,0.6931471824645996,0.0,0.0,0.0,0.0,0.0,0.0,0.0,0.0,1.4686998128890991,0.5984888076782227,1.2409402132034302
5.699999809265137,3.25,3.75,1.2000000476837158,0.0,0.44999998807907104,0.4000000059604645,0.0,0.8500000238418579,0.0,0.7233843207359314,-0.8679298758506775,0.0,0.0,0.21813099086284637,0.6931471824645996,0.0,0.0,0.0,0.0,-0.133531391620636,0.6931471824645996,0.0,0.0,0.0,0.0,0.0,0.0,0.0,0.0,0.5097712874412537,1.1307423114776611,0.7416422367095947
5.699999809265137,3.25,3.75,1.2000000476837158,0.0,0.44999998807907104,0.4000000059604645,0.0,0.8500000238418579,0.0,1.18931245803833,-0.8679298758506775,0.0,0.0,0.21813099086284637,0.6931471824645996,0.0,0.0,0.0,0.0,-0.133531391620636,0.6931471824645996,0.0,0.0,0.0,0.0,0.0,0.0,0.0,0.0,0.546576738357544,1.0274722576141357,0.7575803995132446
5.699999809265137,3.25,3.75,1.2000000476837158,0.0,0.44999998807907104,0.4000000059604645,0.0,0.8500000238418579,0.0,1.6552406549453735,-0.8679298758506775,0.0,0.0,0.21813099086284637,0.6931471824645996,0.0,0.0,0.0,0.0,-0.133531391620636,0.6931471824645996,0.0,0.0,0.0,0.0,0.0,0.0,0.0,0.0,0.43058159947395325,0.9530425071716309,0.6387525200843811
5.699999809265137,3.25,3.75,1.2000000476837158,0.0,0.44999998807907104,0.4000000059604645,0.0,0.8500000238418579,0.0,-0.7908821702003479,-0.8679298758506775,0.0,0.0,0.23803211748600006,0.6931471824645996,0.0,0.0,0.0,0.0,-0.133531391620636,0.6931471824645996,0.0,0.0,0.0,0.0,0.0,0.0,0.0,0.0,1.0354598760604858,0.7183159589767456,1.0718467235565186
5.699999809265137,3.25,3.75,1.2000000476837158,0.0,0.44999998807907104,0.4000000059604645,0.0,0.8500000238418579,0.0,-0.7908821702003479,0.42486825585365295,0.0,0.0,0.23803211748600006,0.6931471824645996,0.0,0.0,0.0,0.0,-0.133531391620636,0.6931471824645996,0.0,0.0,0.0,0.0,0.0,0.0,0.0,0.0,1.3901169300079346,0.5312259197235107,1.1859554052352905
5.699999809265137,3.25,3.75,1.2000000476837158,0.0,0.44999998807907104,0.4000000059604645,0.0,0.8500000238418579,0.0,-0.7908821702003479,1.0712673664093018,0.0,0.0,0.23803211748600006,0.6931471824645996,0.0,0.0,0.0,0.0,-0.133531391620636,0.6931471824645996,0.0,0.0,0.0,0.0,0.0,0.0,0.0,0.0,1.438080072402954,0.7427668571472168,1.2540134191513062
5.699999809265137,3.25,3.75,1.2000000476837158,0.0,0.44999998807907104,0.4000000059604645,0.0,0.8500000238418579,0.0,-0.7908821702003479,1.3944668769836426,0.0,0.0,0.23803211748600006,0.6931471824645996,0.0,0.0,0.0,0.0,-0.133531391620636,0.6931471824645996,0.0,0.0,0.0,0.0,0.0,0.0,0.0,0.0,1.4864450693130493,0.768303632736206,1.2769852876663208
5.699999809265137,3.25,3.75,1.2000000476837158,0.0,0.44999998807907104,0.4000000059604645,0.0,0.8500000238418579,0.0,-0.7908821702003479,1.7176663875579834,0.0,0.0,0.23803211748600006,0.6931471824645996,0.0,0.0,0.0,0.0,-0.133531391620636,0.6931471824645996,0.0,0.0,0.0,0.0,0.0,0.0,0.0,0.0,1.4396061897277832,0.7055248618125916,1.2601587772369385
5.699999809265137,3.25,3.75,1.2000000476837158,0.0,0.44999998807907104,0.4000000059604645,0.0,0.8500000238418579,0.0,0.7233843207359314,-0.8679298758506775,0.0,0.0,0.23803211748600006,0.6931471824645996,0.0,0.0,0.0,0.0,-0.133531391620636,0.6931471824645996,0.0,0.0,0.0,0.0,0.0,0.0,0.0,0.0,0.3938238024711609,0.8569915294647217,0.741709291934967
5.699999809265137,3.25,3.75,1.2000000476837158,0.0,0.44999998807907104,0.4000000059604645,0.0,0.8500000238418579,0.0,1.18931245803833,-0.8679298758506775,0.0,0.0,0.23803211748600006,0.6931471824645996,0.0,0.0,0.0,0.0,-0.133531391620636,0.6931471824645996,0.0,0.0,0.0,0.0,0.0,0.0,0.0,0.0,0.4026581048965454,0.9707520604133606,0.7013255953788757
5.699999809265137,3.25,3.75,1.2000000476837158,0.0,0.44999998807907104,0.4000000059604645,0.0,0.8500000238418579,0.0,1.6552406549453735,-0.8679298758506775,0.0,0.0,0.23803211748600006,0.6931471824645996,0.0,0.0,0.0,0.0,-0.133531391620636,0.6931471824645996,0.0,0.0,0.0,0.0,0.0,0.0,0.0,0.0,0.5139358043670654,1.2089414596557617,0.663200318813324
5.699999809265137,3.25,3.75,1.2000000476837158,0.0,0.44999998807907104,0.4000000059604645,0.0,0.8500000238418579,0.0,-0.7908821702003479,-0.8679298758506775,0.0,0.0,0.0,0.0,0.24686004221439362,-1.1086626052856445,0.0,0.0,0.0,0.0,0.0,0.0,0.0,0.0,0.0,0.0,0.0,0.0,1.0149415731430054,1.120613694190979,1.0867767333984375
5.699999809265137,3.25,3.75,1.2000000476837158,0.0,0.44999998807907104,0.4000000059604645,0.0,0.8500000238418579,0.0,-0.7908821702003479,0.42486825585365295,0.0,0.0,0.0,0.0,0.24686004221439362,-1.1086626052856445,0.0,0.0,0.0,0.0,0.0,0.0,0.0,0.0,0.0,0.0,0.0,0.0,1.5115159749984741,0.4517676830291748,1.1645338535308838
5.699999809265137,3.25,3.75,1.2000000476837158,0.0,0.44999998807907104,0.4000000059604645,0.0,0.8500000238418579,0.0,-0.7908821702003479,0.7480677962303162,0.0,0.0,0.0,0.0,0.24686004221439362,-1.1086626052856445,0.0,0.0,0.0,0.0,0.0,0.0,0.0,0.0,0.0,0.0,0.0,0.0,1.4158990383148193,0.6328830718994141,1.1940293312072754
5.699999809265137,3.25,3.75,1.2000000476837158,0.0,0.44999998807907104,0.4000000059604645,0.0,0.8500000238418579,0.0,-0.7908821702003479,1.0712673664093018,0.0,0.0,0.0,0.0,0.24686004221439362,-1.1086626052856445,0.0,0.0,0.0,0.0,0.0,0.0,0.0,0.0,0.0,0.0,0.0,0.0,1.2981520891189575,0.7643259763717651,1.2057737112045288
5.699999809265137,3.25,3.75,1.2000000476837158,0.0,0.44999998807907104,0.4000000059604645,0.0,0.8500000238418579,0.0,-0.7908821702003479,1.7176663875579834,0.0,0.0,0.0,0.0,0.24686004221439362,-1.1086626052856445,0.0,0.0,0.0,0.0,0.0,0.0,0.0,0.0,0.0,0.0,0.0,0.0,1.509558916091919,0.8325990438461304,1.2590614557266235
5.699999809265137,3.25,3.75,1.2000000476837158,0.0,0.44999998807907104,0.4000000059604645,0.0,0.8500000238418579,0.0,0.7233843207359314,-0.8679298758506775,0.0,0.0,0.0,0.0,0.24686004221439362,-1.1086626052856445,0.0,0.0,0.0,0.0,0.0,0.0,0.0,0.0,0.0,0.0,0.0,0.0,0.4691700041294098,1.3226310014724731,0.757011353969574
5.699999809265137,3.25,3.75,1.2000000476837158,0.0,0.44999998807907104,0.4000000059604645,0.0,0.8500000238418579,0.0,1.18931245803833,-0.8679298758506775,0.0,0.0,0.0,0.0,0.24686004221439362,-1.1086626052856445,0.0,0.0,0.0,0.0,0.0,0.0,0.0,0.0,0.0,0.0,0.0,0.0,0.4747074842453003,1.1985576152801514,0.6985138654708862
5.699999809265137,3.25,3.75,1.2000000476837158,0.0,0.44999998807907104,0.4000000059604645,0.0,0.8500000238418579,0.0,1.6552406549453735,-0.8679298758506775,0.0,0.0,0.0,0.0,0.24686004221439362,-1.1086626052856445,0.0,0.0,0.0,0.0,0.0,0.0,0.0,0.0,0.0,0.0,0.0,0.0,0.48193269968032837,1.5223788022994995,0.6852505207061768
5.699999809265137,3.25,3.75,1.2000000476837158,0.0,0.44999998807907104,0.4000000059604645,0.0,0.8500000238418579,0.0,-0.7908821702003479,-0.8679298758506775,0.31845372915267944,-0.6931471824645996,0.0,0.0,0.0,0.0,0.0,0.0,0.0,0.0,0.0,0.0,0.0,0.0,0.0,0.0,0.0,0.0,1.0242666006088257,0.6519168019294739,1.0897785425186157
5.699999809265137,3.25,3.75,1.2000000476837158,0.0,0.44999998807907104,0.4000000059604645,0.0,0.8500000238418579,0.0,-0.7908821702003479,0.42486825585365295,0.31845372915267944,-0.6931471824645996,0.0,0.0,0.0,0.0,0.0,0.0,0.0,0.0,0.0,0.0,0.0,0.0,0.0,0.0,0.0,0.0,1.3995704650878906,0.5792619585990906,1.1822319030761719
5.699999809265137,3.25,3.75,1.2000000476837158,0.0,0.44999998807907104,0.4000000059604645,0.0,0.8500000238418579,0.0,-0.7908821702003479,1.0712673664093018,0.31845372915267944,-0.6931471824645996,0.0,0.0,0.0,0.0,0.0,0.0,0.0,0.0,0.0,0.0,0.0,0.0,0.0,0.0,0.0,0.0,1.4754332304000854,0.5387709140777588,1.2492023706436157
5.699999809265137,3.25,3.75,1.2000000476837158,0.0,0.44999998807907104,0.4000000059604645,0.0,0.8500000238418579,0.0,-0.7908821702003479,1.3944668769836426,0.31845372915267944,-0.6931471824645996,0.0,0.0,0.0,0.0,0.0,0.0,0.0,0.0,0.0,0.0,0.0,0.0,0.0,0.0,0.0,0.0,1.5169546604156494,0.3989877998828888,1.2578043937683105
5.699999809265137,3.25,3.75,1.2000000476837158,0.0,0.44999998807907104,0.4000000059604645,0.0,0.8500000238418579,0.0,0.7233843207359314,-0.8679298758506775,0.31845372915267944,-0.6931471824645996,0.0,0.0,0.0,0.0,0.0,0.0,0.0,0.0,0.0,0.0,0.0,0.0,0.0,0.0,0.0,0.0,0.6734189391136169,0.6757000088691711,0.7436192631721497
5.699999809265137,3.25,3.75,1.2000000476837158,0.0,0.44999998807907104,0.4000000059604645,0.0,0.8500000238418579,0.0,1.18931245803833,-0.8679298758506775,0.31845372915267944,-0.6931471824645996,0.0,0.0,0.0,0.0,0.0,0.0,0.0,0.0,0.0,0.0,0.0,0.0,0.0,0.0,0.0,0.0,0.6199456453323364,0.6511628031730652,0.7906479239463806
5.699999809265137,3.25,3.75,1.2000000476837158,0.0,0.44999998807907104,0.4000000059604645,0.0,0.8500000238418579,0.0,1.6552406549453735,-0.8679298758506775,0.31845372915267944,-0.6931471824645996,0.0,0.0,0.0,0.0,0.0,0.0,0.0,0.0,0.0,0.0,0.0,0.0,0.0,0.0,0.0,0.0,0.5543217062950134,0.782988429069519,0.7256104350090027
5.699999809265137,3.25,3.75,1.2000000476837158,0.0,0.44999998807907104,0.4000000059604645,0.0,0.8500000238418579,0.0,-0.7908821702003479,-0.8679298758506775,0.0,0.0,0.31845372915267944,-0.6931471824645996,0.0,0.0,0.0,0.0,0.0,0.0,0.0,0.0,0.0,0.0,0.0,0.0,0.0,0.0,1.0118213891983032,0.8378088474273682,0.9972937703132629
5.699999809265137,3.25,3.75,1.2000000476837158,0.0,0.44999998807907104,0.4000000059604645,0.0,0.8500000238418579,0.0,-0.7908821702003479,0.42486825585365295,0.0,0.0,0.31845372915267944,-0.6931471824645996,0.0,0.0,0.0,0.0,0.0,0.0,0.0,0.0,0.0,0.0,0.0,0.0,0.0,0.0,1.195538878440857,0.5233842134475708,1.111797571182251
5.699999809265137,3.25,3.75,1.2000000476837158,0.0,0.44999998807907104,0.4000000059604645,0.0,0.8500000238418579,0.0,-0.7908821702003479,1.0712673664093018,0.0,0.0,0.31845372915267944,-0.6931471824645996,0.0,0.0,0.0,0.0,0.0,0.0,0.0,0.0,0.0,0.0,0.0,0.0,0.0,0.0,1.2741270065307617,0.612122654914856,1.112181305885315
5.699999809265137,3.25,3.75,1.2000000476837158,0.0,0.44999998807907104,0.4000000059604645,0.0,0.8500000238418579,0.0,-0.7908821702003479,1.7176663875579834,0.0,0.0,0.31845372915267944,-0.6931471824645996,0.0,0.0,0.0,0.0,0.0,0.0,0.0,0.0,0.0,0.0,0.0,0.0,0.0,0.0,1.3984251022338867,0.579207181930542,1.1364610195159912
5.699999809265137,3.25,3.75,1.2000000476837158,0.0,0.44999998807907104,0.4000000059604645,0.0,0.8500000238418579,0.0,0.7233843207359314,-0.8679298758506775,0.0,0.0,0.31845372915267944,-0.6931471824645996,0.0,0.0,0.0,0.0,0.0,0.0,0.0,0.0,0.0,0.0,0.0,0.0,0.0,0.0,0.5125710964202881,0.9707165360450745,0.6304884552955627
5.699999809265137,3.25,3.75,1.2000000476837158,0.0,0.44999998807907104,0.4000000059604645,0.0,0.8500000238418579,0.0,1.18931245803833,-0.8679298758506775,0.0,0.0,0.31845372915267944,-0.6931471824645996,0.0,0.0,0.0,0.0,0.0,0.0,0.0,0.0,0.0,0.0,0.0,0.0,0.0,0.0,0.5069425106048584,0.8284713625907898,0.5633432865142822
5.699999809265137,3.25,3.75,1.2000000476837158,0.0,0.44999998807907104,0.4000000059604645,0.0,0.8500000238418579,0.0,1.6552406549453735,-0.8679298758506775,0.0,0.0,0.31845372915267944,-0.6931471824645996,0.0,0.0,0.0,0.0,0.0,0.0,0.0,0.0,0.0,0.0,0.0,0.0,0.0,0.0,0.42841482162475586,1.4046353101730347,0.5415147542953491
5.699999809265137,3.25,3.75,1.2000000476837158,0.0,0.44999998807907104,0.4000000059604645,0.0,0.8500000238418579,0.0,-0.7908821702003479,-0.8679298758506775,0.0,0.0,0.0,0.0,0.31845372915267944,-0.6931471824645996,0.0,0.0,0.0,0.0,0.0,0.0,0.0,0.0,0.0,0.0,0.0,0.0,0.9597901701927185,0.8342099785804749,0.9290838837623596
5.699999809265137,3.25,3.75,1.2000000476837158,0.0,0.44999998807907104,0.4000000059604645,0.0,0.8500000238418579,0.0,-0.7908821702003479,0.42486825585365295,0.0,0.0,0.0,0.0,0.31845372915267944,-0.6931471824645996,0.0,0.0,0.0,0.0,0.0,0.0,0.0,0.0,0.0,0.0,0.0,0.0,1.302186131477356,0.4626598358154297,1.073752760887146
5.699999809265137,3.25,3.75,1.2000000476837158,0.0,0.44999998807907104,0.4000000059604645,0.0,0.8500000238418579,0.0,-0.7908821702003479,1.0712673664093018,0.0,0.0,0.0,0.0,0.31845372915267944,-0.6931471824645996,0.0,0.0,0.0,0.0,0.0,0.0,0.0,0.0,0.0,0.0,0.0,0.0,1.3925397396087646,0.5658482313156128,1.126833438873291
5.699999809265137,3.25,3.75,1.2000000476837158,0.0,0.44999998807907104,0.4000000059604645,0.0,0.8500000238418579,0.0,-0.7908821702003479,1.7176663875579834,0.0,0.0,0.0,0.0,0.31845372915267944,-0.6931471824645996,0.0,0.0,0.0,0.0,0.0,0.0,0.0,0.0,0.0,0.0,0.0,0.0,1.3843361139297485,0.4625883102416992,1.1163684129714966
5.699999809265137,3.25,3.75,1.2000000476837158,0.0,0.44999998807907104,0.4000000059604645,0.0,0.8500000238418579,0.0,0.7233843207359314,-0.8679298758506775,0.0,0.0,0.0,0.0,0.31845372915267944,-0.6931471824645996,0.0,0.0,0.0,0.0,0.0,0.0,0.0,0.0,0.0,0.0,0.0,0.0,0.5195643901824951,0.9352618455886841,0.5804054737091064
5.699999809265137,3.25,3.75,1.2000000476837158,0.0,0.44999998807907104,0.4000000059604645,0.0,0.8500000238418579,0.0,1.18931245803833,-0.8679298758506775,0.0,0.0,0.0,0.0,0.31845372915267944,-0.6931471824645996,0.0,0.0,0.0,0.0,0.0,0.0,0.0,0.0,0.0,0.0,0.0,0.0,0.4399431049823761,1.1136728525161743,0.544521689414978
5.699999809265137,3.25,3.75,1.2000000476837158,0.0,0.44999998807907104,0.4000000059604645,0.0,0.8500000238418579,0.0,1.6552406549453735,-0.8679298758506775,0.0,0.0,0.0,0.0,0.31845372915267944,-0.6931471824645996,0.0,0.0,0.0,0.0,0.0,0.0,0.0,0.0,0.0,0.0,0.0,0.0,0.4658649265766144,1.2374616861343384,0.5383307337760925
5.699999809265137,3.25,3.75,1.2000000476837158,0.0,0.44999998807907104,0.4000000059604645,0.0,0.8500000238418579,0.0,-0.7908821702003479,-0.8679298758506775,0.0,0.0,0.24294616281986237,-0.6931471824645996,0.0,0.0,0.0,0.0,0.0,0.0,0.0,0.0,0.0,0.0,0.0,0.0,0.0,0.0,1.028605580329895,0.9340218901634216,1.0949478149414062
5.699999809265137,3.25,3.75,1.2000000476837158,0.0,0.44999998807907104,0.4000000059604645,0.0,0.8500000238418579,0.0,-0.7908821702003479,0.42486825585365295,0.0,0.0,0.24294616281986237,-0.6931471824645996,0.0,0.0,0.0,0.0,0.0,0.0,0.0,0.0,0.0,0.0,0.0,0.0,0.0,0.0,1.250723123550415,0.471807599067688,1.1884719133377075
5.699999809265137,3.25,3.75,1.2000000476837158,0.0,0.44999998807907104,0.4000000059604645,0.0,0.8500000238418579,0.0,-0.7908821702003479,1.0712673664093018,0.0,0.0,0.24294616281986237,-0.6931471824645996,0.0,0.0,0.0,0.0,0.0,0.0,0.0,0.0,0.0,0.0,0.0,0.0,0.0,0.0,1.4365456104278564,0.7810478210449219,1.2435272932052612
5.699999809265137,3.25,3.75,1.2000000476837158,0.0,0.44999998807907104,0.4000000059604645,0.0,0.8500000238418579,0.0,-0.7908821702003479,1.7176663875579834,0.0,0.0,0.24294616281986237,-0.6931471824645996,0.0,0.0,0.0,0.0,0.0,0.0,0.0,0.0,0.0,0.0,0.0,0.0,0.0,0.0,1.5110540390014648,0.7871981859207153,1.2944896221160889
5.699999809265137,3.25,3.75,1.2000000476837158,0.0,0.44999998807907104,0.4000000059604645,0.0,0.8500000238418579,0.0,0.7233843207359314,-0.8679298758506775,0.0,0.0,0.24294616281986237,-0.6931471824645996,0.0,0.0,0.0,0.0,0.0,0.0,0.0,0.0,0.0,0.0,0.0,0.0,0.0,0.0,0.5203099250793457,1.0914469957351685,0.7626664638519287
5.699999809265137,3.25,3.75,1.2000000476837158,0.0,0.44999998807907104,0.4000000059604645,0.0,0.8500000238418579,0.0,1.18931245803833,-0.8679298758506775,0.0,0.0,0.24294616281986237,-0.6931471824645996,0.0,0.0,0.0,0.0,0.0,0.0,0.0,0.0,0.0,0.0,0.0,0.0,0.0,0.0,0.48174843192100525,1.0314196348190308,0.7350850105285645
5.699999809265137,3.25,3.75,1.2000000476837158,0.0,0.44999998807907104,0.4000000059604645,0.0,0.8500000238418579,0.0,1.6552406549453735,-0.8679298758506775,0.0,0.0,0.24294616281986237,-0.6931471824645996,0.0,0.0,0.0,0.0,0.0,0.0,0.0,0.0,0.0,0.0,0.0,0.0,0.0,0.0,0.4624190032482147,1.1521857976913452,0.6883968710899353
5.0,0.0,0.0,0.0,2.0,0.0,0.0,3.0,0.0,2.0,-0.7908821702003479,-0.8679298758506775,0.0,0.0,-0.10536054521799088,0.0,0.0,0.0,0.0,0.0,-0.4307829737663269,1.3862943649291992,0.0,0.0,0.0,0.0,0.0,0.0,0.0,0.0,1.128991723060608,1.267051339149475,1.14145827293396
5.0,0.0,0.0,0.0,2.0,0.0,0.0,3.0,0.0,2.0,-0.7908821702003479,0.42486825585365295,0.0,0.0,-0.10536054521799088,0.0,0.0,0.0,0.0,0.0,-0.4307829737663269,1.3862943649291992,0.0,0.0,0.0,0.0,0.0,0.0,0.0,0.0,1.3972885608673096,0.7462866902351379,1.3373087644577026
5.0,0.0,0.0,0.0,2.0,0.0,0.0,3.0,0.0,2.0,-0.7908821702003479,0.7480677962303162,0.0,0.0,-0.10536054521799088,0.0,0.0,0.0,0.0,0.0,-0.4307829737663269,1.3862943649291992,0.0,0.0,0.0,0.0,0.0,0.0,0.0,0.0,1.7190927267074585,0.726037323474884,1.4156309366226196
5.0,0.0,0.0,0.0,2.0,0.0,0.0,3.0,0.0,2.0,-0.7908821702003479,1.7176663875579834,0.0,0.0,-0.10536054521799088,0.0,0.0,0.0,0.0,0.0,-0.4307829737663269,1.3862943649291992,0.0,0.0,0.0,0.0,0.0,0.0,0.0,0.0,1.8841464519500732,0.6087637543678284,1.4668080806732178
5.0,0.0,0.0,0.0,2.0,0.0,0.0,3.0,0.0,2.0,0.7233843207359314,-0.8679298758506775,0.0,0.0,-0.10536054521799088,0.0,0.0,0.0,0.0,0.0,-0.4307829737663269,1.3862943649291992,0.0,0.0,0.0,0.0,0.0,0.0,0.0,0.0,0.8029823303222656,0.7576083540916443,1.0157153606414795
5.0,0.0,0.0,0.0,2.0,0.0,0.0,3.0,0.0,2.0,1.18931245803833,-0.8679298758506775,0.0,0.0,-0.10536054521799088,0.0,0.0,0.0,0.0,0.0,-0.4307829737663269,1.3862943649291992,0.0,0.0,0.0,0.0,0.0,0.0,0.0,0.0,0.682555615901947,1.2400718927383423,0.9172639846801758
5.0,0.0,0.0,0.0,2.0,0.0,0.0,3.0,0.0,2.0,1.6552406549453735,-0.8679298758506775,0.0,0.0,-0.10536054521799088,0.0,0.0,0.0,0.0,0.0,-0.4307829737663269,1.3862943649291992,0.0,0.0,0.0,0.0,0.0,0.0,0.0,0.0,0.544708788394928,1.8073207139968872,0.7557413578033447
5.0,0.0,0.0,0.0,2.0,0.0,0.0,3.0,0.0,2.0,-0.7908821702003479,-0.8679298758506775,0.0,0.0,0.0,0.0,0.0,0.0,0.0,0.0,-0.4307829737663269,1.3862943649291992,0.0,0.0,0.0,0.0,0.0,0.0,0.0,0.0,1.1833724975585938,1.0401021242141724,1.1498198509216309
5.0,0.0,0.0,0.0,2.0,0.0,0.0,3.0,0.0,2.0,-0.7908821702003479,0.42486825585365295,0.0,0.0,0.0,0.0,0.0,0.0,0.0,0.0,-0.4307829737663269,1.3862943649291992,0.0,0.0,0.0,0.0,0.0,0.0,0.0,0.0,1.3624072074890137,0.8886777758598328,1.3033074140548706
5.0,0.0,0.0,0.0,2.0,0.0,0.0,3.0,0.0,2.0,-0.7908821702003479,1.0712673664093018,0.0,0.0,0.0,0.0,0.0,0.0,0.0,0.0,-0.4307829737663269,1.3862943649291992,0.0,0.0,0.0,0.0,0.0,0.0,0.0,0.0,1.7877686023712158,0.7464298009872437,1.4138157367706299
5.0,0.0,0.0,0.0,2.0,0.0,0.0,3.0,0.0,2.0,-0.7908821702003479,1.7176663875579834,0.0,0.0,0.0,0.0,0.0,0.0,0.0,0.0,-0.4307829737663269,1.3862943649291992,0.0,0.0,0.0,0.0,0.0,0.0,0.0,0.0,1.8858282566070557,0.7080689072608948,1.507459044456482
5.0,0.0,0.0,0.0,2.0,0.0,0.0,3.0,0.0,2.0,0.7233843207359314,-0.8679298758506775,0.0,0.0,0.0,0.0,0.0,0.0,0.0,0.0,-0.4307829737663269,1.3862943649291992,0.0,0.0,0.0,0.0,0.0,0.0,0.0,0.0,0.76982581615448,0.6606007218360901,0.9947741031646729
5.0,0.0,0.0,0.0,2.0,0.0,0.0,3.0,0.0,2.0,1.18931245803833,-0.8679298758506775,0.0,0.0,0.0,0.0,0.0,0.0,0.0,0.0,-0.4307829737663269,1.3862943649291992,0.0,0.0,0.0,0.0,0.0,0.0,0.0,0.0,0.78466796875,1.1860624551773071,1.0000946521759033
5.0,0.0,0.0,0.0,2.0,0.0,0.0,3.0,0.0,2.0,1.6552406549453735,-0.8679298758506775,0.0,0.0,0.0,0.0,0.0,0.0,0.0,0.0,-0.4307829737663269,1.3862943649291992,0.0,0.0,0.0,0.0,0.0,0.0,0.0,0.0,0.5927817225456238,1.8168760538101196,0.7016260623931885
5.0,0.0,0.0,0.0,2.0,0.0,0.0,3.0,0.0,2.0,-0.7908821702003479,-0.8679298758506775,0.0,0.0,0.0606246218085289,0.0,0.0,0.0,0.0,0.0,-0.4307829737663269,1.3862943649291992,0.0,0.0,0.0,0.0,0.0,0.0,0.0,0.0,1.11656653881073,0.7003046274185181,1.135085940361023
5.0,0.0,0.0,0.0,2.0,0.0,0.0,3.0,0.0,2.0,-0.7908821702003479,0.42486825585365295,0.0,0.0,0.0606246218085289,0.0,0.0,0.0,0.0,0.0,-0.4307829737663269,1.3862943649291992,0.0,0.0,0.0,0.0,0.0,0.0,0.0,0.0,1.405392050743103,0.583142101764679,1.3204433917999268
5.0,0.0,0.0,0.0,2.0,0.0,0.0,3.0,0.0,2.0,-0.7908821702003479,1.0712673664093018,0.0,0.0,0.0606246218085289,0.0,0.0,0.0,0.0,0.0,-0.4307829737663269,1.3862943649291992,0.0,0.0,0.0,0.0,0.0,0.0,0.0,0.0,1.8530128002166748,0.567574679851532,1.4614174365997314
5.0,0.0,0.0,0.0,2.0,0.0,0.0,3.0,0.0,2.0,-0.7908821702003479,1.7176663875579834,0.0,0.0,0.0606246218085289,0.0,0.0,0.0,0.0,0.0,-0.4307829737663269,1.3862943649291992,0.0,0.0,0.0,0.0,0.0,0.0,0.0,0.0,1.7548965215682983,0.6105048656463623,1.5033986568450928
5.0,0.0,0.0,0.0,2.0,0.0,0.0,3.0,0.0,2.0,0.7233843207359314,-0.8679298758506775,0.0,0.0,0.0606246218085289,0.0,0.0,0.0,0.0,0.0,-0.4307829737663269,1.3862943649291992,0.0,0.0,0.0,0.0,0.0,0.0,0.0,0.0,0.8094475865364075,0.5347030758857727,0.9670110940933228
5.0,0.0,0.0,0.0,2.0,0.0,0.0,3.0,0.0,2.0,1.18931245803833,-0.8679298758506775,0.0,0.0,0.0606246218085289,0.0,0.0,0.0,0.0,0.0,-0.4307829737663269,1.3862943649291992,0.0,0.0,0.0,0.0,0.0,0.0,0.0,0.0,0.7571107149124146,1.0364444255828857,0.9302146434783936
5.0,0.0,0.0,0.0,2.0,0.0,0.0,3.0,0.0,2.0,1.6552406549453735,-0.8679298758506775,0.0,0.0,0.0606246218085289,0.0,0.0,0.0,0.0,0.0,-0.4307829737663269,1.3862943649291992,0.0,0.0,0.0,0.0,0.0,0.0,0.0,0.0,0.5991848707199097,1.8145289421081543,0.748824417591095
5.0,0.0,0.0,0.0,2.0,0.0,0.0,3.0,0.0,2.0,-0.7908821702003479,-0.8679298758506775,0.0,0.0,0.11778303980827332,0.0,0.0,0.0,0.0,0.0,-0.4307829737663269,1.3862943649291992,0.0,0.0,0.0,0.0,0.0,0.0,0.0,0.0,1.071194052696228,0.9927424192428589,1.1158924102783203
5.0,0.0,0.0,0.0,2.0,0.0,0.0,3.0,0.0,2.0,-0.7908821702003479,0.42486825585365295,0.0,0.0,0.11778303980827332,0.0,0.0,0.0,0.0,0.0,-0.4307829737663269,1.3862943649291992,0.0,0.0,0.0,0.0,0.0,0.0,0.0,0.0,1.350168228149414,0.5360177755355835,1.3055851459503174
5.0,0.0,0.0,0.0,2.0,0.0,0.0,3.0,0.0,2.0,-0.7908821702003479,1.0712673664093018,0.0,0.0,0.11778303980827332,0.0,0.0,0.0,0.0,0.0,-0.4307829737663269,1.3862943649291992,0.0,0.0,0.0,0.0,0.0,0.0,0.0,0.0,1.763390064239502,0.5438238978385925,1.4495903253555298
5.0,0.0,0.0,0.0,2.0,0.0,0.0,3.0,0.0,2.0,-0.7908821702003479,1.7176663875579834,0.0,0.0,0.11778303980827332,0.0,0.0,0.0,0.0,0.0,-0.4307829737663269,1.3862943649291992,0.0,0.0,0.0,0.0,0.0,0.0,0.0,0.0,1.0752639770507812,0.6241973042488098,0.84003084897995
5.0,0.0,0.0,0.0,2.0,0.0,0.0,3.0,0.0,2.0,0.7233843207359314,-0.8679298758506775,0.0,0.0,0.11778303980827332,0.0,0.0,0.0,0.0,0.0,-0.4307829737663269,1.3862943649291992,0.0,0.0,0.0,0.0,0.0,0.0,0.0,0.0,0.7842638492584229,0.7220826148986816,0.9954858422279358
5.0,0.0,0.0,0.0,2.0,0.0,0.0,3.0,0.0,2.0,1.18931245803833,-0.8679298758506775,0.0,0.0,0.11778303980827332,0.0,0.0,0.0,0.0,0.0,-0.4307829737663269,1.3862943649291992,0.0,0.0,0.0,0.0,0.0,0.0,0.0,0.0,0.7365097999572754,1.4182268381118774,1.0701133012771606
5.0,0.0,0.0,0.0,2.0,0.0,0.0,3.0,0.0,2.0,1.6552406549453735,-0.8679298758506775,0.0,0.0,0.11778303980827332,0.0,0.0,0.0,0.0,0.0,-0.4307829737663269,1.3862943649291992,0.0,0.0,0.0,0.0,0.0,0.0,0.0,0.0,0.6316414475440979,1.7853260040283203,0.7776094079017639
3.0,0.0,0.0,5.0,0.0,0.0,0.0,4.5,0.0,0.0,-0.7908821702003479,-0.8679298758506775,0.11778303980827332,0.6931471824645996,0.0,0.0,0.0,0.0,0.0,0.0,0.0,0.0,0.0,0.0,0.0,0.0,0.0,0.0,0.0,0.0,0.5333335399627686,2.7207436561584473,0.9262664318084717
3.0,0.0,0.0,5.0,0.0,0.0,0.0,4.5,0.0,0.0,-0.7908821702003479,0.42486825585365295,0.11778303980827332,0.6931471824645996,0.0,0.0,0.0,0.0,0.0,0.0,0.0,0.0,0.0,0.0,0.0,0.0,0.0,0.0,0.0,0.0,0.7446934580802917,0.7061420679092407,1.084189534187317
3.0,0.0,0.0,5.0,0.0,0.0,0.0,4.5,0.0,0.0,-0.7908821702003479,1.0712673664093018,0.11778303980827332,0.6931471824645996,0.0,0.0,0.0,0.0,0.0,0.0,0.0,0.0,0.0,0.0,0.0,0.0,0.0,0.0,0.0,0.0,0.8539929389953613,0.5187160968780518,1.1016743183135986
3.0,0.0,0.0,5.0,0.0,0.0,0.0,4.5,0.0,0.0,-0.7908821702003479,1.7176663875579834,0.11778303980827332,0.6931471824645996,0.0,0.0,0.0,0.0,0.0,0.0,0.0,0.0,0.0,0.0,0.0,0.0,0.0,0.0,0.0,0.0,0.6710754036903381,0.5703014731407166,0.6571065187454224
3.0,0.0,0.0,5.0,0.0,0.0,0.0,4.5,0.0,0.0,0.7233843207359314,-0.8679298758506775,0.11778303980827332,0.6931471824645996,0.0,0.0,0.0,0.0,0.0,0.0,0.0,0.0,0.0,0.0,0.0,0.0,0.0,0.0,0.0,0.0,0.35066306591033936,0.688651442527771,0.855728030204773
3.0,0.0,0.0,5.0,0.0,0.0,0.0,4.5,0.0,0.0,1.18931245803833,-0.8679298758506775,0.11778303980827332,0.6931471824645996,0.0,0.0,0.0,0.0,0.0,0.0,0.0,0.0,0.0,0.0,0.0,0.0,0.0,0.0,0.0,0.0,0.37532925605773926,0.5799583792686462,0.8199239373207092
3.0,0.0,0.0,5.0,0.0,0.0,0.0,4.5,0.0,0.0,1.6552406549453735,-0.8679298758506775,0.11778303980827332,0.6931471824645996,0.0,0.0,0.0,0.0,0.0,0.0,0.0,0.0,0.0,0.0,0.0,0.0,0.0,0.0,0.0,0.0,0.8858416676521301,0.5811496376991272,0.8123731017112732
3.0,0.0,0.0,5.0,0.0,0.0,0.0,4.5,0.0,0.0,-0.7908821702003479,-0.8679298758506775,0.0,0.0,0.0,0.0,0.11778303980827332,0.6931471824645996,0.0,0.0,-0.37469345331192017,-0.6931471824645996,0.0,0.0,0.0,0.0,0.0,0.0,0.0,0.0,0.7500656843185425,2.760910749435425,0.8330254554748535
3.0,0.0,0.0,5.0,0.0,0.0,0.0,4.5,0.0,0.0,-0.7908821702003479,0.42486825585365295,0.0,0.0,0.0,0.0,0.11778303980827332,0.6931471824645996,0.0,0.0,-0.37469345331192017,-0.6931471824645996,0.0,0.0,0.0,0.0,0.0,0.0,0.0,0.0,1.030389666557312,0.8725826740264893,1.0098377466201782
3.0,0.0,0.0,5.0,0.0,0.0,0.0,4.5,0.0,0.0,-0.7908821702003479,1.0712673664093018,0.0,0.0,0.0,0.0,0.11778303980827332,0.6931471824645996,0.0,0.0,-0.37469345331192017,-0.6931471824645996,0.0,0.0,0.0,0.0,0.0,0.0,0.0,0.0,1.2140069007873535,1.0998501777648926,1.049456238746643
3.0,0.0,0.0,5.0,0.0,0.0,0.0,4.5,0.0,0.0,-0.7908821702003479,1.7176663875579834,0.0,0.0,0.0,0.0,0.11778303980827332,0.6931471824645996,0.0,0.0,-0.37469345331192017,-0.6931471824645996,0.0,0.0,0.0,0.0,0.0,0.0,0.0,0.0,0.8204300403594971,0.8733698725700378,0.6212589740753174
3.0,0.0,0.0,5.0,0.0,0.0,0.0,4.5,0.0,0.0,0.7233843207359314,-0.8679298758506775,0.0,0.0,0.0,0.0,0.11778303980827332,0.6931471824645996,0.0,0.0,-0.37469345331192017,-0.6931471824645996,0.0,0.0,0.0,0.0,0.0,0.0,0.0,0.0,0.5101978778839111,1.2785847187042236,0.8659018278121948
3.0,0.0,0.0,5.0,0.0,0.0,0.0,4.5,0.0,0.0,1.18931245803833,-0.8679298758506775,0.0,0.0,0.0,0.0,0.11778303980827332,0.6931471824645996,0.0,0.0,-0.37469345331192017,-0.6931471824645996,0.0,0.0,0.0,0.0,0.0,0.0,0.0,0.0,0.47849923372268677,2.2065067291259766,1.3640930652618408
3.0,0.0,0.0,5.0,0.0,0.0,0.0,4.5,0.0,0.0,1.6552406549453735,-0.8679298758506775,0.0,0.0,0.0,0.0,0.11778303980827332,0.6931471824645996,0.0,0.0,-0.37469345331192017,-0.6931471824645996,0.0,0.0,0.0,0.0,0.0,0.0,0.0,0.0,0.4169325530529022,1.8841472864151,0.697126567363739
3.0,0.0,0.0,5.0,0.0,0.0,0.0,4.5,0.0,0.0,-0.7908821702003479,-0.8679298758506775,0.0,0.0,0.0,0.0,0.0606246218085289,0.6931471824645996,0.0,0.0,-0.37469345331192017,-0.6931471824645996,0.0,0.0,0.0,0.0,0.0,0.0,0.0,0.0,0.7944338321685791,2.723886251449585,0.8328759670257568
3.0,0.0,0.0,5.0,0.0,0.0,0.0,4.5,0.0,0.0,-0.7908821702003479,0.42486825585365295,0.0,0.0,0.0,0.0,0.0606246218085289,0.6931471824645996,0.0,0.0,-0.37469345331192017,-0.6931471824645996,0.0,0.0,0.0,0.0,0.0,0.0,0.0,0.0,1.076716423034668,1.1144442558288574,0.9940725564956665
3.0,0.0,0.0,5.0,0.0,0.0,0.0,4.5,0.0,0.0,-0.7908821702003479,1.0712673664093018,0.0,0.0,0.0,0.0,0.0606246218085289,0.6931471824645996,0.0,0.0,-0.37469345331192017,-0.6931471824645996,0.0,0.0,0.0,0.0,0.0,0.0,0.0,0.0,1.2233623266220093,0.928989589214325,1.0505326986312866
3.0,0.0,0.0,5.0,0.0,0.0,0.0,4.5,0.0,0.0,-0.7908821702003479,1.7176663875579834,0.0,0.0,0.0,0.0,0.0606246218085289,0.6931471824645996,0.0,0.0,-0.37469345331192017,-0.6931471824645996,0.0,0.0,0.0,0.0,0.0,0.0,0.0,0.0,0.828630805015564,0.881104588508606,0.6388503909111023
3.0,0.0,0.0,5.0,0.0,0.0,0.0,4.5,0.0,0.0,0.7233843207359314,-0.8679298758506775,0.0,0.0,0.0,0.0,0.0606246218085289,0.6931471824645996,0.0,0.0,-0.37469345331192017,-0.6931471824645996,0.0,0.0,0.0,0.0,0.0,0.0,0.0,0.0,0.4898868799209595,1.3525629043579102,0.8769080638885498
3.0,0.0,0.0,5.0,0.0,0.0,0.0,4.5,0.0,0.0,1.18931245803833,-0.8679298758506775,0.0,0.0,0.0,0.0,0.0606246218085289,0.6931471824645996,0.0,0.0,-0.37469345331192017,-0.6931471824645996,0.0,0.0,0.0,0.0,0.0,0.0,0.0,0.0,0.4785758852958679,2.2485544681549072,1.3686338663101196
3.0,0.0,0.0,5.0,0.0,0.0,0.0,4.5,0.0,0.0,1.6552406549453735,-0.8679298758506775,0.0,0.0,0.0,0.0,0.0606246218085289,0.6931471824645996,0.0,0.0,-0.37469345331192017,-0.6931471824645996,0.0,0.0,0.0,0.0,0.0,0.0,0.0,0.0,0.43134987354278564,1.7385345697402954,0.6625908017158508
3.0,0.0,0.0,5.0,0.0,0.0,0.0,4.5,0.0,0.0,-0.7908821702003479,-0.8679298758506775,0.0,0.0,0.11778303980827332,0.6931471824645996,0.0,0.0,0.0,0.0,0.0,0.0,0.0,0.0,0.0,0.0,0.0,0.0,0.0,0.0,1.156202793121338,0.5255530476570129,1.0977059602737427
3.0,0.0,0.0,5.0,0.0,0.0,0.0,4.5,0.0,0.0,-0.7908821702003479,0.42486825585365295,0.0,0.0,0.11778303980827332,0.6931471824645996,0.0,0.0,0.0,0.0,0.0,0.0,0.0,0.0,0.0,0.0,0.0,0.0,0.0,0.0,1.2736443281173706,0.26578009128570557,1.217902660369873
3.0,0.0,0.0,5.0,0.0,0.0,0.0,4.5,0.0,0.0,-0.7908821702003479,1.0712673664093018,0.0,0.0,0.11778303980827332,0.6931471824645996,0.0,0.0,0.0,0.0,0.0,0.0,0.0,0.0,0.0,0.0,0.0,0.0,0.0,0.0,1.4948445558547974,0.2134990394115448,1.2367678880691528
3.0,0.0,0.0,5.0,0.0,0.0,0.0,4.5,0.0,0.0,-0.7908821702003479,1.7176663875579834,0.0,0.0,0.11778303980827332,0.6931471824645996,0.0,0.0,0.0,0.0,0.0,0.0,0.0,0.0,0.0,0.0,0.0,0.0,0.0,0.0,0.9701966047286987,0.24193701148033142,0.8169142007827759
3.0,0.0,0.0,5.0,0.0,0.0,0.0,4.5,0.0,0.0,0.7233843207359314,-0.8679298758506775,0.0,0.0,0.11778303980827332,0.6931471824645996,0.0,0.0,0.0,0.0,0.0,0.0,0.0,0.0,0.0,0.0,0.0,0.0,0.0,0.0,0.856168270111084,0.30339112877845764,0.9370826482772827
3.0,0.0,0.0,5.0,0.0,0.0,0.0,4.5,0.0,0.0,1.18931245803833,-0.8679298758506775,0.0,0.0,0.11778303980827332,0.6931471824645996,0.0,0.0,0.0,0.0,0.0,0.0,0.0,0.0,0.0,0.0,0.0,0.0,0.0,0.0,0.8050056099891663,0.21720479428768158,0.8747099041938782
3.0,0.0,0.0,5.0,0.0,0.0,0.0,4.5,0.0,0.0,1.6552406549453735,-0.8679298758506775,0.0,0.0,0.11778303980827332,0.6931471824645996,0.0,0.0,0.0,0.0,0.0,0.0,0.0,0.0,0.0,0.0,0.0,0.0,0.0,0.0,0.7433581352233887,1.3364251852035522,0.7364485859870911
3.0,0.0,0.0,5.0,0.0,0.0,0.0,4.5,0.0,0.0,-0.7908821702003479,-0.8679298758506775,-0.025317782536149025,0.6931471824645996,0.0,0.0,0.0,0.0,0.0,0.0,-0.3566749393939972,2.079441547393799,0.0,0.0,0.0,0.0,0.0,0.0,0.0,0.0,0.92403244972229,2.6228621006011963,0.9554203152656555
3.0,0.0,0.0,5.0,0.0,0.0,0.0,4.5,0.0,0.0,-0.7908821702003479,0.42486825585365295,-0.025317782536149025,0.6931471824645996,0.0,0.0,0.0,0.0,0.0,0.0,-0.3566749393939972,2.079441547393799,0.0,0.0,0.0,0.0,0.0,0.0,0.0,0.0,1.2491365671157837,1.0193257331848145,1.083067774772644
3.0,0.0,0.0,5.0,0.0,0.0,0.0,4.5,0.0,0.0,-0.7908821702003479,1.0712673664093018,-0.025317782536149025,0.6931471824645996,0.0,0.0,0.0,0.0,0.0,0.0,-0.3566749393939972,2.079441547393799,0.0,0.0,0.0,0.0,0.0,0.0,0.0,0.0,1.4474676847457886,1.1324000358581543,1.1703364849090576
3.0,0.0,0.0,5.0,0.0,0.0,0.0,4.5,0.0,0.0,-0.7908821702003479,1.3944668769836426,-0.025317782536149025,0.6931471824645996,0.0,0.0,0.0,0.0,0.0,0.0,-0.3566749393939972,2.079441547393799,0.0,0.0,0.0,0.0,0.0,0.0,0.0,0.0,0.9431025981903076,0.682815670967102,0.750397801399231
3.0,0.0,0.0,5.0,0.0,0.0,0.0,4.5,0.0,0.0,-0.7908821702003479,1.7176663875579834,-0.025317782536149025,0.6931471824645996,0.0,0.0,0.0,0.0,0.0,0.0,-0.3566749393939972,2.079441547393799,0.0,0.0,0.0,0.0,0.0,0.0,0.0,0.0,0.8291932940483093,1.1247854232788086,0.7104218602180481
3.0,0.0,0.0,5.0,0.0,0.0,0.0,4.5,0.0,0.0,0.7233843207359314,-0.8679298758506775,-0.025317782536149025,0.6931471824645996,0.0,0.0,0.0,0.0,0.0,0.0,-0.3566749393939972,2.079441547393799,0.0,0.0,0.0,0.0,0.0,0.0,0.0,0.0,0.623678982257843,1.4703704118728638,1.0975593328475952
3.0,0.0,0.0,5.0,0.0,0.0,0.0,4.5,0.0,0.0,1.18931245803833,-0.8679298758506775,-0.025317782536149025,0.6931471824645996,0.0,0.0,0.0,0.0,0.0,0.0,-0.3566749393939972,2.079441547393799,0.0,0.0,0.0,0.0,0.0,0.0,0.0,0.0,0.6107630133628845,2.1192145347595215,1.3731745481491089
3.0,0.0,0.0,5.0,0.0,0.0,0.0,4.5,0.0,0.0,1.6552406549453735,-0.8679298758506775,-0.025317782536149025,0.6931471824645996,0.0,0.0,0.0,0.0,0.0,0.0,-0.3566749393939972,2.079441547393799,0.0,0.0,0.0,0.0,0.0,0.0,0.0,0.0,0.4008771777153015,1.7963571548461914,0.5698891282081604
3.0,0.0,0.0,5.0,0.0,0.0,0.0,4.5,0.0,0.0,-0.7908821702003479,-0.8679298758506775,0.0606246218085289,0.6931471824645996,0.0,0.0,0.0,0.0,0.0,0.0,-0.3566749393939972,2.079441547393799,0.0,0.0,0.0,0.0,0.0,0.0,0.0,0.0,1.1371301412582397,0.8877301216125488,1.0087039470672607
3.0,0.0,0.0,5.0,0.0,0.0,0.0,4.5,0.0,0.0,-0.7908821702003479,0.42486825585365295,0.0606246218085289,0.6931471824645996,0.0,0.0,0.0,0.0,0.0,0.0,-0.3566749393939972,2.079441547393799,0.0,0.0,0.0,0.0,0.0,0.0,0.0,0.0,1.2217941284179688,0.9790211915969849,1.164306879043579
3.0,0.0,0.0,5.0,0.0,0.0,0.0,4.5,0.0,0.0,-0.7908821702003479,1.0712673664093018,0.0606246218085289,0.6931471824645996,0.0,0.0,0.0,0.0,0.0,0.0,-0.3566749393939972,2.079441547393799,0.0,0.0,0.0,0.0,0.0,0.0,0.0,0.0,1.5988818407058716,0.6928603053092957,1.3170595169067383
3.0,0.0,0.0,5.0,0.0,0.0,0.0,4.5,0.0,0.0,-0.7908821702003479,1.7176663875579834,0.0606246218085289,0.6931471824645996,0.0,0.0,0.0,0.0,0.0,0.0,-0.3566749393939972,2.079441547393799,0.0,0.0,0.0,0.0,0.0,0.0,0.0,0.0,0.9802271723747253,0.6419072151184082,0.8143799901008606
3.0,0.0,0.0,5.0,0.0,0.0,0.0,4.5,0.0,0.0,0.7233843207359314,-0.8679298758506775,0.0606246218085289,0.6931471824645996,0.0,0.0,0.0,0.0,0.0,0.0,-0.3566749393939972,2.079441547393799,0.0,0.0,0.0,0.0,0.0,0.0,0.0,0.0,0.7833858132362366,0.9746424555778503,0.9374336004257202
3.0,0.0,0.0,5.0,0.0,0.0,0.0,4.5,0.0,0.0,1.18931245803833,-0.8679298758506775,0.0606246218085289,0.6931471824645996,0.0,0.0,0.0,0.0,0.0,0.0,-0.3566749393939972,2.079441547393799,0.0,0.0,0.0,0.0,0.0,0.0,0.0,0.0,0.7395954132080078,1.9575920104980469,1.3777410984039307
3.0,0.0,0.0,5.0,0.0,0.0,0.0,4.5,0.0,0.0,1.6552406549453735,-0.8679298758506775,0.0606246218085289,0.6931471824645996,0.0,0.0,0.0,0.0,0.0,0.0,-0.3566749393939972,2.079441547393799,0.0,0.0,0.0,0.0,0.0,0.0,0.0,0.0,0.6253522038459778,1.6993316411972046,0.6710093021392822
