col,mean,std
tem,194.74337768554688,214.6250762939453
fcr,1342.7152099609375,1547.03125
