epoch,train_mse_uts,train_mse_fs,full_mae_uts,full_mae_fs,full_score
1,0.82438290,1.66850305,0.67238134,0.99861461,1.67099595
2,0.48565012,1.31954777,0.52624571,0.85024369,1.37648940
3,0.34304956,1.06262851,0.40957627,0.75585866,1.16543493
4,0.24293514,0.94279307,0.33367547,0.69104117,1.02471665
5,0.18260673,0.82949680,0.28926083,0.63144892,0.92070976
6,0.14011981,0.73630613,0.26019660,0.57461023,0.83480683
7,0.12493185,0.65702933,0.24107796,0.52592397,0.76700193
8,0.11125160,0.59788495,0.23068415,0.48970002,0.72038417
9,0.11035759,0.52037847,0.22895236,0.46201411,0.69096647
10,0.11570622,0.49506885,0.22995351,0.43977579,0.66972931
11,0.13099442,0.44691133,0.22404778,0.42568314,0.64973092
12,0.12049919,0.38564846,0.21614242,0.41997096,0.63611338
13,0.11164780,0.38327047,0.22675137,0.42080340,0.64755477
14,0.11012619,0.38112012,0.25682569,0.42621168,0.68303737
15,0.12117802,0.34928247,0.25833353,0.43281212,0.69114566
16,0.12752213,0.37293294,0.24050409,0.43578187,0.67628595
17,0.11550777,0.37324041,0.22300227,0.43681335,0.65981562
18,0.10749476,0.36874098,0.21597199,0.43364528,0.64961727
19,0.09743137,0.37263960,0.21553527,0.42460743,0.64014269
20,0.11249059,0.37731484,0.21652938,0.41953829,0.63606767
21,0.11079356,0.34611222,0.21561718,0.41361898,0.62923616
22,0.11636196,0.34292829,0.21288964,0.40871465,0.62160429
23,0.10923690,0.33649978,0.21254367,0.40553436,0.61807802
24,0.09783574,0.33303204,0.21731368,0.40508240,0.62239608
25,0.09843331,0.34345022,0.22447336,0.40684271,0.63131607
26,0.09685370,0.31764579,0.22894676,0.40996388,0.63891064
27,0.10180264,0.33769450,0.22767569,0.41365838,0.64133407
28,0.09285352,0.32042253,0.22189425,0.41654715,0.63844140
29,0.09026679,0.32304293,0.21552074,0.41553801,0.63105875
30,0.09217872,0.32108825,0.20856595,0.41192555,0.62049150
31,0.10594661,0.32867184,0.20301199,0.40618125,0.60919324
32,0.08438601,0.31369078,0.20041826,0.40134802,0.60176629
33,0.09066603,0.32153007,0.19958012,0.39728111,0.59686123
34,0.08468141,0.32234207,0.19924489,0.39544255,0.59468743
35,0.09008137,0.30855533,0.19790459,0.39356762,0.59147221
36,0.08604357,0.32061470,0.19560719,0.39214912,0.58775631
37,0.07952999,0.31268585,0.19340505,0.39131615,0.58472119
38,0.09335586,0.29962504,0.19233060,0.39069739,0.58302799
39,0.08316581,0.30420083,0.19242081,0.38937217,0.58179298
40,0.08168798,0.28885189,0.19209100,0.38852727,0.58061828
41,0.08447800,0.30871740,0.18968923,0.38509282,0.57478206
42,0.07942361,0.30458692,0.18631156,0.38007522,0.56638677
43,0.07292688,0.31349561,0.18362953,0.37569717,0.55932669
44,0.08580616,0.30584437,0.18228005,0.37141094,0.55369098
45,0.07959470,0.29193112,0.18176885,0.36690399,0.54867284
46,0.07355864,0.28516197,0.17964749,0.36266190,0.54230939
47,0.07621044,0.27222422,0.17709796,0.35791335,0.53501131
48,0.07610269,0.28560543,0.17472437,0.35356459,0.52828896
49,0.08086713,0.27158391,0.17461398,0.34984836,0.52446234
50,0.07929629,0.26590779,0.17327733,0.34477922,0.51805656
51,0.08256743,0.27786866,0.17148191,0.34133998,0.51282188
52,0.08226683,0.27039781,0.17316161,0.33894870,0.51211031
53,0.07190585,0.25586265,0.17346841,0.33558008,0.50904849
54,0.07630170,0.26888928,0.17080584,0.33110446,0.50191030
55,0.06941128,0.25666025,0.16955486,0.32913652,0.49869138
56,0.07191326,0.25160629,0.16803457,0.32849759,0.49653216
57,0.07681081,0.24985141,0.16719422,0.33285117,0.50004539
58,0.07407937,0.24965686,0.16685125,0.34274730,0.50959855
59,0.07721175,0.24695355,0.16730514,0.33820298,0.50550812
60,0.07417341,0.24686094,0.16731480,0.33460093,0.50191572
61,0.07461625,0.24436870,0.16753814,0.33471465,0.50225279
62,0.07534120,0.25333732,0.16777718,0.33704600,0.50482318
63,0.07316265,0.23706247,0.16787139,0.34214115,0.51001254
64,0.07244462,0.23401091,0.16820820,0.33932224,0.50753044
65,0.06952649,0.23092176,0.16863652,0.33148840,0.50012492
66,0.06943911,0.22435434,0.16911609,0.33014148,0.49925758
67,0.07521461,0.23909573,0.16988124,0.33311623,0.50299747
68,0.07263200,0.24357514,0.17018610,0.32939872,0.49958482
69,0.06884048,0.23771109,0.17100143,0.32695651,0.49795794
70,0.06681544,0.23742564,0.17211884,0.32685181,0.49897066
71,0.07094017,0.24645509,0.17360841,0.32754451,0.50115292
72,0.06842390,0.22584926,0.17471467,0.32732534,0.50204001
73,0.07113021,0.24693458,0.17551136,0.32583842,0.50134978
74,0.06864186,0.23053084,0.17661740,0.32659250,0.50320990
75,0.06985213,0.23163708,0.17724274,0.32776254,0.50500529
76,0.06948324,0.22461392,0.17727317,0.32823625,0.50550942
77,0.07742795,0.22702760,0.17753927,0.32615480,0.50369407
78,0.06597238,0.21911019,0.17772287,0.32449907,0.50222194
79,0.07026068,0.21066502,0.17840813,0.32360619,0.50201432
80,0.06815585,0.22973073,0.17957358,0.32322240,0.50279598
81,0.07070736,0.22352320,0.17831032,0.32281467,0.50112499
82,0.06911013,0.21527742,0.17562321,0.32225898,0.49788219
83,0.06597640,0.22065996,0.17155783,0.32209212,0.49364994
84,0.06761357,0.22205672,0.16785584,0.32302266,0.49087851
85,0.07068253,0.22829084,0.16555244,0.32249093,0.48804337
86,0.06937531,0.23182438,0.16408695,0.32157364,0.48566060
87,0.06827699,0.21682583,0.16348812,0.32075384,0.48424196
88,0.06868547,0.21113177,0.16352655,0.32104087,0.48456742
89,0.06901575,0.21588977,0.16524321,0.32034051,0.48558372
90,0.07022520,0.21995388,0.16781707,0.31866390,0.48648097
91,0.07143262,0.22524479,0.17140473,0.31979325,0.49119799
92,0.06788355,0.21481545,0.17310943,0.31867570,0.49178512
93,0.06720378,0.21142401,0.17242178,0.31598970,0.48841149
94,0.06710849,0.20752691,0.17171218,0.31814721,0.48985939
95,0.06616741,0.20558348,0.17157443,0.32033116,0.49190558
96,0.06311809,0.21145223,0.17111504,0.31942540,0.49054044
97,0.06253108,0.20986380,0.17047943,0.31734183,0.48782127
98,0.06257746,0.20679030,0.16967709,0.31647024,0.48614733
99,0.06439376,0.21684712,0.16936551,0.31672099,0.48608650
100,0.06364891,0.21605763,0.16909817,0.31738308,0.48648125
101,0.06357199,0.21888131,0.16911814,0.31519592,0.48431405
102,0.06350005,0.20988777,0.16772731,0.31297275,0.48070006
103,0.06396922,0.21247131,0.16641922,0.31127879,0.47769801
104,0.06376332,0.21180028,0.16535553,0.31022114,0.47557667
105,0.06554954,0.19855674,0.16488387,0.30991903,0.47480290
106,0.06634545,0.20645505,0.16476680,0.31030831,0.47507511
107,0.06396176,0.21607095,0.16493309,0.31006244,0.47499552
108,0.06244275,0.22172111,0.16570175,0.30936855,0.47507030
109,0.06335630,0.21030055,0.16667140,0.31373125,0.48040265
110,0.05877230,0.21189259,0.16636951,0.31647092,0.48284043
111,0.06419151,0.20516276,0.16612436,0.31592458,0.48204894
112,0.06656557,0.21689177,0.16554463,0.31274512,0.47828975
113,0.06520063,0.21174970,0.16619529,0.31575277,0.48194806
114,0.06349964,0.20761055,0.16803502,0.31502882,0.48306383
115,0.06027785,0.20127134,0.16959755,0.31299651,0.48259406
116,0.06205002,0.21202224,0.17270423,0.31199783,0.48470207
117,0.06670041,0.21134982,0.17192124,0.31349540,0.48541664
118,0.06205513,0.20209961,0.17085768,0.31532267,0.48618035
119,0.06148680,0.20701832,0.16873224,0.31112072,0.47985296
120,0.06357053,0.20758739,0.16795777,0.30766055,0.47561832
121,0.06273184,0.20606491,0.16808020,0.30763432,0.47571452
122,0.06316301,0.21195087,0.16852172,0.30795360,0.47647531
123,0.06352872,0.21132837,0.16882327,0.30578309,0.47460636
124,0.06269050,0.21109150,0.16967985,0.30620864,0.47588849
125,0.06354232,0.22464465,0.17061082,0.30895922,0.47957003
126,0.06706347,0.20313513,0.17249256,0.30830717,0.48079973
127,0.06186584,0.20569527,0.17277382,0.30602184,0.47879566
128,0.06545796,0.22688445,0.17162810,0.30622274,0.47785084
129,0.06372969,0.19372489,0.16972268,0.31133345,0.48105612
130,0.06114544,0.19574203,0.16877954,0.31110853,0.47988807
131,0.06494007,0.20311540,0.16857135,0.30818498,0.47675633
132,0.05819029,0.20132901,0.16872355,0.30845949,0.47718304
133,0.05842377,0.19446200,0.16825746,0.30941343,0.47767089
134,0.06198336,0.20518166,0.16780385,0.30675200,0.47455585
135,0.06103718,0.20569436,0.16853316,0.30632797,0.47486113
136,0.05927706,0.21206908,0.17011356,0.30620983,0.47632340
137,0.06125738,0.20565262,0.17063528,0.30411848,0.47475377
138,0.06235760,0.20479318,0.16974738,0.30215934,0.47190672
139,0.06206697,0.18616042,0.16873613,0.30234832,0.47108445
140,0.06135617,0.20411852,0.16725568,0.30511326,0.47236894
141,0.06317410,0.20296906,0.16622780,0.30361664,0.46984445
142,0.05853258,0.20903939,0.16624381,0.30267248,0.46891628
143,0.05867931,0.19383824,0.16623059,0.30508077,0.47131136
144,0.06155411,0.19785056,0.16679867,0.30663899,0.47343765
145,0.05764441,0.20297350,0.16811308,0.30273163,0.47084472
146,0.06134896,0.20668273,0.16922052,0.30187720,0.47109772
147,0.06540126,0.19114779,0.16855599,0.30720311,0.47575910
148,0.06023341,0.20213206,0.16815917,0.30688965,0.47504883
149,0.05941825,0.19751503,0.16778751,0.30148122,0.46926872
150,0.06176215,0.19095676,0.16826910,0.30096927,0.46923837
151,0.06201493,0.19427101,0.16928786,0.30011314,0.46940100
152,0.05919239,0.19792120,0.17087027,0.29869556,0.46956584
153,0.05900753,0.19590650,0.17259236,0.29791796,0.47051032
154,0.05846661,0.19720934,0.17257451,0.29757875,0.47015326
155,0.06111813,0.19314621,0.17197961,0.29833606,0.47031567
156,0.05792521,0.19261762,0.17173257,0.29795423,0.46968681
157,0.05978491,0.19174063,0.17025782,0.29691908,0.46717690
158,0.05934806,0.19185315,0.16915834,0.29644084,0.46559918
159,0.06258731,0.20352247,0.16767971,0.29665667,0.46433638
160,0.05961775,0.19155574,0.16641834,0.29583266,0.46225101
161,0.06260704,0.19454384,0.16573288,0.29573232,0.46146519
162,0.06106125,0.18827605,0.16580240,0.29585680,0.46165921
163,0.05895130,0.18114592,0.16577601,0.29525721,0.46103323
164,0.05822786,0.18663783,0.16581281,0.29479989,0.46061270
165,0.05734086,0.19406497,0.16599698,0.29344150,0.45943849
166,0.06153987,0.18435340,0.16659832,0.29242554,0.45902386
167,0.05884345,0.19139422,0.16766723,0.29208919,0.45975642
168,0.06049921,0.18455218,0.17104423,0.29215398,0.46319821
169,0.05668917,0.18672964,0.17552894,0.29146364,0.46699259
170,0.05991426,0.18776874,0.17612274,0.29280236,0.46892510
171,0.06011499,0.18026969,0.17213519,0.29439962,0.46653481
172,0.06312274,0.19736736,0.16740508,0.29015765,0.45756273
173,0.06125486,0.18132648,0.16580951,0.29198688,0.45779639
174,0.05778318,0.18768093,0.16558705,0.29030702,0.45589407
175,0.05988619,0.19047813,0.16570143,0.28737053,0.45307197
176,0.06146869,0.18351874,0.16724421,0.28611603,0.45336024
177,0.06020757,0.19050059,0.17041855,0.28566271,0.45608126
178,0.05828610,0.17833000,0.17210512,0.28484949,0.45695461
179,0.06138337,0.18162765,0.17086715,0.28413522,0.45500237
180,0.06107843,0.17501943,0.16927233,0.28373876,0.45301110
181,0.06069343,0.17694925,0.16805942,0.28333655,0.45139597
182,0.05980532,0.17569186,0.16719267,0.28293130,0.45012397
183,0.06263801,0.20841487,0.16688196,0.28521138,0.45209335
184,0.06008095,0.17785291,0.16825762,0.28170291,0.44996053
185,0.05717121,0.17996337,0.16840364,0.28257760,0.45098124
186,0.06150957,0.19563879,0.16821697,0.28214687,0.45036384
187,0.05932325,0.17734008,0.16746506,0.28185344,0.44931850
188,0.05635107,0.18112087,0.16580571,0.28498328,0.45078899
189,0.05706505,0.17597863,0.16447814,0.28402248,0.44850062
190,0.05832985,0.18508816,0.16302021,0.28172466,0.44474487
191,0.05952422,0.17515276,0.16204192,0.28528500,0.44732691
192,0.05597027,0.18673071,0.16086052,0.28404924,0.44490977
193,0.05738069,0.18184227,0.16064200,0.27959728,0.44023928
194,0.05553811,0.17837730,0.15935291,0.27896407,0.43831699
195,0.05633199,0.17285858,0.15837814,0.28027695,0.43865509
196,0.05764350,0.18659502,0.15781000,0.27585748,0.43366748
197,0.05872044,0.17332059,0.15815218,0.27843082,0.43658300
198,0.05747712,0.17395964,0.15872417,0.28244904,0.44117321
199,0.05225278,0.18855548,0.15841718,0.27618656,0.43460374
200,0.05420694,0.18169484,0.15699485,0.27198452,0.42897937
201,0.05528313,0.16849494,0.15469919,0.27117944,0.42587863
202,0.05586572,0.15997802,0.15252809,0.27086586,0.42339395
203,0.05558707,0.16755199,0.15131348,0.27110332,0.42241681
204,0.05291279,0.16750495,0.15134574,0.27067626,0.42202200
205,0.05137305,0.15579019,0.15202665,0.27076337,0.42279002
206,0.05678823,0.16426559,0.15497248,0.27202758,0.42700006
207,0.05165646,0.18166140,0.15643369,0.27175033,0.42818402
208,0.05664570,0.18255574,0.15817145,0.27010375,0.42827520
209,0.05381333,0.17107274,0.15763317,0.27075875,0.42839192
210,0.05341736,0.17180167,0.15748182,0.26956984,0.42705166
211,0.05382288,0.17620581,0.15914252,0.26870072,0.42784324
212,0.05298304,0.16312023,0.16009936,0.26948106,0.42958042
213,0.05193102,0.16012245,0.16096188,0.26864776,0.42960964
214,0.05633928,0.16868530,0.16041468,0.26744288,0.42785756
215,0.05136063,0.17174302,0.15933773,0.27357873,0.43291646
216,0.05656563,0.17284501,0.15875155,0.27229881,0.43105036
217,0.05202010,0.15639292,0.15690768,0.26784870,0.42475638
218,0.05388619,0.15954329,0.15491752,0.26952615,0.42444368
219,0.05136324,0.16387877,0.15307908,0.26747283,0.42055191
220,0.05196130,0.16510391,0.15279076,0.27221569,0.42500645
221,0.05394195,0.17105114,0.15396024,0.28038451,0.43434475
222,0.05147831,0.17479549,0.15434363,0.27221751,0.42656115
223,0.05376506,0.16881286,0.15292144,0.26686701,0.41978845
224,0.05437714,0.16188075,0.15113279,0.27005005,0.42118284
225,0.05011147,0.18109523,0.15095186,0.26512837,0.41608024
226,0.05073725,0.16084622,0.15201730,0.27028146,0.42229876
227,0.05333744,0.15957826,0.15224548,0.26785451,0.42009999
228,0.05167024,0.17939089,0.15386838,0.26237091,0.41623929
229,0.05175891,0.15098453,0.15554442,0.26026270,0.41580711
230,0.05556376,0.16433932,0.15623719,0.25972617,0.41596335
231,0.05331640,0.17519313,0.15600537,0.25940457,0.41540994
232,0.05148552,0.16327286,0.15512630,0.26153716,0.41666347
233,0.05285299,0.17184950,0.15317062,0.26551870,0.41868931
234,0.05068944,0.15078397,0.15205818,0.26670995,0.41876814
235,0.05096001,0.14505355,0.15221271,0.26077989,0.41299260
236,0.04885888,0.16000727,0.15174703,0.25983146,0.41157849
237,0.04834513,0.15454656,0.15013741,0.26005498,0.41019239
238,0.04856300,0.15886782,0.14593610,0.25985244,0.40578854
239,0.04900225,0.14917684,0.14418855,0.26139623,0.40558478
240,0.04895603,0.15730970,0.14376740,0.26009491,0.40386231
241,0.05053648,0.15675689,0.14522155,0.26019046,0.40541200
242,0.04740739,0.16200715,0.14708762,0.26035124,0.40743886
243,0.04734273,0.16362701,0.15010013,0.25835103,0.40845115
244,0.04659298,0.16332188,0.15090680,0.25733501,0.40824181
245,0.05133266,0.16142966,0.14755982,0.25680962,0.40436944
246,0.04776066,0.14462686,0.14567596,0.25629142,0.40196738
247,0.05067891,0.16212854,0.14562331,0.25615031,0.40177362
248,0.04606365,0.14896700,0.14572057,0.25735751,0.40307808
249,0.04771860,0.14459631,0.14801936,0.25577611,0.40379547
250,0.04693232,0.15463275,0.14953482,0.25447664,0.40401146
251,0.04709604,0.14524804,0.14999799,0.25290263,0.40290062
252,0.04940347,0.15143813,0.14948839,0.25321913,0.40270752
253,0.04618938,0.15107638,0.14752716,0.25411946,0.40164661
254,0.04920736,0.14516911,0.14604557,0.25688079,0.40292636
255,0.04471231,0.15996507,0.14588095,0.25762880,0.40350975
256,0.04774619,0.16196156,0.14879297,0.25714493,0.40593790
257,0.04559292,0.14131390,0.14982638,0.25630501,0.40613139
258,0.04678430,0.15339153,0.15102687,0.25756249,0.40858936
259,0.04900429,0.15062696,0.14957954,0.25683331,0.40641285
260,0.04736976,0.14659347,0.14698774,0.25390306,0.40089080
261,0.04754407,0.14432782,0.14438276,0.25292802,0.39731078
262,0.04707478,0.15228166,0.14433271,0.25239772,0.39673042
263,0.04676230,0.14887233,0.14590915,0.25445986,0.40036900
264,0.04730985,0.14518733,0.14912839,0.25564915,0.40477754
265,0.04584276,0.15140036,0.15074241,0.25204459,0.40278700
266,0.04695860,0.16295151,0.15001367,0.24862792,0.39864159
267,0.04748809,0.14841351,0.14743797,0.24862650,0.39606448
268,0.04618924,0.14378619,0.14473124,0.24901353,0.39374477
269,0.04843072,0.14808372,0.14299099,0.25013182,0.39312281
270,0.05005375,0.15464728,0.14162143,0.25229025,0.39391167
271,0.04442665,0.13901563,0.14123169,0.25384015,0.39507183
272,0.04495624,0.16033706,0.14254308,0.25194034,0.39448342
273,0.04842198,0.15646441,0.14564863,0.25026047,0.39590910
274,0.04755205,0.13561994,0.14993688,0.24952652,0.39946340
275,0.04552928,0.14641321,0.15146948,0.24819845,0.39966793
276,0.04908223,0.14095619,0.15049051,0.25101349,0.40150400
277,0.04535597,0.14078319,0.14746968,0.25531581,0.40278549
278,0.04653180,0.16195816,0.14444613,0.24851964,0.39296578
279,0.04302005,0.14285772,0.14186446,0.24581975,0.38768421
280,0.04718596,0.14115964,0.14135604,0.24634087,0.38769691
281,0.04673885,0.13832882,0.14071749,0.24585935,0.38657685
282,0.04557566,0.16081540,0.14244193,0.25039762,0.39283955
283,0.04637407,0.15781346,0.14463295,0.25944725,0.40408020
284,0.04647940,0.15729265,0.14597717,0.25567195,0.40164912
285,0.04625004,0.14679642,0.14670087,0.25267938,0.39938025
286,0.04545209,0.13165179,0.14652492,0.25352901,0.40005393
287,0.04739063,0.14305164,0.14457242,0.25258091,0.39715333
288,0.04559788,0.14204273,0.14271258,0.25128895,0.39400153
289,0.04747988,0.13523214,0.14238638,0.24991645,0.39230283
290,0.04465941,0.13294157,0.14164738,0.24948880,0.39113618
291,0.04387553,0.14025925,0.14159705,0.24861664,0.39021368
292,0.04614969,0.13205108,0.14429651,0.24719515,0.39149167
293,0.04484290,0.12709016,0.14573342,0.24494664,0.39068006
294,0.04649841,0.13507108,0.14589946,0.24063568,0.38653514
295,0.04824423,0.14477283,0.14522614,0.24207596,0.38730210
296,0.04564472,0.14025164,0.14471339,0.23965308,0.38436647
297,0.04421269,0.12751055,0.14494880,0.23832782,0.38327661
298,0.04870386,0.14007013,0.14380608,0.23718596,0.38099204
299,0.04375865,0.12025230,0.14252058,0.23655124,0.37907182
300,0.04518482,0.13453871,0.14195102,0.23514259,0.37709361
301,0.04335856,0.14224169,0.14302059,0.23456003,0.37758061
302,0.04628211,0.13958025,0.14558595,0.23487061,0.38045657
303,0.04235005,0.13275239,0.14865716,0.23369536,0.38235252
304,0.04530195,0.13396439,0.14929751,0.23261468,0.38191219
305,0.04350238,0.13678485,0.14556609,0.23219019,0.37775628
306,0.04550823,0.12201224,0.14024563,0.23360679,0.37385242
307,0.04006051,0.14256865,0.13744330,0.23428755,0.37173085
308,0.04241623,0.13175420,0.13661070,0.23550013,0.37211083
309,0.04429905,0.14000429,0.13669729,0.23907880,0.37577610
310,0.04465061,0.12691481,0.13864325,0.23923078,0.37787403
311,0.04419177,0.14709386,0.14234208,0.23563047,0.37797254
312,0.04315894,0.12965196,0.14610364,0.23501579,0.38111943
313,0.04343903,0.14528684,0.14532268,0.23462389,0.37994657
314,0.04325813,0.13726817,0.14026435,0.23394150,0.37420584
315,0.04054222,0.12868464,0.13535114,0.23232967,0.36768080
316,0.04416747,0.14011019,0.13352183,0.23473525,0.36825708
317,0.04412491,0.12913840,0.13437983,0.23161665,0.36599648
318,0.04298049,0.13139620,0.13719057,0.22868119,0.36587176
319,0.04178271,0.13573284,0.13868400,0.22727145,0.36595546
320,0.04230511,0.12913331,0.13969818,0.22640827,0.36610645
321,0.04250301,0.13492306,0.13933526,0.22687177,0.36620703
322,0.04349649,0.14009981,0.13843988,0.23417638,0.37261626
323,0.04201321,0.14042759,0.13815594,0.23529768,0.37345362
324,0.04242466,0.13366780,0.13872077,0.23275186,0.37147263
325,0.04295090,0.12333997,0.14004847,0.22741048,0.36745895
326,0.04084922,0.12777887,0.13705498,0.22893213,0.36598711
327,0.04164055,0.13164285,0.13206457,0.22390100,0.35596557
328,0.04223946,0.12941331,0.12913935,0.22596167,0.35510102
329,0.04428547,0.11940677,0.13093564,0.23042151,0.36135715
330,0.04144022,0.13015983,0.13334398,0.22360997,0.35695395
331,0.03956759,0.13150790,0.13570383,0.22054513,0.35624896
332,0.04362751,0.13860393,0.13399008,0.22213937,0.35612945
333,0.03683269,0.11266597,0.13453102,0.22267692,0.35720794
334,0.04123035,0.12643290,0.13212614,0.22258298,0.35470912
335,0.04298270,0.12324724,0.12738495,0.22477762,0.35216257
336,0.03989482,0.13930914,0.12990731,0.22556558,0.35547289
337,0.04073535,0.12770270,0.13246259,0.22641565,0.35887824
338,0.04165112,0.12050193,0.13425183,0.22183082,0.35608265
339,0.04185544,0.11309724,0.13511205,0.21738578,0.35249783
340,0.04030385,0.13285677,0.13912164,0.21663605,0.35575768
341,0.03988613,0.11962399,0.14080757,0.22053932,0.36134689
342,0.03908588,0.12387542,0.13067915,0.22631320,0.35699235
343,0.04052484,0.13701816,0.12352458,0.21492800,0.33845259
344,0.03901159,0.10951687,0.12292541,0.21294813,0.33587354
345,0.03762889,0.12695082,0.12364379,0.21422119,0.33786498
346,0.03701170,0.12454304,0.12803498,0.21717536,0.34521034
347,0.03684885,0.11316623,0.13541077,0.22152905,0.35693982
348,0.03789590,0.12468158,0.13643651,0.22204863,0.35848513
349,0.03872129,0.12977245,0.13021810,0.21678078,0.34699889
350,0.03682590,0.11900855,0.12435188,0.21536466,0.33971655
351,0.03783237,0.11028834,0.12335826,0.21275926,0.33611752
352,0.03655872,0.11662904,0.12299589,0.22132289,0.34431878
353,0.03540064,0.12341441,0.12741546,0.23555923,0.36297469
354,0.03628627,0.12045826,0.13763852,0.22172800,0.35936652
355,0.03762464,0.11010467,0.13134643,0.21001044,0.34135687
356,0.03493596,0.10419799,0.12578078,0.21669300,0.34247378
357,0.03515667,0.13401747,0.12718639,0.21157677,0.33876316
358,0.03798594,0.14450637,0.12664904,0.21943295,0.34608199
359,0.03832422,0.11247879,0.12562527,0.23503356,0.36065882
360,0.03818275,0.11170480,0.12458551,0.22725751,0.35184301
361,0.03559962,0.11388768,0.12347232,0.21126179,0.33473411
362,0.03369492,0.11034655,0.12177324,0.21461906,0.33639230
363,0.03403810,0.11349763,0.12225387,0.21159676,0.33385063
364,0.03422871,0.12733075,0.12166439,0.21681541,0.33847980
365,0.03486731,0.11312608,0.12007737,0.23132387,0.35140124
366,0.03238643,0.12413388,0.12189026,0.22718509,0.34907535
367,0.03824227,0.11695094,0.12562194,0.21327245,0.33889440
368,0.03450992,0.10060087,0.12690206,0.21056841,0.33747047
369,0.03476133,0.11135182,0.12699674,0.20950545,0.33650219
370,0.03553599,0.10790191,0.12054951,0.21046014,0.33100966
371,0.03454897,0.10668234,0.11545993,0.22822250,0.34368244
372,0.03568104,0.13286100,0.11503915,0.22506946,0.34010862
373,0.03424914,0.12801909,0.11473480,0.20869201,0.32342681
374,0.03341528,0.11361520,0.11836394,0.21608876,0.33445270
375,0.03184376,0.13034445,0.12552612,0.21089067,0.33641678
376,0.03497153,0.12611070,0.12196220,0.21124937,0.33321156
377,0.03395176,0.11924464,0.11576428,0.22654749,0.34231177
378,0.03401506,0.12063710,0.11453748,0.22936478,0.34390227
379,0.03385979,0.10738474,0.11297600,0.21463558,0.32761158
380,0.03494357,0.10819747,0.11666985,0.20804760,0.32471745
381,0.03506757,0.10902481,0.12373453,0.21064825,0.33438279
382,0.03500982,0.10865751,0.11926255,0.20857222,0.32783477
383,0.03680371,0.12447835,0.11387480,0.20678775,0.32066255
384,0.03326443,0.10616922,0.11434744,0.21491812,0.32926556
385,0.03479291,0.11828495,0.11318942,0.21516342,0.32835285
386,0.03058898,0.10679053,0.11371288,0.20730871,0.32102159
387,0.03150782,0.10635783,0.12058137,0.20323828,0.32381964
388,0.03284835,0.11098988,0.12387676,0.20379834,0.32767510
389,0.03274844,0.11184821,0.11804817,0.20416787,0.32221604
390,0.03126788,0.10116735,0.11133310,0.20762758,0.31896068
391,0.03302061,0.10286887,0.11081425,0.21259962,0.32341387
392,0.03322925,0.11268924,0.10980040,0.21598819,0.32578859
393,0.03312875,0.10825243,0.10932910,0.21467398,0.32400308
394,0.03052290,0.10438348,0.11242403,0.20943454,0.32185857
395,0.02969712,0.11813046,0.12038914,0.20423152,0.32462066
396,0.03070764,0.10226607,0.12236186,0.20260704,0.32496890
397,0.03309740,0.10872806,0.11570851,0.20203972,0.31774823
398,0.03164911,0.09684081,0.11020251,0.20441225,0.31461477
399,0.03062268,0.11064047,0.10870758,0.20438610,0.31309368
400,0.02958271,0.10097186,0.10774118,0.20211560,0.30985678
401,0.03082273,0.09944919,0.10814027,0.19942264,0.30756292
402,0.03055132,0.11606355,0.11325312,0.20140374,0.31465685
403,0.03129021,0.10448794,0.11866308,0.20612270,0.32478578
404,0.03217541,0.09935356,0.11526980,0.21059787,0.32586767
405,0.03349000,0.10619518,0.10905699,0.21032187,0.31937886
406,0.03159798,0.10764102,0.11095982,0.20699888,0.31795871
407,0.03033701,0.10677398,0.11418141,0.20481546,0.31899688
408,0.03508496,0.10762959,0.11466625,0.20352794,0.31819420
409,0.03247831,0.10476189,0.11574698,0.20242670,0.31817368
410,0.03224672,0.10337637,0.12062055,0.20388579,0.32450634
411,0.03309314,0.09749481,0.12426404,0.20331495,0.32757898
412,0.03573377,0.10269216,0.11856443,0.19738925,0.31595367
413,0.02829174,0.10797685,0.10949767,0.19738479,0.30688246
414,0.03345286,0.10472270,0.10694283,0.19521883,0.30216166
415,0.03122634,0.09863418,0.10801873,0.20223697,0.31025569
416,0.03140036,0.10749721,0.10992194,0.20539503,0.31531697
417,0.03235492,0.10369807,0.11284304,0.19983746,0.31268050
418,0.03214654,0.10427571,0.11908624,0.19755329,0.31663954
419,0.03259844,0.09808224,0.11896980,0.19930555,0.31827535
420,0.03300737,0.09132941,0.11235313,0.19642940,0.30878253
421,0.02854523,0.09658951,0.10703864,0.19546562,0.30250426
422,0.02941559,0.09853163,0.10725880,0.20171227,0.30897107
423,0.03346552,0.10254294,0.10695598,0.20285869,0.30981466
424,0.03158774,0.09775522,0.10981844,0.19572958,0.30554802
425,0.03158639,0.10123406,0.11688057,0.19125967,0.30814023
426,0.03189054,0.10586112,0.11848655,0.19282946,0.31131601
427,0.03187091,0.10191584,0.11360473,0.19154666,0.30515140
428,0.03138823,0.10344567,0.10719554,0.19440147,0.30159701
429,0.03115182,0.10198986,0.10486267,0.19888727,0.30374994
430,0.02958629,0.10466555,0.10500554,0.19348229,0.29848783
431,0.03215033,0.09058365,0.10707625,0.19104421,0.29812046
432,0.03190497,0.09749369,0.10770079,0.19053265,0.29823344
433,0.03009716,0.10063123,0.10851840,0.19133522,0.29985362
434,0.03004138,0.10199596,0.10938381,0.19700815,0.30639196
435,0.03070281,0.08908486,0.10937880,0.20968115,0.31905995
436,0.03184407,0.09347867,0.10804501,0.20793439,0.31597941
437,0.03039172,0.10663743,0.10679361,0.19237579,0.29916941
438,0.03071565,0.09126003,0.10703768,0.19452450,0.30156218
439,0.03161184,0.09435593,0.10825618,0.19699922,0.30525541
440,0.03153695,0.09235131,0.10620428,0.18997246,0.29617674
441,0.02939578,0.09426147,0.10505445,0.19250284,0.29755729
442,0.03145219,0.10561056,0.10490555,0.19992366,0.30482922
443,0.03030819,0.09829641,0.10611278,0.19595453,0.30206731
444,0.03256521,0.09875025,0.11096876,0.19159386,0.30256262
445,0.03070729,0.09865610,0.11644601,0.18979676,0.30624277
446,0.03162624,0.09297700,0.11490459,0.19102986,0.30593445
447,0.03014284,0.09756012,0.10932739,0.19438632,0.30371371
448,0.03120203,0.09572386,0.10458978,0.19153453,0.29612431
449,0.03087018,0.09179380,0.10354444,0.18866152,0.29220595
450,0.02945813,0.09488732,0.10354438,0.18721576,0.29076014
451,0.02959537,0.09311021,0.10407220,0.18587419,0.28994639
452,0.03028162,0.08631116,0.10680359,0.18781915,0.29462274
453,0.02775772,0.09431067,0.10734126,0.19311568,0.30045694
454,0.03085894,0.08618534,0.10699648,0.19351669,0.30051316
455,0.02921360,0.09515461,0.10577980,0.18819623,0.29397602
456,0.02936882,0.08299619,0.10614423,0.18385476,0.28999899
457,0.03060877,0.09475222,0.10502308,0.18340181,0.28842489
458,0.02879689,0.08638902,0.10383618,0.18246678,0.28630295
459,0.03048233,0.08309727,0.10462316,0.18197048,0.28659364
460,0.02762229,0.08498026,0.10606993,0.18366703,0.28973696
461,0.02848725,0.09619296,0.10548212,0.18752824,0.29301036
462,0.03053314,0.08804367,0.10363121,0.18345846,0.28708968
463,0.02825890,0.09075183,0.10253366,0.18049930,0.28303296
464,0.02994319,0.09073899,0.10401992,0.18212588,0.28614581
465,0.03105015,0.09362501,0.10827620,0.18080468,0.28908089
466,0.02803952,0.08837190,0.10926935,0.18445139,0.29372074
467,0.03063433,0.09205756,0.10557789,0.19197500,0.29755288
468,0.02967642,0.09369881,0.10447969,0.18684848,0.29132816
469,0.03039307,0.08747784,0.10407255,0.18266958,0.28674213
470,0.03103645,0.08788577,0.10452072,0.18160640,0.28612711
471,0.02772287,0.08546502,0.10656516,0.18272761,0.28929277
472,0.03175343,0.09090925,0.10961469,0.18183154,0.29144623
473,0.02855191,0.08560937,0.11191680,0.18429241,0.29620921
474,0.02898845,0.08227926,0.11142195,0.18397972,0.29540167
475,0.02818147,0.09113624,0.10774934,0.18381581,0.29156514
476,0.02878061,0.08861315,0.10618608,0.18502833,0.29121441
477,0.03113315,0.09768200,0.10442995,0.18385962,0.28828956
478,0.03017271,0.09615013,0.10437530,0.18687823,0.29125353
479,0.02990882,0.09479999,0.10653105,0.19008018,0.29661123
480,0.02971073,0.09207691,0.10543081,0.18650386,0.29193467
481,0.03076849,0.08841237,0.10413277,0.18438202,0.28851479
482,0.03141613,0.09383169,0.10586487,0.18197258,0.28783745
483,0.02814693,0.07331152,0.10743619,0.18003704,0.28747322
484,0.03069116,0.08341032,0.10765846,0.17871411,0.28637257
485,0.02830178,0.08504821,0.10779805,0.17868872,0.28648677
486,0.02934969,0.07513826,0.10758536,0.17963272,0.28721809
487,0.03063974,0.09187350,0.10596878,0.17976113,0.28572991
488,0.02957680,0.09280181,0.10385391,0.18344256,0.28729647
489,0.02819145,0.09036131,0.10382706,0.18643530,0.29026236
490,0.03011191,0.08968407,0.10447179,0.18217893,0.28665072
491,0.02900908,0.08503672,0.10391781,0.18092629,0.28484410
492,0.02866183,0.08808132,0.10462933,0.17893314,0.28356247
493,0.02838050,0.09043479,0.10315040,0.18116505,0.28431545
494,0.02976717,0.08455374,0.10252427,0.18448809,0.28701236
495,0.02741102,0.08099364,0.10231416,0.18631783,0.28863199
496,0.02770250,0.08637585,0.10305543,0.18318012,0.28623556
497,0.02981991,0.08745150,0.10317529,0.17996936,0.28314465
498,0.02968731,0.09228364,0.10243791,0.17915341,0.28159132
499,0.02832734,0.08604470,0.10297596,0.17885727,0.28183322
500,0.02576367,0.08771658,0.10414045,0.17911199,0.28325244
501,0.02867047,0.07704850,0.10383275,0.17832498,0.28215773
502,0.02791581,0.09189960,0.10164684,0.17632610,0.27797294
503,0.03040192,0.07772618,0.10058024,0.17703679,0.27761703
504,0.02707025,0.07834453,0.09995540,0.17855212,0.27850752
505,0.03054064,0.08049126,0.10047065,0.17685808,0.27732873
506,0.03021174,0.09244312,0.10273258,0.17768809,0.28042067
507,0.02794052,0.08170678,0.10357875,0.17925364,0.28283239
508,0.02811699,0.08905977,0.10563058,0.17678249,0.28241307
509,0.02880912,0.07580308,0.10629692,0.18597762,0.29227454
510,0.02750056,0.08941674,0.10876052,0.19261791,0.30137843
511,0.02812253,0.09527735,0.10624417,0.18244839,0.28869256
512,0.02851092,0.08423299,0.10267618,0.18098277,0.28365894
513,0.02785001,0.07608784,0.10106938,0.18292092,0.28399030
514,0.03002241,0.08210110,0.09992445,0.18137150,0.28129594
515,0.02945247,0.08494359,0.09887056,0.18070675,0.27957731
516,0.03074120,0.08274667,0.09886909,0.19673449,0.29560357
517,0.02816352,0.08668561,0.10206341,0.20302868,0.30509209
518,0.02810011,0.08969936,0.11256242,0.18124668,0.29380910
519,0.02942303,0.08210479,0.11316814,0.17733279,0.29050092
520,0.03032752,0.08573201,0.10591536,0.18338639,0.28930175
521,0.02798440,0.08269089,0.10076888,0.18076929,0.28153817
522,0.03081471,0.09175859,0.09931798,0.17936300,0.27868098
523,0.02945537,0.08494014,0.09837922,0.19087495,0.28925417
524,0.02794718,0.09696098,0.10260182,0.18713701,0.28973883
525,0.02905203,0.09434233,0.10583726,0.17921950,0.28505676
526,0.02787440,0.07945941,0.10712238,0.17651542,0.28363780
527,0.02649846,0.08566633,0.10292666,0.17845714,0.28138380
528,0.02654497,0.09073754,0.09934460,0.17801936,0.27736396
529,0.02553053,0.08248167,0.09984407,0.17586538,0.27570945
530,0.02801586,0.07799290,0.10083254,0.17810725,0.27893979
531,0.02694185,0.07510646,0.10266355,0.18551275,0.28817631
532,0.02873144,0.07958593,0.10524986,0.18754776,0.29279762
533,0.02768528,0.09332644,0.10695561,0.17941548,0.28637109
534,0.02715161,0.08704257,0.10441259,0.17479372,0.27920631
535,0.02680482,0.08960366,0.10023268,0.17545639,0.27568907
536,0.02847177,0.09117235,0.09978823,0.17504063,0.27482887
537,0.02933980,0.07409108,0.10030757,0.17409138,0.27439895
538,0.02913685,0.07868578,0.10216775,0.17534681,0.27751455
539,0.02763209,0.07932886,0.10454107,0.17887592,0.28341699
540,0.02770382,0.07273845,0.10368509,0.18394285,0.28762794
541,0.02812071,0.08079810,0.10255134,0.17943326,0.28198460
542,0.02788278,0.07414376,0.09951997,0.17441015,0.27393012
543,0.02695972,0.07603510,0.09932749,0.17468487,0.27401236
544,0.02743923,0.07277850,0.09840685,0.17368899,0.27209584
545,0.02845393,0.08264717,0.09926210,0.17202513,0.27128723
546,0.02898926,0.08199471,0.10296052,0.17454910,0.27750962
547,0.02762497,0.08287565,0.10618743,0.17613453,0.28232195
548,0.02805241,0.07794949,0.10388280,0.17409171,0.27797452
549,0.02826135,0.07972495,0.09824337,0.17118043,0.26942380
550,0.02835190,0.08157302,0.09769021,0.17161456,0.26930477
551,0.02771061,0.08377653,0.09771826,0.17399195,0.27171021
552,0.02561124,0.08094094,0.09711091,0.17589130,0.27300221
553,0.02647157,0.08079892,0.10070466,0.17935646,0.28006112
554,0.02667945,0.08109704,0.10242576,0.18155119,0.28397695
555,0.02772274,0.07766923,0.10126481,0.17836328,0.27962809
556,0.02566770,0.08153585,0.09787702,0.17415656,0.27203358
557,0.02751091,0.08149559,0.09655301,0.17206043,0.26861344
558,0.02724877,0.08152904,0.09660696,0.17070395,0.26731091
559,0.02653293,0.08011440,0.09858421,0.17065383,0.26923805
560,0.02665769,0.07745092,0.10159448,0.17091344,0.27250792
561,0.02884658,0.08223299,0.10196710,0.17246443,0.27443153
562,0.02837756,0.07630602,0.09824186,0.17448784,0.27272970
563,0.02544208,0.08063173,0.09698267,0.17335358,0.27033625
564,0.02669331,0.07713527,0.09681139,0.17081095,0.26762234
565,0.02624178,0.07888725,0.09733432,0.16972388,0.26705820
566,0.02693412,0.08276784,0.09947685,0.17021535,0.26969220
567,0.02749071,0.08074310,0.10129651,0.17016423,0.27146073
568,0.02805913,0.07740488,0.10041638,0.17201328,0.27242967
569,0.02708784,0.08020350,0.09801513,0.17531350,0.27332863
570,0.02727651,0.08257889,0.09528884,0.17350069,0.26878952
571,0.02750508,0.08456127,0.09557076,0.17126757,0.26683833
572,0.02774661,0.07613078,0.09833265,0.16956344,0.26789609
573,0.02929612,0.09381586,0.10330988,0.16865735,0.27196723
574,0.02648713,0.07932918,0.10185974,0.17324932,0.27510906
575,0.02437918,0.08221981,0.09813026,0.17443623,0.27256648
576,0.02629198,0.08789239,0.09616626,0.17148942,0.26765568
577,0.02688922,0.06968459,0.09651899,0.16932474,0.26584373
578,0.02618672,0.07355797,0.09745932,0.16949879,0.26695811
579,0.02630629,0.07919282,0.10138563,0.17074633,0.27213196
580,0.02718384,0.08218301,0.10348649,0.17250098,0.27598748
581,0.02560467,0.07568278,0.10182471,0.17656051,0.27838521
582,0.02579692,0.07804844,0.09488858,0.17443267,0.26932125
583,0.02683174,0.07427374,0.09469093,0.16725315,0.26194409
584,0.02802180,0.07194114,0.09623342,0.16550751,0.26174093
585,0.02635017,0.07522751,0.09444417,0.16662875,0.26107292
586,0.02730363,0.07941192,0.09965637,0.16599052,0.26564689
587,0.02776315,0.07800066,0.10401686,0.17214867,0.27616554
588,0.02691006,0.06793454,0.10063803,0.17756872,0.27820675
589,0.02649885,0.07496790,0.09420796,0.17881578,0.27302375
590,0.02537650,0.07929101,0.09531894,0.17086011,0.26617905
591,0.02427880,0.07649893,0.09605459,0.16620149,0.26225608
592,0.02771407,0.07736965,0.09548426,0.16567625,0.26116052
593,0.02513784,0.08081716,0.09971744,0.16758253,0.26729997
594,0.02700762,0.08374999,0.10374808,0.17072617,0.27447425
595,0.02665559,0.07500204,0.10118666,0.16912200,0.27030866
596,0.02660290,0.08296187,0.09506760,0.16812155,0.26318914
597,0.02700201,0.07375746,0.09453108,0.16838013,0.26291121
598,0.02488695,0.07206330,0.09573749,0.16933188,0.26506937
599,0.02558038,0.07127974,0.09591091,0.16663761,0.26254852
600,0.02787814,0.07331681,0.09590374,0.16455327,0.26045701
601,0.02540878,0.07121015,0.09937631,0.16369955,0.26307587
602,0.02739196,0.07285883,0.10106900,0.16470774,0.26577674
603,0.02686493,0.07307781,0.09749079,0.16673400,0.26422478
604,0.02657273,0.07417539,0.09496185,0.16877249,0.26373434
605,0.02721271,0.06897339,0.09550852,0.17032570,0.26583421
606,0.02602823,0.06852141,0.09435705,0.16670775,0.26106481
607,0.02918530,0.07480846,0.09615208,0.16637853,0.26253061
608,0.02718337,0.06917205,0.09872020,0.16659725,0.26531745
609,0.02921030,0.07916705,0.09837408,0.16913989,0.26751398
610,0.02699532,0.07102020,0.09520371,0.17103830,0.26624201
611,0.02606996,0.06830306,0.09473599,0.16924036,0.26397634
612,0.02621671,0.07082628,0.09564231,0.16665247,0.26229478
613,0.02668926,0.07339814,0.09912838,0.16444898,0.26357736
614,0.02616272,0.07556050,0.09785892,0.16395506,0.26181398
615,0.02386477,0.07876077,0.09563322,0.16787320,0.26350643
616,0.02679978,0.06750184,0.09478936,0.16992451,0.26471387
617,0.02451620,0.07067028,0.09610672,0.16843620,0.26454291
618,0.02563879,0.07191318,0.09571230,0.16386506,0.25957736
619,0.02666513,0.07676101,0.09700467,0.16297328,0.25997795
620,0.02591816,0.06799353,0.09704600,0.16742593,0.26447193
621,0.02500722,0.07418320,0.09595010,0.16804177,0.26399186
622,0.02567577,0.07750510,0.09279112,0.17150323,0.26429435
623,0.02528755,0.06882083,0.09221569,0.18112721,0.27334290
624,0.02523534,0.07838269,0.09266151,0.18463121,0.27729272
625,0.02422760,0.07913713,0.09294726,0.17136183,0.26430909
626,0.02607168,0.07087234,0.09393626,0.16301532,0.25695159
627,0.02665829,0.06948629,0.09776778,0.16395997,0.26172774
628,0.02558534,0.07388306,0.10079926,0.16455786,0.26535712
629,0.02753842,0.07267378,0.09552936,0.16215152,0.25768087
630,0.02768247,0.07846987,0.09207842,0.16774754,0.25982597
631,0.02604887,0.06858938,0.09237561,0.17553255,0.26790816
632,0.02752823,0.07848488,0.09242959,0.16854659,0.26097618
633,0.02517298,0.07301793,0.09691634,0.16229618,0.25921252
634,0.02536656,0.06919083,0.10120209,0.16765693,0.26885901
635,0.02698396,0.07557105,0.09790140,0.16515686,0.26305826
636,0.02511264,0.08011125,0.09344137,0.16206014,0.25550152
637,0.02565639,0.06860337,0.09257763,0.16960616,0.26218379
638,0.02793348,0.06612213,0.09314407,0.17207576,0.26521983
639,0.02533998,0.07449125,0.09371605,0.16893472,0.26265077
640,0.02473305,0.07228634,0.09719187,0.16351175,0.26070362
641,0.02693507,0.07125448,0.09680346,0.16133535,0.25813881
642,0.02640747,0.07201888,0.09468669,0.16126251,0.25594921
643,0.02661399,0.06927667,0.09590030,0.16250539,0.25840569
644,0.02600725,0.07153284,0.09556262,0.16369583,0.25925845
645,0.02477543,0.06898896,0.09308824,0.16470166,0.25778989
646,0.02641849,0.07054050,0.09500805,0.16483550,0.25984355
647,0.02596043,0.07279808,0.09523750,0.16471179,0.25994929
648,0.02389440,0.06594087,0.09338753,0.16486301,0.25825053
649,0.02589150,0.07715895,0.09150024,0.16677120,0.25827144
650,0.02358660,0.07112829,0.09114876,0.16400477,0.25515353
651,0.02529916,0.06571354,0.09131330,0.16325931,0.25457261
652,0.02504418,0.06882714,0.09211148,0.16206320,0.25417467
653,0.02572663,0.06929789,0.09461392,0.16239853,0.25701246
654,0.02368251,0.07390016,0.09722624,0.16231565,0.25954189
655,0.02464176,0.07360452,0.09380013,0.16018789,0.25398802
656,0.02588745,0.07076368,0.09100316,0.16008867,0.25109184
657,0.02578112,0.07037878,0.09105531,0.16304466,0.25409997
658,0.02502911,0.07248072,0.09033992,0.16596106,0.25630098
659,0.02257397,0.07327216,0.09117878,0.16254222,0.25372101
660,0.02415665,0.07169643,0.09270994,0.16113614,0.25384607
661,0.02460626,0.06611408,0.09229924,0.16034269,0.25264193
662,0.02579498,0.07855398,0.08989307,0.16024029,0.25013336
663,0.02381540,0.06923588,0.08947617,0.16523431,0.25471048
664,0.02392207,0.07402889,0.08976475,0.16489820,0.25466295
665,0.02632277,0.06316210,0.09310472,0.16279629,0.25590101
666,0.02532731,0.07726428,0.09463523,0.16176361,0.25639883
667,0.02338121,0.06484576,0.09332190,0.16108707,0.25440897
668,0.02492981,0.07078894,0.09178916,0.16134962,0.25313879
669,0.02566965,0.06763154,0.08982944,0.16305701,0.25288645
670,0.02479726,0.06607500,0.08988802,0.16660105,0.25648907
671,0.02359206,0.06403475,0.09031782,0.16593908,0.25625690
672,0.02567683,0.07002775,0.09016703,0.16681792,0.25698495
673,0.02509563,0.06908688,0.09128521,0.16352001,0.25480522
674,0.02379042,0.06497576,0.09339117,0.16062342,0.25401459
675,0.02473428,0.06636249,0.09302054,0.15876761,0.25178815
676,0.02467385,0.06840543,0.09010991,0.15859386,0.24870377
677,0.02413743,0.06962197,0.09040437,0.15874408,0.24914845
678,0.02730915,0.07556517,0.08906546,0.15827797,0.24734344
679,0.02554630,0.07319525,0.09071519,0.15649734,0.24721254
680,0.02456143,0.06640372,0.09376793,0.15582086,0.24958879
681,0.02495057,0.06756826,0.09208178,0.15630578,0.24838755
682,0.02555804,0.06813040,0.08924768,0.15713567,0.24638335
683,0.02501433,0.06063929,0.08979219,0.15877089,0.24856308
684,0.02451676,0.06910080,0.09026687,0.15987727,0.25014414
685,0.02439529,0.07497840,0.08992945,0.15996221,0.24989166
686,0.02331906,0.06671244,0.09199409,0.16059954,0.25259364
687,0.02561852,0.06485376,0.09669972,0.15724938,0.25394910
688,0.02431654,0.06883391,0.09989749,0.15568969,0.25558718
689,0.02654012,0.06601660,0.09147873,0.15564235,0.24712107
690,0.02687772,0.06428409,0.08903568,0.15671892,0.24575461
691,0.02316131,0.06430554,0.09219459,0.15893064,0.25112524
692,0.02826600,0.06449598,0.09281529,0.16287294,0.25568823
693,0.02558345,0.06852624,0.09514233,0.16286702,0.25800936
694,0.02457150,0.07566770,0.09953169,0.15715985,0.25669154
695,0.02610945,0.06642327,0.09652077,0.15570882,0.25222959
696,0.02374321,0.06648722,0.09361611,0.15490389,0.24851999
697,0.02355748,0.06728540,0.09383032,0.15478322,0.24861354
698,0.02514964,0.06391351,0.09339286,0.15454374,0.24793661
699,0.02622611,0.06195151,0.09196559,0.15430272,0.24626831
700,0.02542333,0.06858201,0.09356065,0.15915743,0.25271808
701,0.02600480,0.06988867,0.09740450,0.15604256,0.25344706
702,0.02481607,0.06880169,0.09536690,0.15383217,0.24919907
703,0.02354568,0.07428840,0.09106965,0.15440616,0.24547581
704,0.02379235,0.06198343,0.09007358,0.15737942,0.24745300
705,0.02483989,0.06868916,0.08947016,0.16077572,0.25024588
706,0.02417384,0.06011152,0.08946215,0.15831015,0.24777230
707,0.02495185,0.06766870,0.09650625,0.15587166,0.25237790
708,0.02434662,0.06659698,0.09677239,0.15621236,0.25298475
709,0.02495327,0.07498940,0.09209212,0.15668608,0.24877820
710,0.02633210,0.06685671,0.08843332,0.15794234,0.24637566
711,0.02565810,0.07103756,0.08832027,0.15813741,0.24645768
712,0.02376762,0.05848697,0.08770968,0.15765609,0.24536577
713,0.02408700,0.06868309,0.08940993,0.15669097,0.24610090
714,0.02365295,0.06696573,0.09111656,0.15491071,0.24602728
715,0.02220071,0.06095572,0.09046059,0.15479526,0.24525585
716,0.02401019,0.06489918,0.09084593,0.15489659,0.24574251
717,0.02323964,0.06347316,0.08915913,0.15510891,0.24426804
718,0.02250289,0.06393832,0.08820108,0.15599424,0.24419532
719,0.02431160,0.07186870,0.08820561,0.15827984,0.24648545
720,0.02608949,0.06332771,0.08913895,0.16160083,0.25073978
721,0.02386570,0.06970894,0.09091850,0.16187368,0.25279218
722,0.02513893,0.06190228,0.09461003,0.15674250,0.25135253
723,0.02278673,0.06468929,0.09393116,0.15381759,0.24774875
724,0.02399902,0.07277986,0.09039798,0.15402114,0.24441912
725,0.02354507,0.06331015,0.08842719,0.15289155,0.24131874
726,0.02515508,0.06666295,0.09001321,0.15437602,0.24438923
727,0.02402110,0.06628445,0.08952186,0.15718384,0.24670570
728,0.02446780,0.06747827,0.08730184,0.15648694,0.24378878
729,0.02421053,0.06057109,0.09091537,0.15412667,0.24504205
730,0.02459875,0.06327128,0.09591280,0.15389448,0.24980728
731,0.02336232,0.06588779,0.09329934,0.15229528,0.24559462
732,0.02283311,0.06683538,0.08921647,0.15176266,0.24097914
733,0.02461968,0.06789698,0.09002530,0.15148544,0.24151074
734,0.02549134,0.06855879,0.08910047,0.15208444,0.24118491
735,0.02437329,0.06720549,0.08939247,0.15869249,0.24808496
736,0.02277469,0.06674598,0.08894047,0.16168842,0.25062889
737,0.02627623,0.07366148,0.08964302,0.15773290,0.24737593
738,0.02478170,0.06337935,0.09045272,0.15680699,0.24725971
739,0.02492464,0.06437971,0.08949344,0.15650512,0.24599856
740,0.02515025,0.06186083,0.08835973,0.15689306,0.24525279
741,0.02354343,0.06896190,0.08820199,0.15766494,0.24586693
742,0.02607793,0.06456408,0.08932862,0.15771979,0.24704842
743,0.02354286,0.06217951,0.08903128,0.15501320,0.24404448
744,0.02349239,0.07206031,0.08899309,0.15250655,0.24149964
745,0.02278608,0.07159124,0.08805086,0.15173145,0.23978230
746,0.02557953,0.07083715,0.08859360,0.15300500,0.24159861
747,0.02210243,0.07350879,0.08858132,0.15391730,0.24249862
748,0.02239274,0.06771157,0.08811352,0.15421832,0.24233183
749,0.02467453,0.06994469,0.08705245,0.15413208,0.24118453
750,0.02387440,0.06569094,0.08677042,0.15422447,0.24099489
751,0.02452237,0.06498931,0.08699034,0.15371004,0.24070038
752,0.02367791,0.05825007,0.08740108,0.15435842,0.24175949
753,0.02378307,0.06582894,0.08738594,0.15304309,0.24042903
754,0.02447314,0.06007174,0.08897009,0.15157413,0.24054423
755,0.02497106,0.06010620,0.08958470,0.15195808,0.24154278
756,0.02406146,0.06147814,0.08803569,0.15237714,0.24041283
757,0.02385011,0.06441040,0.08661466,0.15270393,0.23931859
758,0.02380590,0.06155497,0.08725023,0.15049289,0.23774312
759,0.02436567,0.06310879,0.08687666,0.15016268,0.23703934
760,0.02401306,0.06431263,0.08728756,0.14958669,0.23687425
761,0.02269044,0.06676852,0.08805496,0.15211333,0.24016830
762,0.02269955,0.05825605,0.08725005,0.15404111,0.24129116
763,0.02541460,0.06195728,0.08736029,0.15257624,0.23993652
764,0.02359491,0.07149460,0.08796660,0.15140545,0.23937205
765,0.02254101,0.06717494,0.08848802,0.15115111,0.23963913
766,0.02269170,0.07132974,0.08893699,0.15160000,0.24053700
767,0.02375389,0.06398582,0.08864996,0.15160026,0.24025021
768,0.02341403,0.05565642,0.08799190,0.15266025,0.24065215
769,0.02164512,0.06661654,0.08832102,0.15121529,0.23953630
770,0.02348297,0.06605103,0.08755327,0.14988364,0.23743691
771,0.02237582,0.06455313,0.08646192,0.15139292,0.23785484
772,0.02317655,0.06053003,0.08752104,0.15295629,0.24047733
773,0.02406480,0.05998422,0.09061541,0.15406059,0.24467600
774,0.02155915,0.05701479,0.09123260,0.15109134,0.24232394
775,0.02338080,0.06689882,0.08977121,0.15025380,0.24002501
776,0.02276709,0.05638054,0.08802362,0.15017605,0.23819967
777,0.02241996,0.07030790,0.08794781,0.14853252,0.23648033
778,0.02228997,0.06415676,0.08937456,0.15390664,0.24328120
779,0.02283268,0.06821813,0.08913933,0.16276027,0.25189961
780,0.02389206,0.07308049,0.08721833,0.15700170,0.24422003
781,0.02473618,0.06461058,0.08562341,0.15325695,0.23888036
782,0.02294785,0.06037437,0.08657616,0.15332350,0.23989966
783,0.02197986,0.05972892,0.08898940,0.15416744,0.24315684
784,0.02144596,0.06760463,0.09034717,0.15085742,0.24120459
785,0.02261722,0.06426311,0.08862916,0.15505810,0.24368726
786,0.02565015,0.06366406,0.08567622,0.15914905,0.24482527
787,0.02489331,0.07275836,0.08536606,0.15503518,0.24040125
788,0.02300723,0.06907800,0.08669072,0.14870828,0.23539901
789,0.02383957,0.06057947,0.08776596,0.14940734,0.23717330
790,0.02430776,0.06401578,0.08869047,0.15138724,0.24007772
791,0.02431189,0.06225568,0.08621259,0.15566026,0.24187285
792,0.02138448,0.05945540,0.08571384,0.15546428,0.24117812
793,0.02297249,0.06339453,0.08803168,0.15407027,0.24210195
794,0.02209073,0.06476607,0.09108776,0.15194578,0.24303354
795,0.02473889,0.05920413,0.09202076,0.14991675,0.24193751
796,0.02306897,0.06762599,0.09100869,0.15048711,0.24149580
797,0.02476557,0.06327631,0.08760408,0.15227193,0.23987601
798,0.02238810,0.06447011,0.08626246,0.15498339,0.24124585
799,0.02189965,0.06170601,0.08728855,0.15372211,0.24101066
800,0.02269911,0.06505638,0.08903357,0.15295526,0.24198883
801,0.02350518,0.06437605,0.09098118,0.15141888,0.24240006
802,0.02402164,0.06662686,0.08496127,0.14942126,0.23438253
803,0.02381793,0.06620745,0.08766421,0.15472572,0.24238992
804,0.02367640,0.06087316,0.09287148,0.16588442,0.25875590
805,0.02432570,0.06692569,0.09295513,0.16690376,0.25985890
806,0.02564877,0.06123979,0.08608119,0.15778653,0.24386773
807,0.02402792,0.05842710,0.08507652,0.15157649,0.23665301
808,0.02220217,0.06429300,0.08945931,0.15137216,0.24083148
809,0.02450887,0.06191530,0.08562420,0.15181494,0.23743914
810,0.02226525,0.06711870,0.08536991,0.15309867,0.23846859
811,0.02195083,0.06173178,0.09041037,0.15618464,0.24659501
812,0.02433953,0.05599564,0.08772715,0.15739830,0.24512545
813,0.02078435,0.06184954,0.08521933,0.15642229,0.24164162
814,0.02434274,0.06972124,0.08840757,0.15042898,0.23883655
815,0.02501014,0.06263597,0.08753228,0.15211289,0.23964517
816,0.02409323,0.07306200,0.08559342,0.15240625,0.23799966
817,0.02274034,0.06630635,0.08785624,0.14961973,0.23747597
818,0.02423580,0.06968035,0.08833518,0.15799549,0.24633067
819,0.02357395,0.06578521,0.08718123,0.16555652,0.25273775
820,0.02558920,0.06427845,0.08648901,0.16345309,0.24994210
821,0.02297380,0.07039439,0.08836524,0.15403382,0.24239907
822,0.02335315,0.06202417,0.08489302,0.15110862,0.23600164
823,0.02282298,0.06546820,0.08538190,0.15224132,0.23762322
824,0.02263545,0.06877706,0.09186245,0.14749634,0.23935879
825,0.02159810,0.05884425,0.09483161,0.14957395,0.24440556
826,0.02375214,0.06476886,0.08742768,0.15633720,0.24376488
827,0.02247446,0.06541231,0.08474916,0.15695274,0.24170190
828,0.02206312,0.06057557,0.08687281,0.15360507,0.24047788
829,0.02209650,0.06676209,0.08468337,0.14879426,0.23347763
830,0.02199068,0.06214392,0.08481489,0.15180829,0.23662318
831,0.02195993,0.05988428,0.08946177,0.15307496,0.24253674
832,0.02306859,0.06514805,0.09040259,0.14757575,0.23797834
833,0.02334844,0.06499244,0.08535159,0.14945300,0.23480459
834,0.02228390,0.05867138,0.08467175,0.16258647,0.24725822
835,0.02397125,0.06411812,0.08369261,0.16623580,0.24992841
836,0.02225287,0.05491897,0.08302099,0.15634592,0.23936690
837,0.02573760,0.06042811,0.08489135,0.14802003,0.23291138
838,0.02439701,0.05611311,0.08438307,0.15377729,0.23816036
839,0.02208519,0.07286424,0.08384616,0.15272866,0.23657482
840,0.02213395,0.06529754,0.08452106,0.14991839,0.23443945
841,0.02321329,0.06317874,0.08494744,0.15267365,0.23762109
842,0.02158337,0.06654585,0.08301640,0.15828927,0.24130566
843,0.02006949,0.06999694,0.08174386,0.16006839,0.24181225
844,0.02358293,0.06614734,0.08470085,0.15083437,0.23553522
845,0.02268172,0.06416409,0.08587714,0.14794868,0.23382582
846,0.02270352,0.05893890,0.08301636,0.15139097,0.23440733
847,0.02250144,0.06039904,0.08167726,0.15225257,0.23392983
848,0.02265641,0.06838638,0.08117761,0.15016717,0.23134477
849,0.02139743,0.06415726,0.08277892,0.15582396,0.23860288
850,0.02207095,0.06729244,0.08545934,0.16312811,0.24858744
851,0.02353946,0.06928949,0.08453360,0.15611315,0.24064675
852,0.02271987,0.06662466,0.08331770,0.14875056,0.23206826
853,0.02166583,0.05843723,0.08231228,0.14621796,0.22853024
854,0.02029018,0.06441654,0.08160245,0.14767048,0.22927293
855,0.02304404,0.06158898,0.08212055,0.14717953,0.22930007
856,0.02239406,0.05784656,0.08316496,0.14881545,0.23198041
857,0.02056894,0.05477171,0.08354241,0.15232761,0.23587003
858,0.02129158,0.06117330,0.08352527,0.15312828,0.23665355
859,0.02210007,0.06255392,0.08255717,0.15080489,0.23336206
860,0.01935273,0.06237090,0.08154528,0.14935537,0.23090065
861,0.02066576,0.05900375,0.08290700,0.14802505,0.23093205
862,0.02231062,0.05471502,0.08498777,0.14718994,0.23217771
863,0.02298827,0.05613127,0.08450319,0.14595163,0.23045482
864,0.01988824,0.06463592,0.08331694,0.14496766,0.22828460
865,0.02265208,0.06141463,0.08338685,0.14516756,0.22855441
866,0.02264931,0.06057603,0.08219485,0.14623599,0.22843084
867,0.02154089,0.05531371,0.08486279,0.14679199,0.23165479
868,0.02119694,0.05618318,0.08555521,0.14512734,0.23068255
869,0.02318297,0.06005597,0.08377335,0.14355382,0.22732718
870,0.02153702,0.05814590,0.08242013,0.14452855,0.22694869
871,0.02113072,0.06795042,0.08221910,0.14778046,0.22999956
872,0.02149824,0.06516793,0.08094052,0.15520899,0.23614951
873,0.02241361,0.05845052,0.08213666,0.15374972,0.23588638
874,0.02261043,0.05782885,0.08244399,0.14987125,0.23231523
875,0.02314052,0.06350050,0.08056527,0.14595583,0.22652110
876,0.02158820,0.05673704,0.08173926,0.14495969,0.22669895
877,0.02116019,0.06097629,0.08289249,0.14461473,0.22750722
878,0.02269305,0.05832245,0.08193494,0.14455850,0.22649344
879,0.02241884,0.05893955,0.08114766,0.14456943,0.22571709
880,0.01950472,0.05375141,0.08423133,0.14581993,0.23005126
881,0.02349312,0.06032176,0.08469690,0.14574328,0.23044018
882,0.02283564,0.05647987,0.08250134,0.14441235,0.22691370
883,0.02289724,0.05943089,0.08001959,0.14297889,0.22299848
884,0.02008269,0.05785710,0.07943445,0.14316711,0.22260156
885,0.02246208,0.06154319,0.07985233,0.14264707,0.22249940
886,0.02100552,0.05668760,0.08353907,0.14376850,0.22730757
887,0.01932275,0.04949902,0.08347180,0.14740334,0.23087515
888,0.02097312,0.05537396,0.07984689,0.15147434,0.23132123
889,0.02094524,0.06554695,0.07965907,0.15038899,0.23004805
890,0.02153561,0.05656847,0.07998373,0.14866394,0.22864767
891,0.02206973,0.05854344,0.07982274,0.14734514,0.22716788
892,0.02249804,0.05774768,0.07985313,0.14625804,0.22611117
893,0.02120796,0.05974837,0.07942981,0.14541103,0.22484084
894,0.02157224,0.06063675,0.07977886,0.14606215,0.22584101
895,0.02202816,0.05662218,0.07975015,0.14790392,0.22765407
896,0.02003125,0.05790202,0.07905009,0.15059283,0.22964292
897,0.02142455,0.06796461,0.07823963,0.14918217,0.22742180
898,0.02087267,0.05436724,0.07852419,0.14723507,0.22575926
899,0.02082245,0.06494658,0.07955022,0.14608158,0.22563180
900,0.01985949,0.05076137,0.08082396,0.14765520,0.22847916
901,0.02161940,0.06334904,0.08122501,0.15130274,0.23252775
902,0.02181127,0.05590650,0.08072977,0.14997926,0.23070903
903,0.01902011,0.06119552,0.08020697,0.14495398,0.22516095
904,0.01989685,0.05777926,0.08005669,0.14383757,0.22389426
905,0.02097441,0.05592206,0.07894763,0.14468816,0.22363579
906,0.02027089,0.05485964,0.07820620,0.14521302,0.22341923
907,0.02174401,0.06454163,0.07846218,0.14574076,0.22420294
908,0.02011865,0.06116102,0.07844599,0.14764741,0.22609340
909,0.02172754,0.06200387,0.07825439,0.14808489,0.22633928
910,0.02091570,0.05742848,0.07883125,0.14790700,0.22673825
911,0.02038183,0.05975051,0.07949120,0.14606820,0.22555940
912,0.02114581,0.06280193,0.08040956,0.14479767,0.22520723
913,0.02242864,0.06303224,0.07945875,0.14331327,0.22277202
914,0.02258503,0.05069045,0.07963231,0.14212438,0.22175670
915,0.02012556,0.05854136,0.08147968,0.14040644,0.22188612
916,0.02137070,0.06227392,0.08119293,0.14395377,0.22514670
917,0.02106576,0.06445738,0.07928412,0.14943027,0.22871439
918,0.02071016,0.06477647,0.07988757,0.14903793,0.22892550
919,0.02290867,0.05813889,0.08139908,0.14471979,0.22611888
920,0.02199552,0.05815812,0.08280297,0.14400013,0.22680309
921,0.02141099,0.05607360,0.08265522,0.14353354,0.22618876
922,0.02025373,0.06127451,0.08130609,0.14234495,0.22365104
923,0.02106651,0.05477628,0.07971075,0.14167960,0.22139035
924,0.02139334,0.05244378,0.07870560,0.14517686,0.22388246
925,0.01982488,0.06257425,0.07820529,0.15033855,0.22854383
926,0.02077659,0.05755278,0.07842435,0.15109485,0.22951920
927,0.02090439,0.06829595,0.07829276,0.14332452,0.22161728
928,0.02124600,0.05886158,0.07850175,0.14371546,0.22221720
929,0.02068310,0.05530658,0.07947310,0.14362547,0.22309857
930,0.02207558,0.06574856,0.08018272,0.14179659,0.22197931
931,0.02264492,0.06024846,0.07885485,0.14379780,0.22265265
932,0.02101019,0.06725358,0.07850687,0.14395770,0.22246458
933,0.02267419,0.05391006,0.07885133,0.14442903,0.22328036
934,0.02243277,0.05329835,0.07869565,0.14204726,0.22074290
935,0.02027428,0.05827882,0.07856097,0.14172156,0.22028253
936,0.02097398,0.06264573,0.07900418,0.14102907,0.22003326
937,0.02077868,0.05161181,0.07972952,0.14127226,0.22100178
938,0.02091908,0.05503736,0.07999254,0.14413314,0.22412568
939,0.02067960,0.06213352,0.08052569,0.14831990,0.22884559
940,0.02224324,0.05819745,0.07968611,0.14452389,0.22421000
941,0.01917255,0.05625454,0.07863218,0.14208871,0.22072089
942,0.02007844,0.05622414,0.07874364,0.14128414,0.22002777
943,0.01982645,0.05574097,0.08024552,0.14364296,0.22388848
944,0.02239030,0.05917451,0.08041883,0.14164904,0.22206787
945,0.01996407,0.06037136,0.07795321,0.14243574,0.22038896
946,0.02020329,0.06078256,0.07692784,0.15035883,0.22728667
947,0.02070224,0.06615379,0.08012674,0.14899133,0.22911807
948,0.02013659,0.05684702,0.08127970,0.14103131,0.22231101
949,0.02190314,0.05801032,0.07918238,0.13864829,0.21783067
950,0.02194450,0.05943547,0.07941678,0.14085893,0.22027571
951,0.01978875,0.05305538,0.08390437,0.14144191,0.22534628
952,0.02170357,0.05803072,0.08534909,0.14619708,0.23154617
953,0.02055289,0.05641800,0.08330841,0.15232371,0.23563212
954,0.02277598,0.05921154,0.08006461,0.15053128,0.23059589
955,0.02228408,0.05920429,0.07874426,0.14466119,0.22340544
956,0.01958585,0.05914424,0.08190982,0.14492220,0.22683202
957,0.01960965,0.06177934,0.08147877,0.14743483,0.22891361
958,0.02100036,0.06380961,0.07934380,0.14561442,0.22495821
959,0.02154367,0.06014198,0.07824236,0.14285015,0.22109251
960,0.01943161,0.05483094,0.07992531,0.14380559,0.22373090
961,0.02228093,0.05664450,0.08072340,0.14950052,0.23022392
962,0.02110646,0.05525459,0.07967083,0.15040508,0.23007591
963,0.02089511,0.05779215,0.07884051,0.14253046,0.22137097
964,0.02023987,0.05657263,0.07978018,0.14031103,0.22009122
965,0.02220479,0.05473728,0.07878453,0.14188516,0.22066969
966,0.02208796,0.05498568,0.08057867,0.14280784,0.22338651
967,0.02158846,0.05738902,0.07779624,0.14312309,0.22091933
968,0.02091047,0.05387814,0.07688112,0.14183521,0.21871633
969,0.01947638,0.05865942,0.07767688,0.14059532,0.21827219
970,0.01901116,0.05690829,0.07802393,0.14004211,0.21806604
971,0.01942831,0.05439182,0.07793140,0.14001311,0.21794451
972,0.02095413,0.05352794,0.07710201,0.14019115,0.21729316
973,0.01911251,0.05560397,0.07768174,0.14059220,0.21827395
974,0.02056111,0.04761341,0.07771592,0.14109772,0.21881364
975,0.02032734,0.05705904,0.07786293,0.14156498,0.21942791
976,0.02127009,0.05185070,0.07753448,0.14293170,0.22046618
977,0.01958863,0.05720684,0.07713440,0.14201210,0.21914650
978,0.02255068,0.06405260,0.07750836,0.14234932,0.21985768
979,0.01936770,0.05805758,0.07828555,0.14362481,0.22191036
980,0.02068027,0.05501856,0.07678996,0.14401406,0.22080402
981,0.02068063,0.05511507,0.07741681,0.14388697,0.22130378
982,0.02155447,0.05261078,0.07924326,0.14495362,0.22419688
983,0.01806575,0.05630120,0.07909296,0.14496404,0.22405700
984,0.01968584,0.05579270,0.07751880,0.14222050,0.21973930
985,0.02042705,0.05526526,0.07795085,0.13973680,0.21768765
986,0.02071106,0.05227195,0.07978339,0.14229754,0.22208093
987,0.02057193,0.05223842,0.07825788,0.14534324,0.22360113
988,0.02076050,0.06224031,0.07661100,0.14576714,0.22237813
989,0.01890657,0.05826547,0.07814685,0.14165507,0.21980192
990,0.01904198,0.05220034,0.07843653,0.13824071,0.21667724
991,0.02076563,0.05395076,0.07679761,0.13852376,0.21532137
992,0.01925034,0.05537850,0.07773075,0.14230165,0.22003239
993,0.02116700,0.05194256,0.07759361,0.14727664,0.22487025
994,0.01895894,0.05839804,0.07713585,0.14693937,0.22407522
995,0.02216543,0.05980318,0.07923062,0.14313595,0.22236657
996,0.02089345,0.05773573,0.07801341,0.14159152,0.21960493
997,0.01881073,0.05229224,0.07699651,0.14186285,0.21885936
998,0.02018863,0.05265041,0.08092003,0.14095357,0.22187360
999,0.01972920,0.05434136,0.08010008,0.14238401,0.22248409
1000,0.01918194,0.05498260,0.07650485,0.14643523,0.22294008
1001,0.02025347,0.05942326,0.07925780,0.14407176,0.22332956
1002,0.01975446,0.04327635,0.08074716,0.14071897,0.22146612
1003,0.02028556,0.06257196,0.07773293,0.13857494,0.21630787
1004,0.02138513,0.05153302,0.07724441,0.13889530,0.21613971
1005,0.01917446,0.05045171,0.07949820,0.13864376,0.21814196
1006,0.02153096,0.05892053,0.07787151,0.14049713,0.21836864
1007,0.01968211,0.06022777,0.07432843,0.14506160,0.21939003
1008,0.01890695,0.06034852,0.07687029,0.14708354,0.22395383
1009,0.02044929,0.05436233,0.07837996,0.14565901,0.22403897
1010,0.02148336,0.04844098,0.07773156,0.14297986,0.22071142
1011,0.01879339,0.05552857,0.07728516,0.14253029,0.21981546
1012,0.01838022,0.05666788,0.07864660,0.14197096,0.22061756
1013,0.01970884,0.04998123,0.07888637,0.14149867,0.22038504
1014,0.02017865,0.05562136,0.07644612,0.14170675,0.21815287
1015,0.01858380,0.05395078,0.07650468,0.14007697,0.21658165
1016,0.01803194,0.05687442,0.07899426,0.13852890,0.21752316
1017,0.02031180,0.04782881,0.07786593,0.13815743,0.21602336
1018,0.01763972,0.06147324,0.07637271,0.13787667,0.21424939
1019,0.01944982,0.05671529,0.07532967,0.13734242,0.21267209
1020,0.01981426,0.06292018,0.07685735,0.14009736,0.21695472
1021,0.01952210,0.05712177,0.07792044,0.14192022,0.21984066
1022,0.02034126,0.04917550,0.07720198,0.13995442,0.21715640
1023,0.02056807,0.04939752,0.07498102,0.14003630,0.21501732
1024,0.02000263,0.05616196,0.07562599,0.14152192,0.21714790
1025,0.01957521,0.05264876,0.07806071,0.14213030,0.22019101
1026,0.02313796,0.05831337,0.07738943,0.14009580,0.21748523
1027,0.01995559,0.05640219,0.07684452,0.13761547,0.21445999
1028,0.02192417,0.05364830,0.07590158,0.13706891,0.21297049
1029,0.01976193,0.05780315,0.07585178,0.14226437,0.21811614
1030,0.01952900,0.05728440,0.07596399,0.14278238,0.21874636
1031,0.01933044,0.06140113,0.07537684,0.14005782,0.21543466
1032,0.01933352,0.06354596,0.07458323,0.13854511,0.21312834
1033,0.01950826,0.05426402,0.07500320,0.13873422,0.21373742
1034,0.01935066,0.05294022,0.07563625,0.13834780,0.21398405
1035,0.01927050,0.05694291,0.07571823,0.13907447,0.21479271
1036,0.02106707,0.05645655,0.07541390,0.14065072,0.21606462
1037,0.01955419,0.05022108,0.07466525,0.13775651,0.21242176
1038,0.01816135,0.05427151,0.07492682,0.13719794,0.21212476
1039,0.01943623,0.05570677,0.07378775,0.13774660,0.21153435
1040,0.02147103,0.04538048,0.07424346,0.13872437,0.21296783
1041,0.01846229,0.05617133,0.07539378,0.14036511,0.21575889
1042,0.01850842,0.05714591,0.07598169,0.14332660,0.21930829
1043,0.02063856,0.06000979,0.07500204,0.14463089,0.21963293
1044,0.01942635,0.06494390,0.07499690,0.13963164,0.21462855
1045,0.01973790,0.05643827,0.07565853,0.13588522,0.21154375
1046,0.01914088,0.05099784,0.07746366,0.13597395,0.21343760
1047,0.02026212,0.05726606,0.07594091,0.13589440,0.21183532
1048,0.01940735,0.06157036,0.07645182,0.13548523,0.21193705
1049,0.02046869,0.05517484,0.07732999,0.13688812,0.21421810
1050,0.01881771,0.05024901,0.07464570,0.14273308,0.21737878
1051,0.01993968,0.05627490,0.07438715,0.15096402,0.22535117
1052,0.01987358,0.05846659,0.07594246,0.15144269,0.22738515
1053,0.01845095,0.05439148,0.07621734,0.14237097,0.21858831
1054,0.01795265,0.05495887,0.07470191,0.13689795,0.21159986
1055,0.01807668,0.05587875,0.07423101,0.13597409,0.21020511
1056,0.01990175,0.05774834,0.07408366,0.13462758,0.20871124
1057,0.01799318,0.05841411,0.07390329,0.13543978,0.20934308
1058,0.01931680,0.05357743,0.07308052,0.13856176,0.21164227
1059,0.01753644,0.05303891,0.07289673,0.13952427,0.21242100
1060,0.01931781,0.04601508,0.07276980,0.13749801,0.21026780
1061,0.01990804,0.04801228,0.07426509,0.13581227,0.21007735
1062,0.01948862,0.05130369,0.07638761,0.13600571,0.21239332
1063,0.01877393,0.05134197,0.07721556,0.13762659,0.21484215
1064,0.01814460,0.05497682,0.07598627,0.13858028,0.21456654
1065,0.02008608,0.05589635,0.07396327,0.13629925,0.21026252
1066,0.02077353,0.05627065,0.07387616,0.13516285,0.20903900
1067,0.01914287,0.05439998,0.07367089,0.13574107,0.20941196
1068,0.01988480,0.05932369,0.07353059,0.13699770,0.21052829
1069,0.01771600,0.05511555,0.07450987,0.13696562,0.21147549
1070,0.01959217,0.05250254,0.07531326,0.14004289,0.21535615
1071,0.01939297,0.05100307,0.07675447,0.14228189,0.21903636
1072,0.02035600,0.05813496,0.07676353,0.14483342,0.22159695
1073,0.01992442,0.05674608,0.07692318,0.14616907,0.22309225
1074,0.01890503,0.06158944,0.07766929,0.14501907,0.22268836
1075,0.02162074,0.05790980,0.07668588,0.14144292,0.21812881
1076,0.02004043,0.04884321,0.07474907,0.13896473,0.21371380
1077,0.01840947,0.05634433,0.07372591,0.14252141,0.21624732
1078,0.01933206,0.05133772,0.07267000,0.14257064,0.21524064
1079,0.01841838,0.04984444,0.07377345,0.13983475,0.21360820
1080,0.01872321,0.05647616,0.07463287,0.13773386,0.21236673
1081,0.01851354,0.05394619,0.07315256,0.13810487,0.21125743
1082,0.01871499,0.05856802,0.07388883,0.13925034,0.21313917
1083,0.02055863,0.05897544,0.07507008,0.13914578,0.21421586
1084,0.01970678,0.04868664,0.07438841,0.13878892,0.21317734
1085,0.01937145,0.06051751,0.07777920,0.13643456,0.21421376
1086,0.02006532,0.05721648,0.07525101,0.13738847,0.21263948
1087,0.01999389,0.05719441,0.07442812,0.14657417,0.22100229
1088,0.01957853,0.05408463,0.07639019,0.15218414,0.22857434
1089,0.01833692,0.05083794,0.07729369,0.14489095,0.22218464
1090,0.02019174,0.05690183,0.07491001,0.13906580,0.21397582
1091,0.02003673,0.05831021,0.07313076,0.14024989,0.21338066
1092,0.01949246,0.05048678,0.07302113,0.14279334,0.21581447
1093,0.01919300,0.05089009,0.07304802,0.14003310,0.21308111
1094,0.01935234,0.05998027,0.07440797,0.13566326,0.21007123
1095,0.01917017,0.05474710,0.07532645,0.13826393,0.21359038
1096,0.01949636,0.05286666,0.07474547,0.14045802,0.21520349
1097,0.01778391,0.05242095,0.07490412,0.13905314,0.21395726
1098,0.01972555,0.05958593,0.07569348,0.13643327,0.21212675
1099,0.01935614,0.05727532,0.07556703,0.13662557,0.21219260
1100,0.01900792,0.06075414,0.07416133,0.13783260,0.21199393
1101,0.01779386,0.05396972,0.07274137,0.13903746,0.21177883
1102,0.01977831,0.05355515,0.07478177,0.14047666,0.21525843
1103,0.02075024,0.05515875,0.07501817,0.14102009,0.21603826
1104,0.02004340,0.05442738,0.07408699,0.14038461,0.21447161
1105,0.01957226,0.05295436,0.07474719,0.13746448,0.21221167
1106,0.01732823,0.05402708,0.07716653,0.13638017,0.21354669
1107,0.01849033,0.04860257,0.07768713,0.13522892,0.21291605
1108,0.02006833,0.04973563,0.07519398,0.13382907,0.20902305
1109,0.01803730,0.05556559,0.07336958,0.13352196,0.20689154
1110,0.01915563,0.05680109,0.07652994,0.13390499,0.21043494
1111,0.01898257,0.05011292,0.07959608,0.13550438,0.21510046
1112,0.02138693,0.05137610,0.07695365,0.13742360,0.21437725
1113,0.02089146,0.05443707,0.07306921,0.13491438,0.20798359
1114,0.01790015,0.05779594,0.07730860,0.13536014,0.21266874
1115,0.01895281,0.04868558,0.07963382,0.13612017,0.21575399
1116,0.02175121,0.05027721,0.07690381,0.13543788,0.21234168
1117,0.02064698,0.04700702,0.07757834,0.13642569,0.21400403
1118,0.01839895,0.05423465,0.07754841,0.13850817,0.21605659
1119,0.02142788,0.04966424,0.07537325,0.14178526,0.21715852
1120,0.01910898,0.05001364,0.08400984,0.13973312,0.22374296
1121,0.01879023,0.05128693,0.08313288,0.13796978,0.22110265
1122,0.02154747,0.05141548,0.07490503,0.13644822,0.21135325
1123,0.02048816,0.04794924,0.07679481,0.13586426,0.21265907
1124,0.01981922,0.05313288,0.07846689,0.13506724,0.21353413
1125,0.02013570,0.05450780,0.07531824,0.13811249,0.21343073
1126,0.01668358,0.05104628,0.07353454,0.14269201,0.21622656
1127,0.01782195,0.06015728,0.07433588,0.13907221,0.21340809
1128,0.01851292,0.05255235,0.07422868,0.13250893,0.20673762
1129,0.01921561,0.05063445,0.07288355,0.13186044,0.20474399
1130,0.01940951,0.04679765,0.07330807,0.13265435,0.20596243
1131,0.01808743,0.05050280,0.07311197,0.13432066,0.20743263
1132,0.01929859,0.05004685,0.07252552,0.13659190,0.20911742
1133,0.01873556,0.04953249,0.07403205,0.13632351,0.21035556
1134,0.01767292,0.05656172,0.07591397,0.13437900,0.21029297
1135,0.01918615,0.05206697,0.07651320,0.13373829,0.21025150
1136,0.01937372,0.04897147,0.07399154,0.13444501,0.20843656
1137,0.01889625,0.05446307,0.07299156,0.13504928,0.20804084
1138,0.01784215,0.05410719,0.07415711,0.13452584,0.20868295
1139,0.01857963,0.05241524,0.07408865,0.13435103,0.20843968
1140,0.02100556,0.05333175,0.07284323,0.13473788,0.20758111
1141,0.01861629,0.05134675,0.07293651,0.13590592,0.20884243
1142,0.01874587,0.04967219,0.07463413,0.13602069,0.21065482
1143,0.01875787,0.04965071,0.07245876,0.13486941,0.20732817
1144,0.01764002,0.05525702,0.07267796,0.13427596,0.20695392
1145,0.01822857,0.05225475,0.07271997,0.13421017,0.20693014
1146,0.01786520,0.05482775,0.07251722,0.13381590,0.20633312
1147,0.02026501,0.05583051,0.07328413,0.13319838,0.20648251
1148,0.01921710,0.05252639,0.07456375,0.13583930,0.21040305
1149,0.01840267,0.05397418,0.07418311,0.13685307,0.21103618
1150,0.01924511,0.05216125,0.07204594,0.13381788,0.20586382
1151,0.01885217,0.05249207,0.07121861,0.13410641,0.20532502
1152,0.01694513,0.05394258,0.07445101,0.13421659,0.20866760
1153,0.01959086,0.06154326,0.07424419,0.13140334,0.20564753
1154,0.01816887,0.05345391,0.07340559,0.13459156,0.20799715
1155,0.01905089,0.04847391,0.07305334,0.14148001,0.21453335
1156,0.01889934,0.05125831,0.07063775,0.14276004,0.21339779
1157,0.01786455,0.05198073,0.07044300,0.13709936,0.20754235
1158,0.01765765,0.05065923,0.07247282,0.13311076,0.20558358
1159,0.01896409,0.05602314,0.07331743,0.13372715,0.20704458
1160,0.01855542,0.05410622,0.07447346,0.13423426,0.20870773
1161,0.01742428,0.05450905,0.07390227,0.13050249,0.20440476
1162,0.01713155,0.05093751,0.07302365,0.13419643,0.20722008
1163,0.01744432,0.05509416,0.07325042,0.14844193,0.22169235
1164,0.01832378,0.05756456,0.07369970,0.15329580,0.22699550
1165,0.01850646,0.05376212,0.07236973,0.14176117,0.21413090
1166,0.01823680,0.05382802,0.07271134,0.13315536,0.20586670
1167,0.01905668,0.04586094,0.07289647,0.13568656,0.20858303
1168,0.01746300,0.05363970,0.07284755,0.13464813,0.20749567
1169,0.01967648,0.04940876,0.07324075,0.13229461,0.20553536
1170,0.01852194,0.05172342,0.07415573,0.13354683,0.20770256
1171,0.01971835,0.05445964,0.07458030,0.13513729,0.20971759
1172,0.01840210,0.04921612,0.07372811,0.13320313,0.20693124
1173,0.01827253,0.04661646,0.07258499,0.13000412,0.20258911
1174,0.01824475,0.05141620,0.07114985,0.12986836,0.20101821
1175,0.01752570,0.05924401,0.07145116,0.13095514,0.20240631
1176,0.01832252,0.05328235,0.07023366,0.13067192,0.20090558
1177,0.01792834,0.05224466,0.06987289,0.13148409,0.20135698
1178,0.01710407,0.04654845,0.07008783,0.13519765,0.20528548
1179,0.01862131,0.05183002,0.07139041,0.13781294,0.20920335
1180,0.01926513,0.05129527,0.07341743,0.13524434,0.20866177
1181,0.01919360,0.05322257,0.07442711,0.13149978,0.20592689
1182,0.01912620,0.05608017,0.07476730,0.13151391,0.20628121
1183,0.01736873,0.04650349,0.07453953,0.13245472,0.20699426
1184,0.01884699,0.05210536,0.07402077,0.13277072,0.20679148
1185,0.01750707,0.04943517,0.07226192,0.13390985,0.20617177
1186,0.01786819,0.04695493,0.07043050,0.13481966,0.20525016
1187,0.01917851,0.04733966,0.07152248,0.13530231,0.20682479
1188,0.01735478,0.05110657,0.07179191,0.13542455,0.20721646
1189,0.01736271,0.05079297,0.07192696,0.13481985,0.20674681
1190,0.01781860,0.04652429,0.07250294,0.13345817,0.20596111
1191,0.01586078,0.04941004,0.07233898,0.13152167,0.20386066
1192,0.01859054,0.05273266,0.07120105,0.13162598,0.20282703
1193,0.01719737,0.04645329,0.07248180,0.13155805,0.20403984
1194,0.01824525,0.05318986,0.07473414,0.13283980,0.20757394
1195,0.01924013,0.04798323,0.07043570,0.13395654,0.20439223
1196,0.01815720,0.05455529,0.07257808,0.13487294,0.20745102
1197,0.02028899,0.04773619,0.07609430,0.13416530,0.21025960
1198,0.01947401,0.05554144,0.07599378,0.13192643,0.20792022
1199,0.01789501,0.05229035,0.07317775,0.13182190,0.20499966
1200,0.01800460,0.04890576,0.07131958,0.13315120,0.20447078
1201,0.01849396,0.05481441,0.06898897,0.13284032,0.20182929
1202,0.01740766,0.05002555,0.07061487,0.13441563,0.20503050
1203,0.01896616,0.05423474,0.07171120,0.13564445,0.20735566
1204,0.01868291,0.05533491,0.07387199,0.13395102,0.20782301
1205,0.01605155,0.04485862,0.07549798,0.13254917,0.20804714
1206,0.01696330,0.05180875,0.07384717,0.13277239,0.20661955
1207,0.01959507,0.04970726,0.07237847,0.13409027,0.20646875
1208,0.01723370,0.05119725,0.07324321,0.13359806,0.20684127
1209,0.01759615,0.04877284,0.07249466,0.13336825,0.20586291
1210,0.01744895,0.04732799,0.07135008,0.13515425,0.20650433
1211,0.01814020,0.04905024,0.07304188,0.13437450,0.20741638
1212,0.01800818,0.05255875,0.07620572,0.13319927,0.20940499
1213,0.01960850,0.04960443,0.07627892,0.13210706,0.20838598
1214,0.01840241,0.04623935,0.07294603,0.13178065,0.20472668
1215,0.01867163,0.05625775,0.07333741,0.13346361,0.20680101
1216,0.01848703,0.05294214,0.07398296,0.13439052,0.20837348
1217,0.01822653,0.05266651,0.07264806,0.13303372,0.20568178
1218,0.01812214,0.05392712,0.07215192,0.13349648,0.20564840
1219,0.01798597,0.05264599,0.07471966,0.13712972,0.21184938
1220,0.02038898,0.04842120,0.07344381,0.13634524,0.20978905
1221,0.01737711,0.05256277,0.07041897,0.13149442,0.20191339
1222,0.01787777,0.04326863,0.07056785,0.12965520,0.20022305
1223,0.01904079,0.04708314,0.07037168,0.13067003,0.20104171
1224,0.01663890,0.05438740,0.07107729,0.13116096,0.20223825
1225,0.01720022,0.05810365,0.07203174,0.13119644,0.20322818
1226,0.01881532,0.04791065,0.07134394,0.13389663,0.20524058
1227,0.01788747,0.04779178,0.06983896,0.13796039,0.20779935
1228,0.01775742,0.04476604,0.06943756,0.13698626,0.20642381
1229,0.01802579,0.05430264,0.07104181,0.13376544,0.20480726
1230,0.01878786,0.04837183,0.07157856,0.13126078,0.20283934
1231,0.01864045,0.04756203,0.07103404,0.13286570,0.20389973
1232,0.01767826,0.05225679,0.07076005,0.13031967,0.20107972
1233,0.01639216,0.04717241,0.07417406,0.12992306,0.20409712
1234,0.01730553,0.04409410,0.07187831,0.13441336,0.20629167
1235,0.01692240,0.04995200,0.06916174,0.13558018,0.20474192
1236,0.01679840,0.04796176,0.07271481,0.13261540,0.20533022
1237,0.01909491,0.05817628,0.07083332,0.13194574,0.20277906
1238,0.01817124,0.05536037,0.06997236,0.13231722,0.20228957
1239,0.01920097,0.04151640,0.06946576,0.13109456,0.20056032
1240,0.01829019,0.04491099,0.07116850,0.12754069,0.19870919
1241,0.01738187,0.04062003,0.07079840,0.12624206,0.19704045
1242,0.01720456,0.04805764,0.07014216,0.12802662,0.19816878
1243,0.01625394,0.05138781,0.07080400,0.12787265,0.19867665
1244,0.01713618,0.05053140,0.07319585,0.12687206,0.20006792
1245,0.01778128,0.04526581,0.07329107,0.12639396,0.19968503
1246,0.01662239,0.05115260,0.07189758,0.12699208,0.19888966
1247,0.01709328,0.05309903,0.07099272,0.12765715,0.19864986
1248,0.01705099,0.04824689,0.07483806,0.12742144,0.20225950
1249,0.01923329,0.04496163,0.07642217,0.12715420,0.20357637
1250,0.01743798,0.04990073,0.07443065,0.12799822,0.20242887
1251,0.01801017,0.04588281,0.07198047,0.12842222,0.20040268
1252,0.01842082,0.05039171,0.07115373,0.12744369,0.19859742
1253,0.01663634,0.04509952,0.07210015,0.12797534,0.20007549
1254,0.01750864,0.04777069,0.07275649,0.12880810,0.20156459
1255,0.01744631,0.04515704,0.07178001,0.12859276,0.20037277
1256,0.01690075,0.05067561,0.07048929,0.12945785,0.19994713
1257,0.01769222,0.05133327,0.07099843,0.13107577,0.20207420
1258,0.01720836,0.04555672,0.07310720,0.12871298,0.20182018
1259,0.01764367,0.04267761,0.07531656,0.12789172,0.20320828
1260,0.01883465,0.04933411,0.07340624,0.12735552,0.20076176
1261,0.01756095,0.04760265,0.07089727,0.12792605,0.19882332
1262,0.01822365,0.04858410,0.06887778,0.12857381,0.19745158
1263,0.01757429,0.05859307,0.07047454,0.12846178,0.19893631
1264,0.01965776,0.05106765,0.07133254,0.12948830,0.20082084
1265,0.01760830,0.05282589,0.07023600,0.13144603,0.20168203
1266,0.01893917,0.04949683,0.06926137,0.13140732,0.20066869
1267,0.01790288,0.05078914,0.06961029,0.12919457,0.19880486
1268,0.01621218,0.04943345,0.06939705,0.12818603,0.19758308
1269,0.01668541,0.04779874,0.06990115,0.12798083,0.19788197
1270,0.01663195,0.05061733,0.06911710,0.12926131,0.19837841
1271,0.01756327,0.04750780,0.06843975,0.12837888,0.19681863
1272,0.01693729,0.05138115,0.06939857,0.12797354,0.19737211
1273,0.01744367,0.04577374,0.06802470,0.13400516,0.20202986
1274,0.01716684,0.05029674,0.06753527,0.13633104,0.20386631
1275,0.01707450,0.05645772,0.06814947,0.12884311,0.19699258
1276,0.01837519,0.04422898,0.06833360,0.12700740,0.19534099
1277,0.01870450,0.05073450,0.06887932,0.12899745,0.19787677
1278,0.01646274,0.05074620,0.06986322,0.12814254,0.19800575
1279,0.01784350,0.05143923,0.07087952,0.12761858,0.19849810
1280,0.01860862,0.05014244,0.07106049,0.13373089,0.20479137
1281,0.01744830,0.05338694,0.06940139,0.13451575,0.20391714
1282,0.01875492,0.05027151,0.06845485,0.13211212,0.20056696
1283,0.01769210,0.04879595,0.06780165,0.13145025,0.19925191
1284,0.01704591,0.05027910,0.06744198,0.13185582,0.19929779
1285,0.01797526,0.05385767,0.06884862,0.13125506,0.20010368
1286,0.01710134,0.04977185,0.07095991,0.13054079,0.20150070
1287,0.01665974,0.05227328,0.07172342,0.13128845,0.20301187
1288,0.01763621,0.05766027,0.07099925,0.13192472,0.20292397
1289,0.01738535,0.05014368,0.06983208,0.13308127,0.20291335
1290,0.01697841,0.04616719,0.07221576,0.13423069,0.20644645
1291,0.01874068,0.04969065,0.07556438,0.13459654,0.21016092
1292,0.01825423,0.05254468,0.07360160,0.13404875,0.20765035
1293,0.01796357,0.04719530,0.07025924,0.13313749,0.20339674
1294,0.01783153,0.05172237,0.07158194,0.13109206,0.20267399
1295,0.01613042,0.04784937,0.07281803,0.12859638,0.20141441
1296,0.01861811,0.04526643,0.06958488,0.12748496,0.19706984
1297,0.01664286,0.04779688,0.06959704,0.12853438,0.19813142
1298,0.01634587,0.05391865,0.07186934,0.12977655,0.20164590
1299,0.01960046,0.05036643,0.06873346,0.12977521,0.19850867
1300,0.01692662,0.04931349,0.07240464,0.12965165,0.20205629
1301,0.01744355,0.04476633,0.07419831,0.12787047,0.20206878
1302,0.01720360,0.04608544,0.07382058,0.12724246,0.20106304
1303,0.01762534,0.04533388,0.07370888,0.12880097,0.20250986
1304,0.01899584,0.05009642,0.07062393,0.13083760,0.20146154
1305,0.01628892,0.05192598,0.06893796,0.13466963,0.20360759
1306,0.01538343,0.04962147,0.07184938,0.13485290,0.20670228
1307,0.01732989,0.04406859,0.07252465,0.13171095,0.20423560
1308,0.01777853,0.04793280,0.07036567,0.12922084,0.19958652
1309,0.01754647,0.04463904,0.06861275,0.12663208,0.19524483
1310,0.01801770,0.04464728,0.06942161,0.12673667,0.19615828
1311,0.01694015,0.04433486,0.07234964,0.12792102,0.20027065
1312,0.01949741,0.05010927,0.07252090,0.12783776,0.20035866
1313,0.01685152,0.04619473,0.07148931,0.12737295,0.19886226
1314,0.01812614,0.04836366,0.07205178,0.12782669,0.19987847
1315,0.01611418,0.04847684,0.06976251,0.12889153,0.19865404
1316,0.01718653,0.04485297,0.06973808,0.12699042,0.19672850
1317,0.01771873,0.04444302,0.07144904,0.12917039,0.20061943
1318,0.01672091,0.05150882,0.06991327,0.13041440,0.20032766
1319,0.01672363,0.05043523,0.06838264,0.12977496,0.19815760
1320,0.01659083,0.05473993,0.06924830,0.13047414,0.19972244
1321,0.01856671,0.04592803,0.07265796,0.13232468,0.20498264
1322,0.01850107,0.04559912,0.07372444,0.13456683,0.20829127
1323,0.01683190,0.05522665,0.07307027,0.13169566,0.20476593
1324,0.01768315,0.04561099,0.07094843,0.12939407,0.20034250
1325,0.01664728,0.04935589,0.06904074,0.13036627,0.19940700
1326,0.01686999,0.04311110,0.06877854,0.12915687,0.19793541
1327,0.01671176,0.04843044,0.06905161,0.12722477,0.19627638
1328,0.01549502,0.05120190,0.06917772,0.12882170,0.19799943
1329,0.01941498,0.04151183,0.07127877,0.13098063,0.20225940
1330,0.01843943,0.04618453,0.07041940,0.12869032,0.19910972
1331,0.01703324,0.04598895,0.06831075,0.12710194,0.19541269
1332,0.01807055,0.04423703,0.06955859,0.12809342,0.19765201
1333,0.01746171,0.05002562,0.06949716,0.12641692,0.19591408
1334,0.01567949,0.04774233,0.06932786,0.12560144,0.19492930
1335,0.01662179,0.04566104,0.07015429,0.12844911,0.19860341
1336,0.01725866,0.05013810,0.07155938,0.13151819,0.20307757
1337,0.01664744,0.04313911,0.06768287,0.13002326,0.19770613
1338,0.01673117,0.04943905,0.06847412,0.12638843,0.19486255
1339,0.01753060,0.04956449,0.06871955,0.12731314,0.19603269
1340,0.01814681,0.04568897,0.06668701,0.12975399,0.19644100
1341,0.01712955,0.04840166,0.06660820,0.12753689,0.19414509
1342,0.01550160,0.04785634,0.06756151,0.12755387,0.19511537
1343,0.01920531,0.04652871,0.06768116,0.13275336,0.20043451
1344,0.01637478,0.04858883,0.06924892,0.12986560,0.19911452
1345,0.01791492,0.04819522,0.06813590,0.12457302,0.19270892
1346,0.01676057,0.04980542,0.06720077,0.12410524,0.19130600
1347,0.01580583,0.04484478,0.06728172,0.12524061,0.19252233
1348,0.01700870,0.04363283,0.06741387,0.12510851,0.19252238
1349,0.01544576,0.04779767,0.06791394,0.12660976,0.19452370
1350,0.01576823,0.04216157,0.06789723,0.13107328,0.19897051
1351,0.01703288,0.04725384,0.06785681,0.12918468,0.19704149
1352,0.01825709,0.04897511,0.06741685,0.12530020,0.19271705
1353,0.01579402,0.04919587,0.06854339,0.12760402,0.19614741
1354,0.01921009,0.04440566,0.06904014,0.12795001,0.19699015
1355,0.01744395,0.04693211,0.06877984,0.12426732,0.19304717
1356,0.01576759,0.04487564,0.06767438,0.12460447,0.19227885
1357,0.01692072,0.04243801,0.06806795,0.12926613,0.19733407
1358,0.01527499,0.04786072,0.06901887,0.12955466,0.19857353
1359,0.01529665,0.04498968,0.06916932,0.12462055,0.19378987
1360,0.01729986,0.04295579,0.06845269,0.12228657,0.19073926
1361,0.01623457,0.04807725,0.06856057,0.12412019,0.19268076
1362,0.01562811,0.04828891,0.06862020,0.12339655,0.19201676
1363,0.01702743,0.05569600,0.06763606,0.12202951,0.18966557
1364,0.01681303,0.04894598,0.06905590,0.12629305,0.19534895
1365,0.01717923,0.04853505,0.07047722,0.12959515,0.20007237
1366,0.01655924,0.04600422,0.06945102,0.12611833,0.19556935
1367,0.01656630,0.04282882,0.06950002,0.12304518,0.19254521
1368,0.01601327,0.04236518,0.06926180,0.12230983,0.19157163
1369,0.01640896,0.05090194,0.06803182,0.12256127,0.19059309
1370,0.01551555,0.04794825,0.07015152,0.12305523,0.19320675
1371,0.01788610,0.03738511,0.06935099,0.12325712,0.19260811
1372,0.01700637,0.04278999,0.06784291,0.12384224,0.19168515
1373,0.01667460,0.04273694,0.06905413,0.12382518,0.19287930
1374,0.01765405,0.04526194,0.06739809,0.12376577,0.19116385
1375,0.01624887,0.04547532,0.06877271,0.12360530,0.19237801
1376,0.01705582,0.04327508,0.06906886,0.12415267,0.19322152
1377,0.01724111,0.04699789,0.06869487,0.12452004,0.19321491
1378,0.01654200,0.04392317,0.06893425,0.12521100,0.19414525
1379,0.01737558,0.04364957,0.06923331,0.12527467,0.19450799
1380,0.01659434,0.04254940,0.06767860,0.12453898,0.19221758
1381,0.01639552,0.04403521,0.06814180,0.12377508,0.19191688
1382,0.01718492,0.04243996,0.07087547,0.12377574,0.19465121
1383,0.01756626,0.04412136,0.06856634,0.12408529,0.19265163
1384,0.01639738,0.04478397,0.06707051,0.12386505,0.19093556
1385,0.01473982,0.04613391,0.06835272,0.12346929,0.19182201
1386,0.01604608,0.04529620,0.06809874,0.12259189,0.19069063
1387,0.01668969,0.04467002,0.06913770,0.12236586,0.19150356
1388,0.01514255,0.04397831,0.07167701,0.12114640,0.19282340
1389,0.01681773,0.04542695,0.07039232,0.12192443,0.19231675
1390,0.01641991,0.04617910,0.06995047,0.12528388,0.19523435
1391,0.01664736,0.04233337,0.06851870,0.12458184,0.19310053
1392,0.01626270,0.04541261,0.06808526,0.12120496,0.18929022
1393,0.01614978,0.05093505,0.06810469,0.12036360,0.18846829
1394,0.01583750,0.05237964,0.06886563,0.12188052,0.19074615
1395,0.01631781,0.04753225,0.06893237,0.12276962,0.19170199
1396,0.01744447,0.04713084,0.06822864,0.12284270,0.19107134
1397,0.01586716,0.04363830,0.06771451,0.12253160,0.19024611
1398,0.01606196,0.04501197,0.06720329,0.12340140,0.19060469
1399,0.01694386,0.04482192,0.06874117,0.12418506,0.19292623
1400,0.01649232,0.05027774,0.06705754,0.12384696,0.19090451
1401,0.01655246,0.04277151,0.06563063,0.12261038,0.18824101
1402,0.01570680,0.04178953,0.06578509,0.12180205,0.18758713
1403,0.01798565,0.04770402,0.06694735,0.12184864,0.18879599
1404,0.01767459,0.04892235,0.06751376,0.12195762,0.18947138
1405,0.01764978,0.04538590,0.06631173,0.12168192,0.18799365
1406,0.01525244,0.04593476,0.06686752,0.12168434,0.18855186
1407,0.01672182,0.03802452,0.06871752,0.12148216,0.19019969
1408,0.01745822,0.04555003,0.06992585,0.12008576,0.19001161
1409,0.01674179,0.03857564,0.06834328,0.11947048,0.18781377
1410,0.01778406,0.04353816,0.06946483,0.12033054,0.18979537
1411,0.01517219,0.04076669,0.07133659,0.12235801,0.19369460
1412,0.01673123,0.04256624,0.06772432,0.12261581,0.19034013
1413,0.01633181,0.04209385,0.06727373,0.12204424,0.18931797
1414,0.01769103,0.04168651,0.07100575,0.12204204,0.19304779
1415,0.01726527,0.04188257,0.06899623,0.12146823,0.19046446
1416,0.01661603,0.04290453,0.06777522,0.12072992,0.18850514
1417,0.01576217,0.04426086,0.06961634,0.12258440,0.19220074
1418,0.01727864,0.04123300,0.07171529,0.12453533,0.19625062
1419,0.01574994,0.04430890,0.07002310,0.12156136,0.19158447
1420,0.01702126,0.04290180,0.06887323,0.12011346,0.18898670
1421,0.01708672,0.04027754,0.06745563,0.12030108,0.18775671
1422,0.01654899,0.04059551,0.06712063,0.12052854,0.18764918
1423,0.01637333,0.04290124,0.06793100,0.11943959,0.18737058
1424,0.01762770,0.03861781,0.06777313,0.11894982,0.18672294
1425,0.01728235,0.04095038,0.06887687,0.12028507,0.18916194
1426,0.01616488,0.03953394,0.06983214,0.12193375,0.19176589
1427,0.01645951,0.04561988,0.07064620,0.12278946,0.19343565
1428,0.01649928,0.04071386,0.06924878,0.12103120,0.19027998
1429,0.01570043,0.04133246,0.06692293,0.12010638,0.18702930
1430,0.01774326,0.04056222,0.06605192,0.11957888,0.18563080
1431,0.01480430,0.03959375,0.06750019,0.11924273,0.18674292
1432,0.01682819,0.04441851,0.06735925,0.11871937,0.18607862
1433,0.01572731,0.04633606,0.06734668,0.11937587,0.18672255
1434,0.01512534,0.04168184,0.06770434,0.12130300,0.18900734
1435,0.01599390,0.04205017,0.06812447,0.12242635,0.19055081
1436,0.01678461,0.04155229,0.06697095,0.12043428,0.18740523
1437,0.01619853,0.04320260,0.06839986,0.12004554,0.18844540
1438,0.01618768,0.04254992,0.07065932,0.11953418,0.19019350
1439,0.01734651,0.04071106,0.06820575,0.12004179,0.18824754
1440,0.01661131,0.04556099,0.06863585,0.11973675,0.18837260
1441,0.01607621,0.04649997,0.06918461,0.11955677,0.18874138
1442,0.01536187,0.04753058,0.06907577,0.12014358,0.18921936
1443,0.01570362,0.04287564,0.06812716,0.12129310,0.18942025
1444,0.01603266,0.04639935,0.06993648,0.12154957,0.19148605
1445,0.01846398,0.04924659,0.06898784,0.12176208,0.19074992
1446,0.01653918,0.04528911,0.06766025,0.12506169,0.19272194
1447,0.01684830,0.04261070,0.06685670,0.12591302,0.19276972
1448,0.01522859,0.04165924,0.06706927,0.12273975,0.18980902
1449,0.01719736,0.04566024,0.06703707,0.12077738,0.18781445
1450,0.01624210,0.04491607,0.06785358,0.11935665,0.18721022
1451,0.01718954,0.04329665,0.06813184,0.11889111,0.18702295
1452,0.02006014,0.04483006,0.06594849,0.11850450,0.18445299
1453,0.01550095,0.04501037,0.06833764,0.11927300,0.18761064
1454,0.01609453,0.04382391,0.06877359,0.12418696,0.19296055
1455,0.01701733,0.04005884,0.06703901,0.12901336,0.19605237
1456,0.01546623,0.04703751,0.06991928,0.12932771,0.19924700
1457,0.01586870,0.04402156,0.07180999,0.12748538,0.19929537
1458,0.01692181,0.04258949,0.06956246,0.12305870,0.19262116
1459,0.01531404,0.04464003,0.07015124,0.12168220,0.19183344
1460,0.01697689,0.04368883,0.07202676,0.12395434,0.19598110
1461,0.01654124,0.04181042,0.07062358,0.12645245,0.19707603
1462,0.01638971,0.04778197,0.06860566,0.12491648,0.19352214
1463,0.01624561,0.04179396,0.07329830,0.12381138,0.19710968
1464,0.01654854,0.04048463,0.07020161,0.12393608,0.19413769
1465,0.01703906,0.04290124,0.06568724,0.12337696,0.18906420
1466,0.01574973,0.04337456,0.06861395,0.12319349,0.19180743
1467,0.01574293,0.04102964,0.06991215,0.12260455,0.19251670
1468,0.01847720,0.04362816,0.06642138,0.12280425,0.18922563
1469,0.01561770,0.04430854,0.07001141,0.12119618,0.19120759
1470,0.01652196,0.04724937,0.07073328,0.11862165,0.18935493
1471,0.01536239,0.03927847,0.06855561,0.11928219,0.18783779
1472,0.01576272,0.04247076,0.06880149,0.12378170,0.19258319
1473,0.01739705,0.04808160,0.06907982,0.12441506,0.19349489
1474,0.01688707,0.04591244,0.06674992,0.12185030,0.18860022
1475,0.01556708,0.04517090,0.06745340,0.11843792,0.18589132
1476,0.01442838,0.03849762,0.07000987,0.12126925,0.19127912
1477,0.01610387,0.04153716,0.07010183,0.12559375,0.19569559
1478,0.01572678,0.04316441,0.06897945,0.12432995,0.19330940
1479,0.01570804,0.04100875,0.06784149,0.11988636,0.18772785
1480,0.01553457,0.03842027,0.06915550,0.12005670,0.18921220
1481,0.01681250,0.03915477,0.06863844,0.12449697,0.19313541
1482,0.01559110,0.04846677,0.06632670,0.12637837,0.19270507
1483,0.01706763,0.04453769,0.06716409,0.12420300,0.19136708
1484,0.01592642,0.04285651,0.06707711,0.12102963,0.18810674
1485,0.01653433,0.04315907,0.06578816,0.11928783,0.18507599
1486,0.01610290,0.04108169,0.06567883,0.11992193,0.18560076
1487,0.01830796,0.04341035,0.06620470,0.12018171,0.18638641
1488,0.01788870,0.04321143,0.06547557,0.12053281,0.18600838
1489,0.01485398,0.04647981,0.06728973,0.11961630,0.18690603
1490,0.01630066,0.04297620,0.06831341,0.11846296,0.18677637
1491,0.01687751,0.03891624,0.06640816,0.11854240,0.18495056
1492,0.01651076,0.04116134,0.06548537,0.12022819,0.18571356
1493,0.01562245,0.05030572,0.06645828,0.11933564,0.18579392
1494,0.01718507,0.03879955,0.06687202,0.11847685,0.18534888
1495,0.01592139,0.04618214,0.06602757,0.12228288,0.18831045
1496,0.01633852,0.04222904,0.06795280,0.12920161,0.19715440
1497,0.01528447,0.04309887,0.07059768,0.12999637,0.20059405
1498,0.01678547,0.04700581,0.06826899,0.12574191,0.19401091
1499,0.01695793,0.04831716,0.06887325,0.12118754,0.19006079
1500,0.01633637,0.04333001,0.06876182,0.12336696,0.19212878
1501,0.01494104,0.04149172,0.06578657,0.12459428,0.19038085
1502,0.01644496,0.04614025,0.06759814,0.12378824,0.19138638
1503,0.01571096,0.04355506,0.06760937,0.12382727,0.19143664
1504,0.01588332,0.04912843,0.06695725,0.12791273,0.19486998
1505,0.01594658,0.04732141,0.06573450,0.12745322,0.19318772
1506,0.01662769,0.04213208,0.06661499,0.12661023,0.19322522
1507,0.01541677,0.04202313,0.06608991,0.12717897,0.19326887
1508,0.01571693,0.04421182,0.06643511,0.12636074,0.19279586
1509,0.01642166,0.04540434,0.06754407,0.12075817,0.18830224
1510,0.01732982,0.04567916,0.06674405,0.11846595,0.18521000
1511,0.01606339,0.03767896,0.06628709,0.12411910,0.19040618
1512,0.01675999,0.04730374,0.06667359,0.12821628,0.19488987
1513,0.01645336,0.04439806,0.06901032,0.12575066,0.19476099
1514,0.01656435,0.04549466,0.06626975,0.12240315,0.18867290
1515,0.01528576,0.04222415,0.06825899,0.12272328,0.19098227
1516,0.01482918,0.04239742,0.06873000,0.12520835,0.19393835
1517,0.01694597,0.04235967,0.06754126,0.12555102,0.19309228
1518,0.01754924,0.04511258,0.06802864,0.12264146,0.19067010
1519,0.01655846,0.04281874,0.06710188,0.12004369,0.18714558
1520,0.01479868,0.04460473,0.06587157,0.12017322,0.18604479
1521,0.01491861,0.04402739,0.06762200,0.12156953,0.18919153
1522,0.01592431,0.04331692,0.07024756,0.12164044,0.19188800
1523,0.01492808,0.04024610,0.06737919,0.12061676,0.18799596
1524,0.01557341,0.03986314,0.06487712,0.12037343,0.18525054
1525,0.01568690,0.03994125,0.06549639,0.12229312,0.18778951
1526,0.01640266,0.04818495,0.06603879,0.12540640,0.19144519
1527,0.01466923,0.04726154,0.06679276,0.12647906,0.19327182
1528,0.01546451,0.03877164,0.06688945,0.12453161,0.19142106
1529,0.01707426,0.04159171,0.06627841,0.12119695,0.18747535
1530,0.01537652,0.04288402,0.06707057,0.11972614,0.18679671
1531,0.01492111,0.04208736,0.06762919,0.11985112,0.18748031
1532,0.01528514,0.04062564,0.06734452,0.12111722,0.18846174
1533,0.01620197,0.04174861,0.06619946,0.11988056,0.18608002
1534,0.01618213,0.04554927,0.06638145,0.11807847,0.18445992
1535,0.01531796,0.04332118,0.06635728,0.11700846,0.18336574
1536,0.01664000,0.03990002,0.06529923,0.11829361,0.18359284
1537,0.01590500,0.04105271,0.06458873,0.12025356,0.18484228
1538,0.01517877,0.04151019,0.06550469,0.12197805,0.18748274
1539,0.01464934,0.04992677,0.06492116,0.12239941,0.18732057
1540,0.01656271,0.04481972,0.06381436,0.12107597,0.18489032
1541,0.01489092,0.04305144,0.06382996,0.12007463,0.18390459
1542,0.01609029,0.03933390,0.06454914,0.11971384,0.18426298
1543,0.01560632,0.04273051,0.06490736,0.11894839,0.18385574
1544,0.01675049,0.04054891,0.06484211,0.11844499,0.18328710
1545,0.01632292,0.03729100,0.06601369,0.11809260,0.18410629
1546,0.01494816,0.04200117,0.06606828,0.11811433,0.18418261
1547,0.01521642,0.04025855,0.06621986,0.11761914,0.18383900
1548,0.01564394,0.03956058,0.06688818,0.11829788,0.18518606
1549,0.01384384,0.04466810,0.06699993,0.11961492,0.18661485
1550,0.01540809,0.03853942,0.06634076,0.12116411,0.18750487
1551,0.01729706,0.03931785,0.06626545,0.12160560,0.18787105
1552,0.01684341,0.04164588,0.06533223,0.12137230,0.18670453
1553,0.01645304,0.04151691,0.06564353,0.12226203,0.18790556
1554,0.01543140,0.05227912,0.06640808,0.12133213,0.18774021
1555,0.01524995,0.04076607,0.06477710,0.11888360,0.18366070
1556,0.01632564,0.03988152,0.06487419,0.11768647,0.18256065
1557,0.01491393,0.03979814,0.06502268,0.11812258,0.18314525
1558,0.01453859,0.03802100,0.06543563,0.11867259,0.18410822
1559,0.01700172,0.04222185,0.06467701,0.11858415,0.18326116
1560,0.01635661,0.03831379,0.06506269,0.11877745,0.18384014
1561,0.01580413,0.03672736,0.06707215,0.11880939,0.18588154
1562,0.01597165,0.03852564,0.06701343,0.11926655,0.18627997
1563,0.01512481,0.04055247,0.06587901,0.11886259,0.18474160
1564,0.01575807,0.04105233,0.06864034,0.12004562,0.18868595
1565,0.01655046,0.03818768,0.06867133,0.12231854,0.19098987
1566,0.01659548,0.04304638,0.06566562,0.12326744,0.18893306
1567,0.01604649,0.04650752,0.06768723,0.12362989,0.19131712
1568,0.01709683,0.04644862,0.06912048,0.12355686,0.19267734
1569,0.01714849,0.04733875,0.06729489,0.12342635,0.19072124
1570,0.01572449,0.04437356,0.06580757,0.12138766,0.18719523
1571,0.01499515,0.04674206,0.06937991,0.11869372,0.18807364
1572,0.01640334,0.04286950,0.07002039,0.11958022,0.18960061
1573,0.01751458,0.04188775,0.06551130,0.12137154,0.18688284
1574,0.01516005,0.04156960,0.06499343,0.12350962,0.18850305
1575,0.01394141,0.04445301,0.06483251,0.12200820,0.18684071
1576,0.01757801,0.04920846,0.06468103,0.11794050,0.18262153
1577,0.01556653,0.04245354,0.06461705,0.11659958,0.18121663
1578,0.01506520,0.03928697,0.06494292,0.11741885,0.18236177
1579,0.01588076,0.03832567,0.06396738,0.11966284,0.18363023
1580,0.01372047,0.04584778,0.06468128,0.12125460,0.18593588
1581,0.01435983,0.05314435,0.06663349,0.12058774,0.18722122
1582,0.01633938,0.03947394,0.06626657,0.11929056,0.18555713
1583,0.01504933,0.04099958,0.06534058,0.11735705,0.18269763
1584,0.01610588,0.03908243,0.06537405,0.11845370,0.18382775
1585,0.01517747,0.04522360,0.06660402,0.11876239,0.18536641
1586,0.01521366,0.04293739,0.06526553,0.11863097,0.18389650
1587,0.01481964,0.03533657,0.06562789,0.11820971,0.18383760
1588,0.01609451,0.03574295,0.06615885,0.11794192,0.18410077
1589,0.01494689,0.03819430,0.06623474,0.11858911,0.18482385
1590,0.01483144,0.03972170,0.06587654,0.11803932,0.18391585
1591,0.01576576,0.04096183,0.06549837,0.11743124,0.18292961
1592,0.01537967,0.03698371,0.06495801,0.12046790,0.18542591
1593,0.01474889,0.03869741,0.06568051,0.12032364,0.18600415
1594,0.01485250,0.04407692,0.06657316,0.11732339,0.18389655
1595,0.01450893,0.04321335,0.06531306,0.11899392,0.18430699
1596,0.01442946,0.03966237,0.06379417,0.12039761,0.18419177
1597,0.01370056,0.04566274,0.06336350,0.11979272,0.18315622
1598,0.01529984,0.04337404,0.06334766,0.11760158,0.18094924
1599,0.01456506,0.04005711,0.06684060,0.11591085,0.18275145
1600,0.01487758,0.04001448,0.06787248,0.11575209,0.18362457
1601,0.01462773,0.03912512,0.06544111,0.11549802,0.18093913
1602,0.01517963,0.03905791,0.06742444,0.11586159,0.18328603
1603,0.01491142,0.04147931,0.07029191,0.11658251,0.18687442
1604,0.01489735,0.04128358,0.06650162,0.11764021,0.18414184
1605,0.01552839,0.04083527,0.06359015,0.11615693,0.17974707
1606,0.01586161,0.04743907,0.06395170,0.11535430,0.17930600
1607,0.01462736,0.04111258,0.06322604,0.11440262,0.17762866
1608,0.01410167,0.04273306,0.06300168,0.11413731,0.17713899
1609,0.01370942,0.03907152,0.06340332,0.11408544,0.17748876
1610,0.01437813,0.04247896,0.06378126,0.11461460,0.17839586
1611,0.01416154,0.03596780,0.06444067,0.11486742,0.17930809
1612,0.01518697,0.04414468,0.06377829,0.11528062,0.17905891
1613,0.01363172,0.04285887,0.06258266,0.11601496,0.17859761
1614,0.01497779,0.03991864,0.06397143,0.11606431,0.18003574
1615,0.01512370,0.04137453,0.06376373,0.11491599,0.17867972
1616,0.01347910,0.04312671,0.06489172,0.11376425,0.17865597
1617,0.01520559,0.04258224,0.06437004,0.11402070,0.17839074
1618,0.01380315,0.03735319,0.06323606,0.11443843,0.17767449
1619,0.01563474,0.03753442,0.06648895,0.11674232,0.18323127
1620,0.01592751,0.03901626,0.06571569,0.11878508,0.18450076
1621,0.01542612,0.03915289,0.06277542,0.11951229,0.18228771
1622,0.01464794,0.03858070,0.06524184,0.11850856,0.18375040
1623,0.01475368,0.03977957,0.06832764,0.11686739,0.18519503
1624,0.01527957,0.03632133,0.06461193,0.11402512,0.17863704
1625,0.01585945,0.04208917,0.06443119,0.11264130,0.17707250
1626,0.01548659,0.04034405,0.06902017,0.11272018,0.18174036
1627,0.01695674,0.03588589,0.07145078,0.11375889,0.18520968
1628,0.01670394,0.03548215,0.07006668,0.11380321,0.18386989
1629,0.01703353,0.04333433,0.07554894,0.11386740,0.18941634
1630,0.01691153,0.04055061,0.06874561,0.11427729,0.18302289
1631,0.01551411,0.04256735,0.06622917,0.11581626,0.18204543
1632,0.01448604,0.03792806,0.06952310,0.11704302,0.18656611
1633,0.01563300,0.04345598,0.06848615,0.11690103,0.18538719
1634,0.01602290,0.04153694,0.06433036,0.11570176,0.18003213
1635,0.01458558,0.03763966,0.06675682,0.11542444,0.18218126
1636,0.01627863,0.04103493,0.06944580,0.11591185,0.18535765
1637,0.01476289,0.04635179,0.06818795,0.11611951,0.18430746
1638,0.01457211,0.03771489,0.06552974,0.11560400,0.18113374
1639,0.01335811,0.03907760,0.06576104,0.11385870,0.17961974
1640,0.01576068,0.04122546,0.06493164,0.11140834,0.17633998
1641,0.01568372,0.03698015,0.06287103,0.11111243,0.17398346
1642,0.01348022,0.03529095,0.06439710,0.11221603,0.17661313
1643,0.01626113,0.04098779,0.06613129,0.11301860,0.17914990
1644,0.01450188,0.03972923,0.06613638,0.11249415,0.17863052
1645,0.01451368,0.03676454,0.06584831,0.11181330,0.17766161
1646,0.01415651,0.03813846,0.06557066,0.11156663,0.17713729
1647,0.01555199,0.03970823,0.06489093,0.11266249,0.17755342
1648,0.01392748,0.04000079,0.06447429,0.11482468,0.17929897
1649,0.01463592,0.03660087,0.06361365,0.11613214,0.17974579
1650,0.01512150,0.04103533,0.06280778,0.11714948,0.17995726
1651,0.01566405,0.04015272,0.06293167,0.11786957,0.18080124
1652,0.01428338,0.04220137,0.06278706,0.11617812,0.17896518
1653,0.01516686,0.04348562,0.06434374,0.11481059,0.17915433
1654,0.01471148,0.03621449,0.06463157,0.11420729,0.17883886
1655,0.01537122,0.03788030,0.06266200,0.11412746,0.17678946
1656,0.01493745,0.03776216,0.06255399,0.11448263,0.17703661
1657,0.01482465,0.03672338,0.06458324,0.11378474,0.17836798
1658,0.01436385,0.03932367,0.06735843,0.11310168,0.18046012
1659,0.01472959,0.03954041,0.06729113,0.11238419,0.17967533
1660,0.01639257,0.03830355,0.06497174,0.11266309,0.17763483
1661,0.01339260,0.03660630,0.06476223,0.11538406,0.18014628
1662,0.01504379,0.03792327,0.06460296,0.11668798,0.18129094
1663,0.01480905,0.03802006,0.06383432,0.11667147,0.18050579
1664,0.01544143,0.03921751,0.06501186,0.11678678,0.18179864
1665,0.01458038,0.04041977,0.06555283,0.11635105,0.18190388
1666,0.01313874,0.03710683,0.06512780,0.11520542,0.18033323
1667,0.01395013,0.04018535,0.06498916,0.11349481,0.17848398
1668,0.01561582,0.04253923,0.06676175,0.11281059,0.17957234
1669,0.01576529,0.03931631,0.06662524,0.11351831,0.18014355
1670,0.01472841,0.03824552,0.06322071,0.11658558,0.17980628
1671,0.01514949,0.04330124,0.06664912,0.11575358,0.18240270
1672,0.01616128,0.04100149,0.06649823,0.11242404,0.17892227
1673,0.01643746,0.03961800,0.06574301,0.11340299,0.17914601
1674,0.01523455,0.04000555,0.06601334,0.11470384,0.18071718
1675,0.01495086,0.03422970,0.06476711,0.11457529,0.17934240
1676,0.01474915,0.04349181,0.06806398,0.11397818,0.18204216
1677,0.01565303,0.03825084,0.06906212,0.11398488,0.18304700
1678,0.01450235,0.03682018,0.06520707,0.11504856,0.18025564
1679,0.01470928,0.03992449,0.06472670,0.11490727,0.17963397
1680,0.01325097,0.04055545,0.06733987,0.11474392,0.18208379
1681,0.01484260,0.03858530,0.06606821,0.11383409,0.17990230
1682,0.01413208,0.03878198,0.06421004,0.11383409,0.17804413
1683,0.01486127,0.03860892,0.06425362,0.11383463,0.17808826
1684,0.01418477,0.03318707,0.06644932,0.11399407,0.18044339
1685,0.01475122,0.03805410,0.06434219,0.11553465,0.17987684
1686,0.01414327,0.03678248,0.06505729,0.11931471,0.18437199
1687,0.01595745,0.04272431,0.06379797,0.11888514,0.18268312
1688,0.01473339,0.04144134,0.06261634,0.11301631,0.17563266
1689,0.01585394,0.04278990,0.06411196,0.11171568,0.17582764
1690,0.01463473,0.04346213,0.06303880,0.11060379,0.17364259
1691,0.01415942,0.03561426,0.06318785,0.11125863,0.17444647
1692,0.01510211,0.03696410,0.06424388,0.11272799,0.17697187
1693,0.01441471,0.03931875,0.06458580,0.11362592,0.17821173
1694,0.01378334,0.03753191,0.06440138,0.11200318,0.17640456
1695,0.01394291,0.03778543,0.06433896,0.11212181,0.17646077
1696,0.01479340,0.04113200,0.06496122,0.11371516,0.17867639
1697,0.01516616,0.03930137,0.06514011,0.11457807,0.17971818
1698,0.01529210,0.04229044,0.06448071,0.11594564,0.18042635
1699,0.01385968,0.04244204,0.06459463,0.11610302,0.18069766
1700,0.01393222,0.03866726,0.06543808,0.11407133,0.17950941
1701,0.01483697,0.03546916,0.06677157,0.11420795,0.18097953
1702,0.01615172,0.03642921,0.06545975,0.11440446,0.17986421
1703,0.01391867,0.04256515,0.06332152,0.11316478,0.17648630
1704,0.01433767,0.04298879,0.06268692,0.11310656,0.17579348
1705,0.01391116,0.03675510,0.06352964,0.11377271,0.17730235
1706,0.01436396,0.04500531,0.06379569,0.11440969,0.17820539
1707,0.01408133,0.04045469,0.06271228,0.11439970,0.17711198
1708,0.01517276,0.04047397,0.06291851,0.11469872,0.17761724
1709,0.01721146,0.03919843,0.06570113,0.11758941,0.18329053
1710,0.01553338,0.04274020,0.06511953,0.11742652,0.18254606
1711,0.01440334,0.04037004,0.06479071,0.11526851,0.18005922
1712,0.01493214,0.03859293,0.06506263,0.11231606,0.17737868
1713,0.01463377,0.03619805,0.06648982,0.11170834,0.17819817
1714,0.01495522,0.03730627,0.06760623,0.11351316,0.18111939
1715,0.01573626,0.03991476,0.06669624,0.11314963,0.17984587
1716,0.01504305,0.03761498,0.06379002,0.11195808,0.17574810
1717,0.01265485,0.03711035,0.06497598,0.11312405,0.17810003
1718,0.01413009,0.04484875,0.06563732,0.11396000,0.17959732
1719,0.01483878,0.03638536,0.06477347,0.11433633,0.17910980
1720,0.01507595,0.03826972,0.06444418,0.11456655,0.17901073
1721,0.01434164,0.03784363,0.06413480,0.11485168,0.17898648
1722,0.01436805,0.03764564,0.06403878,0.11384777,0.17788655
1723,0.01492935,0.03968747,0.06457100,0.11399367,0.17856467
1724,0.01563750,0.04112837,0.06341067,0.11737927,0.18078994
1725,0.01414032,0.03963996,0.06408135,0.12071827,0.18479962
1726,0.01399272,0.04107812,0.06730998,0.11976958,0.18707956
1727,0.01341969,0.03865241,0.06611331,0.11549734,0.18161064
1728,0.01527362,0.03622401,0.06490825,0.11389519,0.17880344
1729,0.01541200,0.04043535,0.06761184,0.11432597,0.18193781
1730,0.01432576,0.03985779,0.06868227,0.11538180,0.18406407
1731,0.01836222,0.03840196,0.06380924,0.11585946,0.17966869
1732,0.01513253,0.03750657,0.06280760,0.11487160,0.17767920
1733,0.01428476,0.04004959,0.06604195,0.11397169,0.18001363
1734,0.01458567,0.03848025,0.06457996,0.11383796,0.17841791
1735,0.01467086,0.04110024,0.06360060,0.11358871,0.17718931
1736,0.01316248,0.04506736,0.06531443,0.11429568,0.17961012
1737,0.01606509,0.04013121,0.06650405,0.11410377,0.18060783
1738,0.01602352,0.03773892,0.06474435,0.11287865,0.17762300
1739,0.01492671,0.04212344,0.06476098,0.11224318,0.17700416
1740,0.01506378,0.03820413,0.06654885,0.11483196,0.18138081
1741,0.01383576,0.03568998,0.06575895,0.11469913,0.18045808
1742,0.01457617,0.04054458,0.06306901,0.11129194,0.17436095
1743,0.01416540,0.04071200,0.06373876,0.11156649,0.17530525
1744,0.01457573,0.04094328,0.06548144,0.11168543,0.17716687
1745,0.01505129,0.03937430,0.06329986,0.10969286,0.17299272
1746,0.01409583,0.03540836,0.06466436,0.11008217,0.17474654
1747,0.01618399,0.03831208,0.06762563,0.11309420,0.18071984
1748,0.01513661,0.03326643,0.06702364,0.11430594,0.18132958
1749,0.01496565,0.03956144,0.06615415,0.11236543,0.17851958
1750,0.01470570,0.03735274,0.06881176,0.11094259,0.17975435
1751,0.01352925,0.03690048,0.07273564,0.11082315,0.18355879
1752,0.01619073,0.03607369,0.06651336,0.11162578,0.17813914
1753,0.01514035,0.03739013,0.06500107,0.11229517,0.17729624
1754,0.01425942,0.03460487,0.06872379,0.11244649,0.18117028
1755,0.01553220,0.03856494,0.06715886,0.11300892,0.18016777
1756,0.01651311,0.03521564,0.06272148,0.11296772,0.17568920
1757,0.01491342,0.03522836,0.06531768,0.11253747,0.17785515
1758,0.01591479,0.03373526,0.06759422,0.11164443,0.17923865
1759,0.01455563,0.03794862,0.06515604,0.11121548,0.17637152
1760,0.01465772,0.03746874,0.06600410,0.11126188,0.17726598
1761,0.01533175,0.03675621,0.06781390,0.11157593,0.17938983
1762,0.01443944,0.03758818,0.06287270,0.11194587,0.17481858
1763,0.01433373,0.03348920,0.06280558,0.11247622,0.17528180
1764,0.01610885,0.03924965,0.06540778,0.11203660,0.17744438
1765,0.01506016,0.04212012,0.06456108,0.11231031,0.17687138
1766,0.01487764,0.03537610,0.06376155,0.11352319,0.17728475
1767,0.01405112,0.04210738,0.06368528,0.11468604,0.17837132
1768,0.01438875,0.03736381,0.06392302,0.11497563,0.17889865
1769,0.01496408,0.04041664,0.06457647,0.11266380,0.17724027
1770,0.01487634,0.03747479,0.06587090,0.11107080,0.17694170
1771,0.01487248,0.03875363,0.06665368,0.11011129,0.17676497
1772,0.01521497,0.03831209,0.06461951,0.10941596,0.17403547
1773,0.01371474,0.03673938,0.06276091,0.10933845,0.17209936
1774,0.01451537,0.03452205,0.06274752,0.10993396,0.17268148
1775,0.01385055,0.03445395,0.06284959,0.11192910,0.17477869
1776,0.01486569,0.03468638,0.06306449,0.11329176,0.17635625
1777,0.01475467,0.04281382,0.06395605,0.11387356,0.17782962
1778,0.01526783,0.03684251,0.06396193,0.11312757,0.17708950
1779,0.01362267,0.03485445,0.06370215,0.11316901,0.17687116
1780,0.01485535,0.03884495,0.06374913,0.11246283,0.17621197
1781,0.01441731,0.03721558,0.06222225,0.11315562,0.17537786
1782,0.01399329,0.03610247,0.06072745,0.11408742,0.17481487
1783,0.01485590,0.03861498,0.06035825,0.11672603,0.17708427
1784,0.01293194,0.03963363,0.06049681,0.11614271,0.17663952
1785,0.01358241,0.03889105,0.06096886,0.11169904,0.17266790
1786,0.01347692,0.03705772,0.06163261,0.10900111,0.17063372
1787,0.01289745,0.03556236,0.06214041,0.10947330,0.17161370
1788,0.01414201,0.03603377,0.06180730,0.11025405,0.17206135
1789,0.01158282,0.04028990,0.06173635,0.11030248,0.17203882
1790,0.01466491,0.03682530,0.06153497,0.11114679,0.17268176
1791,0.01323230,0.03774109,0.06130544,0.11128050,0.17258594
1792,0.01480279,0.03985483,0.05996459,0.11088803,0.17085262
1793,0.01406907,0.03710739,0.06055670,0.11034752,0.17090422
1794,0.01437852,0.03319006,0.06026642,0.11049608,0.17076251
1795,0.01363562,0.03767387,0.06005676,0.11120626,0.17126302
1796,0.01388067,0.03659683,0.06107206,0.11287568,0.17394774
1797,0.01316995,0.03607431,0.06173131,0.11395362,0.17568493
1798,0.01290134,0.03737497,0.06199814,0.11271176,0.17470990
1799,0.01440195,0.04127378,0.06156046,0.11035111,0.17191157
1800,0.01190490,0.03378252,0.06130276,0.11035652,0.17165928
1801,0.01434196,0.03656977,0.06198496,0.11016889,0.17215385
1802,0.01328603,0.03665900,0.06240014,0.11006935,0.17246949
1803,0.01388059,0.03367164,0.06279797,0.10994424,0.17274221
1804,0.01345203,0.03964945,0.06355022,0.11048871,0.17403893
1805,0.01386936,0.03825066,0.06357013,0.11153227,0.17510240
1806,0.01527781,0.03498692,0.06390779,0.11228874,0.17619654
1807,0.01467639,0.03539750,0.06285615,0.11303544,0.17589159
1808,0.01342124,0.03711573,0.06091538,0.11297638,0.17389176
1809,0.01320875,0.03776115,0.05956814,0.11224151,0.17180965
1810,0.01338179,0.03668444,0.05892311,0.11032555,0.16924866
1811,0.01492276,0.03402920,0.05856670,0.10852580,0.16709250
1812,0.01324761,0.03392172,0.05914387,0.10894169,0.16808556
1813,0.01297998,0.03708589,0.06004597,0.10940933,0.16945530
1814,0.01458283,0.03486259,0.06421354,0.10964541,0.17385896
1815,0.01413814,0.03794350,0.06362022,0.10987335,0.17349356
1816,0.01456877,0.03680765,0.06143983,0.10947918,0.17091902
1817,0.01437276,0.04053773,0.06036938,0.10916312,0.16953250
1818,0.01342686,0.03718772,0.05954754,0.11075468,0.17030222
1819,0.01282797,0.03718970,0.06112533,0.11366516,0.17479049
1820,0.01391868,0.03687201,0.06222280,0.11564636,0.17786916
1821,0.01281766,0.04375077,0.06129796,0.11520451,0.17650248
1822,0.01453811,0.03982645,0.06042529,0.11274327,0.17316856
1823,0.01363435,0.03904684,0.06159678,0.11183788,0.17343466
1824,0.01323685,0.03805836,0.06257652,0.11293775,0.17551427
1825,0.01379526,0.03690757,0.06253988,0.11271219,0.17525207
1826,0.01349948,0.03855747,0.06222285,0.11117129,0.17339414
1827,0.01366816,0.03909224,0.06199464,0.11085341,0.17284805
1828,0.01289814,0.03719768,0.06193534,0.11085389,0.17278923
1829,0.01355351,0.03860114,0.06234938,0.11280156,0.17515094
1830,0.01397212,0.03664370,0.06276867,0.11319240,0.17596107
1831,0.01326730,0.04030018,0.06247643,0.11122692,0.17370335
1832,0.01334536,0.03615158,0.06155287,0.10912530,0.17067817
1833,0.01303873,0.03711652,0.06104270,0.11064179,0.17168450
1834,0.01315320,0.03721853,0.06073943,0.11574706,0.17648648
1835,0.01229503,0.03516791,0.06020625,0.11698363,0.17718988
1836,0.01222613,0.03970217,0.06025419,0.11532699,0.17558118
1837,0.01376328,0.03492048,0.05979657,0.11172067,0.17151724
1838,0.01249334,0.03755216,0.05906939,0.11121125,0.17028064
1839,0.01407656,0.03499004,0.05924421,0.11420005,0.17344426
1840,0.01560772,0.03810755,0.05959534,0.11628228,0.17587761
1841,0.01353093,0.03916851,0.06112112,0.11607838,0.17719951
1842,0.01343567,0.03709603,0.06130429,0.11469483,0.17599912
1843,0.01465427,0.03518506,0.06011258,0.11307862,0.17319120
1844,0.01316161,0.03766376,0.05948756,0.11084591,0.17033347
1845,0.01308913,0.03637024,0.05933828,0.11370984,0.17304812
1846,0.01375079,0.04273766,0.05928350,0.11401746,0.17330097
1847,0.01202391,0.04160855,0.06004821,0.10913096,0.16917918
1848,0.01320997,0.03926359,0.06291451,0.10884735,0.17176186
1849,0.01473241,0.03773940,0.06328487,0.11239771,0.17568257
1850,0.01415683,0.03882826,0.06104347,0.11345938,0.17450285
1851,0.01524595,0.04436005,0.06359725,0.11191810,0.17551535
1852,0.01253520,0.03788525,0.06584863,0.11103429,0.17688292
1853,0.01517039,0.03812549,0.06206406,0.11046860,0.17253265
1854,0.01429933,0.03884574,0.06276409,0.11143303,0.17419712
1855,0.01561667,0.04016634,0.06364845,0.11278892,0.17643738
1856,0.01443545,0.03581616,0.06381587,0.11247059,0.17628646
1857,0.01390219,0.03750087,0.06555822,0.11153399,0.17709222
1858,0.01535790,0.03701393,0.06300894,0.11044987,0.17345881
1859,0.01367051,0.03889475,0.06048605,0.11036955,0.17085560
1860,0.01240831,0.03847172,0.06458932,0.11002380,0.17461313
1861,0.01390150,0.03985111,0.06447461,0.10973760,0.17421220
1862,0.01297101,0.04145074,0.06155334,0.11043714,0.17199048
1863,0.01451755,0.04169782,0.06349376,0.11248797,0.17598173
1864,0.01395253,0.03900037,0.06302118,0.11227755,0.17529874
1865,0.01287526,0.03974708,0.05992074,0.10941415,0.16933488
1866,0.01273151,0.03675244,0.06183936,0.10870445,0.17054381
1867,0.01375421,0.03802562,0.06403472,0.11112217,0.17515688
1868,0.01426514,0.03446842,0.06078028,0.11103441,0.17181469
1869,0.01252902,0.03663242,0.06000078,0.11002539,0.17002617
1870,0.01378401,0.03637228,0.06108595,0.11179715,0.17288310
1871,0.01398117,0.04060997,0.05981606,0.11402729,0.17384335
1872,0.01396201,0.04059822,0.05911774,0.11115087,0.17026861
1873,0.01258996,0.03930838,0.05951892,0.10843217,0.16795109
1874,0.01368478,0.03612874,0.06022954,0.11100466,0.17123419
1875,0.01209359,0.04168004,0.06084727,0.10999236,0.17083964
1876,0.01372475,0.04069775,0.05965998,0.10792691,0.16758688
1877,0.01475182,0.03421462,0.05980873,0.11025663,0.17006536
1878,0.01222851,0.03517485,0.06138453,0.11579501,0.17717954
1879,0.01350270,0.03562142,0.06106595,0.11543401,0.17649996
1880,0.01341984,0.03541011,0.06038957,0.11110450,0.17149407
1881,0.01224670,0.03561623,0.06055605,0.11164363,0.17219968
1882,0.01431987,0.03891268,0.06045536,0.11479625,0.17525161
1883,0.01406098,0.04057217,0.05945574,0.11403216,0.17348791
1884,0.01186052,0.03604334,0.05887810,0.11065345,0.16953155
1885,0.01264916,0.03894330,0.06043526,0.11177646,0.17221171
1886,0.01304596,0.03411935,0.06106948,0.11787435,0.17894383
1887,0.01364957,0.03801774,0.06034992,0.11837845,0.17872837
1888,0.01333528,0.03663736,0.05969813,0.11378359,0.17348172
1889,0.01276372,0.04055347,0.06149265,0.11138620,0.17287885
1890,0.01380524,0.03629804,0.06127587,0.11151633,0.17279221
1891,0.01346640,0.03423413,0.06108370,0.11047395,0.17155765
1892,0.01343904,0.03706177,0.06211028,0.10717472,0.16928501
1893,0.01342152,0.03785466,0.06227481,0.10712120,0.16939601
1894,0.01308241,0.03656034,0.06160476,0.11180941,0.17341417
1895,0.01176006,0.03458101,0.06363127,0.11562307,0.17925435
1896,0.01304169,0.03878465,0.06508403,0.11452726,0.17961129
1897,0.01426176,0.04294312,0.06179519,0.10984688,0.17164207
1898,0.01288328,0.03727637,0.05953935,0.10822412,0.16776348
1899,0.01283271,0.03660447,0.06278645,0.11044871,0.17323516
1900,0.01357018,0.03527549,0.06258979,0.11359269,0.17618249
1901,0.01357961,0.03940510,0.05956065,0.11630389,0.17586454
1902,0.01346305,0.03570634,0.06242396,0.11710325,0.17952721
1903,0.01349548,0.04137203,0.06352207,0.11459661,0.17811868
1904,0.01366888,0.03660780,0.06220419,0.11277553,0.17497972
1905,0.01295068,0.03714151,0.06182398,0.11008030,0.17190428
1906,0.01375748,0.04071065,0.06642827,0.10963676,0.17606503
1907,0.01440790,0.03791147,0.06795848,0.11211350,0.18007198
1908,0.01579220,0.04041566,0.06442470,0.11265157,0.17707627
1909,0.01427450,0.03768223,0.06239570,0.11054967,0.17294537
1910,0.01284408,0.04084584,0.06322034,0.11063062,0.17385095
1911,0.01355916,0.03723919,0.06286885,0.11228200,0.17515085
1912,0.01452344,0.03612159,0.06124759,0.11348942,0.17473701
1913,0.01276337,0.03534350,0.06121621,0.11340751,0.17462372
1914,0.01287161,0.04023883,0.06205549,0.11350546,0.17556095
1915,0.01275940,0.03688844,0.06293722,0.11241551,0.17535274
1916,0.01284348,0.03603501,0.06395715,0.11096560,0.17492275
1917,0.01402677,0.03638045,0.06264401,0.11254147,0.17518549
1918,0.01498813,0.03918490,0.06011033,0.11421756,0.17432789
1919,0.01273376,0.04013379,0.05905775,0.11157154,0.17062929
1920,0.01307229,0.03656686,0.05951366,0.10963638,0.16915004
1921,0.01302091,0.03714686,0.06019625,0.10874685,0.16894310
1922,0.01397641,0.03504140,0.05887999,0.10887909,0.16775908
1923,0.01459808,0.03404963,0.05873503,0.10965785,0.16839289
1924,0.01337385,0.03775772,0.05960304,0.10941987,0.16902291
1925,0.01297524,0.04003464,0.06083814,0.10816540,0.16900354
1926,0.01235570,0.03280730,0.06103618,0.10710587,0.16814206
1927,0.01181270,0.03290169,0.06100668,0.10739069,0.16839737
1928,0.01304299,0.03624602,0.06120631,0.10841900,0.16962531
1929,0.01411166,0.03443093,0.06064176,0.10877586,0.16941762
1930,0.01297335,0.03665829,0.05966890,0.10841844,0.16808734
1931,0.01215775,0.03364927,0.05905802,0.10794676,0.16700478
1932,0.01507101,0.03594261,0.05779108,0.10745706,0.16524814
1933,0.01224722,0.03915562,0.05911411,0.10779984,0.16691396
1934,0.01488656,0.03835871,0.06051868,0.10778643,0.16830511
1935,0.01488634,0.03355128,0.06159268,0.10814649,0.16973917
1936,0.01461404,0.03622980,0.06152790,0.10917969,0.17070759
1937,0.01364614,0.03444856,0.06127209,0.10915382,0.17042591
1938,0.01316732,0.03555635,0.06074415,0.10767541,0.16841956
1939,0.01278816,0.03341799,0.06014143,0.10714487,0.16728630
1940,0.01375046,0.03575659,0.06013612,0.10708642,0.16722254
1941,0.01261131,0.03900479,0.06176335,0.10954750,0.17131084
1942,0.01294836,0.04029885,0.06332901,0.10869293,0.17202194
1943,0.01359662,0.03457337,0.06199626,0.10717983,0.16917609
1944,0.01341478,0.03053123,0.06286713,0.10715169,0.17001882
1945,0.01387755,0.03544239,0.06292919,0.10738719,0.17031638
1946,0.01448460,0.03638081,0.06041551,0.10840794,0.16882345
1947,0.01337546,0.03313220,0.06214666,0.10631528,0.16846194
1948,0.01356199,0.03601924,0.06290443,0.10511508,0.16801951
1949,0.01477069,0.03442062,0.05959592,0.10556946,0.16516538
1950,0.01275656,0.03441029,0.06014936,0.10563950,0.16578887
1951,0.01295926,0.03519952,0.06068701,0.10654937,0.16723638
1952,0.01293664,0.03361237,0.06042294,0.10972752,0.17015046
1953,0.01253226,0.03882939,0.06102218,0.11272948,0.17375166
1954,0.01203275,0.03611656,0.06080612,0.11056771,0.17137383
1955,0.01348888,0.03913798,0.05930915,0.10658428,0.16589343
1956,0.01426051,0.03457382,0.05839269,0.10641607,0.16480876
1957,0.01386330,0.03584892,0.06021604,0.10807457,0.16829061
1958,0.01247053,0.03784917,0.06046243,0.10864881,0.16911125
1959,0.01343504,0.03488417,0.06169668,0.10942163,0.17111831
1960,0.01363773,0.03538249,0.06385706,0.11039994,0.17425700
1961,0.01461578,0.03944922,0.06332006,0.10798536,0.17130542
1962,0.01277858,0.03442059,0.06350329,0.10895576,0.17245905
1963,0.01431979,0.03585273,0.06448985,0.11108762,0.17557747
1964,0.01417612,0.03596962,0.06123568,0.11256507,0.17380075
1965,0.01268723,0.03905977,0.05993556,0.11265766,0.17259322
1966,0.01353951,0.03893046,0.06136767,0.11085125,0.17221892
1967,0.01228203,0.03530595,0.06290846,0.11149971,0.17440818
1968,0.01368968,0.03031522,0.06163622,0.11458532,0.17622154
1969,0.01398774,0.03534722,0.05970819,0.11652925,0.17623743
1970,0.01241806,0.03593357,0.05981208,0.11380554,0.17361762
1971,0.01278288,0.03410148,0.06008828,0.11108381,0.17117208
1972,0.01283246,0.03473694,0.06036447,0.11145032,0.17181479
1973,0.01277113,0.04219975,0.06175673,0.11232694,0.17408368
1974,0.01167521,0.03661998,0.06121259,0.11212307,0.17333566
1975,0.01289024,0.03622742,0.05791702,0.11039062,0.16830764
1976,0.01314888,0.03723763,0.05783980,0.10855746,0.16639726
1977,0.01384668,0.03617727,0.05945500,0.10772138,0.16717638
1978,0.01340707,0.03332055,0.05869020,0.10760033,0.16629053
1979,0.01336981,0.03995697,0.06035100,0.10685284,0.16720384
1980,0.01281687,0.03753527,0.06070356,0.10653628,0.16723984
1981,0.01428766,0.03727914,0.06030570,0.10661116,0.16691687
1982,0.01186287,0.03305496,0.05933044,0.10752001,0.16685045
1983,0.01312427,0.03207528,0.05885345,0.10890435,0.16775780
1984,0.01341322,0.03588683,0.05903288,0.11018319,0.16921607
1985,0.01341873,0.03545459,0.05939241,0.11084030,0.17023271
1986,0.01394976,0.03776839,0.06090423,0.11012168,0.17102591
1987,0.01401675,0.03350579,0.06139420,0.10969264,0.17108684
1988,0.01276091,0.03409903,0.06101765,0.10937841,0.17039606
1989,0.01207765,0.03512681,0.06128038,0.10799149,0.16927187
1990,0.01412545,0.03493118,0.06238974,0.10757972,0.16996945
1991,0.01326953,0.03952333,0.06285039,0.10791619,0.17076658
1992,0.01232452,0.03623315,0.06040284,0.10753659,0.16793944
1993,0.01359853,0.03603864,0.05963998,0.10738396,0.16702393
1994,0.01254143,0.03285210,0.06219148,0.10724053,0.16943200
1995,0.01297006,0.03405469,0.06251115,0.10636086,0.16887201
1996,0.01286909,0.03508265,0.06019105,0.10580143,0.16599248
1997,0.01261293,0.03572354,0.05932008,0.10571171,0.16503178
1998,0.01207358,0.03772704,0.06085308,0.10738680,0.16823987
1999,0.01292635,0.03523643,0.05977799,0.10897379,0.16875178
2000,0.01311111,0.03556383,0.06045253,0.11022123,0.17067376
2001,0.01315651,0.03557494,0.06125389,0.11093038,0.17218428
2002,0.01366575,0.03402561,0.06102395,0.10994323,0.17096718
2003,0.01246282,0.03533623,0.06255667,0.10770404,0.17026071
2004,0.01423339,0.03480946,0.06057632,0.10705208,0.16762840
2005,0.01349844,0.03452940,0.05860551,0.10735317,0.16595869
2006,0.01220179,0.03432900,0.06150822,0.10733297,0.16884120
2007,0.01210224,0.03894801,0.06227175,0.10732153,0.16959328
2008,0.01231985,0.03551686,0.06002709,0.10811453,0.16814162
2009,0.01219585,0.03846492,0.05991710,0.10947731,0.16939441
2010,0.01251245,0.03653768,0.05962736,0.11027890,0.16990625
2011,0.01161295,0.03477141,0.05983619,0.10963347,0.16946966
2012,0.01267765,0.03170918,0.06002929,0.10813420,0.16816349
2013,0.01240951,0.03276774,0.05900247,0.10678940,0.16579187
2014,0.01304518,0.03397441,0.05758379,0.10719912,0.16478291
2015,0.01192231,0.03464482,0.05892391,0.10808687,0.16701078
2016,0.01298341,0.03408213,0.05961389,0.10894096,0.16855485
2017,0.01269569,0.04094994,0.05892923,0.10913197,0.16806120
2018,0.01285323,0.03475122,0.05937509,0.10884582,0.16822090
2019,0.01249601,0.03056206,0.05939868,0.10787372,0.16727239
2020,0.01354381,0.03515904,0.05974492,0.10660111,0.16634604
2021,0.01295794,0.03656968,0.06062777,0.10612797,0.16675574
2022,0.01341134,0.03289811,0.05997108,0.10629353,0.16626460
2023,0.01355452,0.03495819,0.05823860,0.10657182,0.16481042
2024,0.01411747,0.04133630,0.05960483,0.10596014,0.16556497
2025,0.01322605,0.03530252,0.06126884,0.10637790,0.16764674
2026,0.01294007,0.03366079,0.05812539,0.10673071,0.16485609
2027,0.01323974,0.03652976,0.05977936,0.10644771,0.16622707
2028,0.01366487,0.03436457,0.06136126,0.10576841,0.16712967
2029,0.01329879,0.03216413,0.05864052,0.10588876,0.16452929
2030,0.01210777,0.03578454,0.05980503,0.10526224,0.16506727
2031,0.01353345,0.03390377,0.06180201,0.10517665,0.16697866
2032,0.01319036,0.03325174,0.06030670,0.10671674,0.16702344
2033,0.01249547,0.03520406,0.05938211,0.10898186,0.16836397
2034,0.01238750,0.03384300,0.06142491,0.10844027,0.16986518
2035,0.01239333,0.03830737,0.05938035,0.10598429,0.16536464
2036,0.01358618,0.03422552,0.05773416,0.10530847,0.16304263
2037,0.01293495,0.03540257,0.05902702,0.10580622,0.16483324
2038,0.01270502,0.03253036,0.05945216,0.10579443,0.16524659
2039,0.01253664,0.03674630,0.05936911,0.10803284,0.16740195
2040,0.01332451,0.03402154,0.05930548,0.10919894,0.16850442
2041,0.01267567,0.03353522,0.06024358,0.10721416,0.16745774
2042,0.01203347,0.03116036,0.06071562,0.10482796,0.16554357
2043,0.01354660,0.03217117,0.05835961,0.10444646,0.16280608
2044,0.01227324,0.03329099,0.05724551,0.10640330,0.16364881
2045,0.01219571,0.03628765,0.05910268,0.10593750,0.16504018
2046,0.01241609,0.03706068,0.05961849,0.10766067,0.16727916
2047,0.01299013,0.03408853,0.05857672,0.11115655,0.16973327
2048,0.01275328,0.03564057,0.05778811,0.11280403,0.17059214
2049,0.01232272,0.03336572,0.05813722,0.11150053,0.16963775
2050,0.01318345,0.03309746,0.05914749,0.10886310,0.16801059
2051,0.01128425,0.03550536,0.05990966,0.10857166,0.16848132
2052,0.01339380,0.03382420,0.06003611,0.10775294,0.16778905
2053,0.01273397,0.03630688,0.06009195,0.10581858,0.16591053
2054,0.01243961,0.03537691,0.06030234,0.10521874,0.16552107
2055,0.01341734,0.03375268,0.06119812,0.10491315,0.16611127
2056,0.01340688,0.03093095,0.06075147,0.10500645,0.16575792
2057,0.01278451,0.03625676,0.05976485,0.10508531,0.16485017
2058,0.01295963,0.03233017,0.05873851,0.10505723,0.16379574
2059,0.01331461,0.03008166,0.05823582,0.10464688,0.16288271
2060,0.01345457,0.03336687,0.05813554,0.10472296,0.16285850
2061,0.01226925,0.03439347,0.05944404,0.10525373,0.16469777
2062,0.01305563,0.03294678,0.06078262,0.10695732,0.16773993
2063,0.01200645,0.03401280,0.06167459,0.10715603,0.16883062
2064,0.01276883,0.03658723,0.06110017,0.10692378,0.16802395
2065,0.01231177,0.03021812,0.06004529,0.10633674,0.16638204
2066,0.01372977,0.03432249,0.05882393,0.10592853,0.16475246
2067,0.01217017,0.03192040,0.05789073,0.10595184,0.16384257
2068,0.01276677,0.03227258,0.05725891,0.10600448,0.16326339
2069,0.01276270,0.03661820,0.05718997,0.10641322,0.16360319
2070,0.01164173,0.03511314,0.05743161,0.10667260,0.16410421
2071,0.01139285,0.03884052,0.05773475,0.10775019,0.16548495
2072,0.01172054,0.03320782,0.05739575,0.10841789,0.16581364
2073,0.01192681,0.03556675,0.05827552,0.10849158,0.16676711
2074,0.01184145,0.03639157,0.05948635,0.10955776,0.16904411
2075,0.01397476,0.03456341,0.05976016,0.10865598,0.16841615
2076,0.01292154,0.03692728,0.06021788,0.10670444,0.16692231
2077,0.01215594,0.03766150,0.06045223,0.10880714,0.16925937
2078,0.01200551,0.03592028,0.05883290,0.11409257,0.17292547
2079,0.01211363,0.03636825,0.05780842,0.11388833,0.17169675
2080,0.01248405,0.03287673,0.05802759,0.10855466,0.16658225
2081,0.01232296,0.03193414,0.05768680,0.10578842,0.16347522
2082,0.01227642,0.03315156,0.05762374,0.10663801,0.16426176
2083,0.01258624,0.03228185,0.05800632,0.10612072,0.16412704
2084,0.01265173,0.03731847,0.05915720,0.10472573,0.16388293
2085,0.01237297,0.03611534,0.05936605,0.10473192,0.16409797
2086,0.01272539,0.03454313,0.05976010,0.10720558,0.16696568
2087,0.01168781,0.03399805,0.06111621,0.10906494,0.17018114
2088,0.01299321,0.03138493,0.06122681,0.10838182,0.16960863
2089,0.01234546,0.03012416,0.06088930,0.10500532,0.16589462
2090,0.01161923,0.03669650,0.06001640,0.10350727,0.16352367
2091,0.01193878,0.03017339,0.05898151,0.10430159,0.16328311
2092,0.01316249,0.03583480,0.05758869,0.10483727,0.16242596
2093,0.01123825,0.03093688,0.05678339,0.10586040,0.16264379
2094,0.01373812,0.03079056,0.05605075,0.10730493,0.16335568
2095,0.01089921,0.03642426,0.05635030,0.10755026,0.16390057
2096,0.01240127,0.03267837,0.05710737,0.10836539,0.16547276
2097,0.01248512,0.03108912,0.05838181,0.10763722,0.16601903
2098,0.01198791,0.03080213,0.05925993,0.10775746,0.16701740
2099,0.01259913,0.03369771,0.05986070,0.10655536,0.16641605
2100,0.01181142,0.03402679,0.05971982,0.10510929,0.16482911
2101,0.01253542,0.03765938,0.06167008,0.10482649,0.16649656
2102,0.01333148,0.03403818,0.06007300,0.10491260,0.16498560
2103,0.01218306,0.03252493,0.05847973,0.10456804,0.16304777
2104,0.01190047,0.03104672,0.06060590,0.10482366,0.16542957
2105,0.01265363,0.03691220,0.05941115,0.10492630,0.16433745
2106,0.01269883,0.03621612,0.05767258,0.10467408,0.16234666
2107,0.01158393,0.03308713,0.06019821,0.10388249,0.16408070
2108,0.01282233,0.03694080,0.05977806,0.10331971,0.16309777
2109,0.01212019,0.03183544,0.05799375,0.10421780,0.16221155
2110,0.01095387,0.03912419,0.05832269,0.10542198,0.16374467
2111,0.01254632,0.03313056,0.05751555,0.10677280,0.16428834
2112,0.01246382,0.03043373,0.05673156,0.10723328,0.16396484
2113,0.01148427,0.03415237,0.05709261,0.10640824,0.16350085
2114,0.01420804,0.03238880,0.05673645,0.10540443,0.16214088
2115,0.01314840,0.03343940,0.05704808,0.10430425,0.16135233
2116,0.01207324,0.03099133,0.05631121,0.10403971,0.16035092
2117,0.01193261,0.03624685,0.05626972,0.10404269,0.16031241
2118,0.01242487,0.03536206,0.05667642,0.10518552,0.16186194
2119,0.01179511,0.03379076,0.05792532,0.10438713,0.16231245
2120,0.01294152,0.03191188,0.05954069,0.10275819,0.16229888
2121,0.01131627,0.03700318,0.06055194,0.10309739,0.16364934
2122,0.01255380,0.03742635,0.05928554,0.10497304,0.16425858
2123,0.01117220,0.03320948,0.05768492,0.10268355,0.16036847
2124,0.01291722,0.03417983,0.05733613,0.10259651,0.15993263
2125,0.01342064,0.03560935,0.05794581,0.10555972,0.16350553
2126,0.01469887,0.03284730,0.05859918,0.10824218,0.16684136
2127,0.01294689,0.03532622,0.06152881,0.10716245,0.16869126
2128,0.01287158,0.03348086,0.06425017,0.10438222,0.16863239
2129,0.01290623,0.03341261,0.06145649,0.10698404,0.16844053
2130,0.01254987,0.03257052,0.05916796,0.10839381,0.16756177
2131,0.01210165,0.03595804,0.05800169,0.10508827,0.16308996
2132,0.01329384,0.03194102,0.05639055,0.10800131,0.16439185
2133,0.01247067,0.03421410,0.05752057,0.11138433,0.16890490
2134,0.01306514,0.03305103,0.05804059,0.10738590,0.16542650
2135,0.01421943,0.03459925,0.05923188,0.10322663,0.16245851
2136,0.01210681,0.03438901,0.05989524,0.10412700,0.16402224
2137,0.01201244,0.03229674,0.05933468,0.10699330,0.16632799
2138,0.01232114,0.03768315,0.05918661,0.10460602,0.16379263
2139,0.01287070,0.03462259,0.05997907,0.10509499,0.16507407
2140,0.01227626,0.03808175,0.06099614,0.10929224,0.17028838
2141,0.01280075,0.03470734,0.06019441,0.11178235,0.17197676
2142,0.01261960,0.03314553,0.05830124,0.10991658,0.16821783
2143,0.01351984,0.03578556,0.05715068,0.10651100,0.16366167
2144,0.01213462,0.03609088,0.06041269,0.10491817,0.16533086
2145,0.01201066,0.03110159,0.06405582,0.10517496,0.16923078
2146,0.01343354,0.03416260,0.06212281,0.10492305,0.16704586
2147,0.01286707,0.03960256,0.05966040,0.10593449,0.16559489
2148,0.01191461,0.03538497,0.05922215,0.10750850,0.16673065
2149,0.01237461,0.03469226,0.05954120,0.10768941,0.16723061
2150,0.01236776,0.03176798,0.05971296,0.10622405,0.16593700
2151,0.01228635,0.03133223,0.05867888,0.10502110,0.16369998
2152,0.01280401,0.03482445,0.05693160,0.10491978,0.16185139
2153,0.01228611,0.03597132,0.05703985,0.10416752,0.16120737
2154,0.01307745,0.03374073,0.05818132,0.10463355,0.16281487
2155,0.01265204,0.03237038,0.05994706,0.10477814,0.16472520
2156,0.01266622,0.03486280,0.05884571,0.10438884,0.16323455
2157,0.01258685,0.03267221,0.05761745,0.10448587,0.16210332
2158,0.01275981,0.03306947,0.05985640,0.10513486,0.16499126
2159,0.01064521,0.03305135,0.05902563,0.10564134,0.16466697
2160,0.01178757,0.03584108,0.05865761,0.10663232,0.16528993
2161,0.01260698,0.03284471,0.05905164,0.10701959,0.16607123
2162,0.01105207,0.03530649,0.05821175,0.10641482,0.16462657
2163,0.01283968,0.03444740,0.05644889,0.10498414,0.16143303
2164,0.01182003,0.03028600,0.05984650,0.10430898,0.16415548
2165,0.01224671,0.03508604,0.06116415,0.10453431,0.16569845
2166,0.01243545,0.03289518,0.06023907,0.10419571,0.16443479
2167,0.01153775,0.03389506,0.05931389,0.10418420,0.16349808
2168,0.01112581,0.03236353,0.05816384,0.10775267,0.16591651
2169,0.01265050,0.03461295,0.05696657,0.10954378,0.16651034
2170,0.01265178,0.03621644,0.05917813,0.10862850,0.16780664
2171,0.01267543,0.03501784,0.05698765,0.10998192,0.16696957
2172,0.01171391,0.03219224,0.05784081,0.11481698,0.17265779
2173,0.01131928,0.03866273,0.06086497,0.11239849,0.17326346
2174,0.01314364,0.03616053,0.05957120,0.10686266,0.16643385
2175,0.01256381,0.03135340,0.05896165,0.10582641,0.16478806
2176,0.01292420,0.03405701,0.06416188,0.10563703,0.16979891
2177,0.01284171,0.03809678,0.06081586,0.10410718,0.16492304
2178,0.01421240,0.03319912,0.05751095,0.10411226,0.16162321
2179,0.01237180,0.03387485,0.06061966,0.10650473,0.16712439
2180,0.01339103,0.03415859,0.05872251,0.10561053,0.16433304
2181,0.01140163,0.03253855,0.05932233,0.10360220,0.16292453
2182,0.01195307,0.03331392,0.05916058,0.10250858,0.16166916
2183,0.01159696,0.03066589,0.05825496,0.10298918,0.16124414
2184,0.01181979,0.03378701,0.05820084,0.10326695,0.16146778
2185,0.01177417,0.02882339,0.05790790,0.10476235,0.16267025
2186,0.01155049,0.03501619,0.05722464,0.10531400,0.16253864
2187,0.01221521,0.03462362,0.05636419,0.10524478,0.16160896
2188,0.01172530,0.03564348,0.05670065,0.10554592,0.16224658
2189,0.01146716,0.03197022,0.05718100,0.10576180,0.16294279
2190,0.01241542,0.03346903,0.05785574,0.10486840,0.16272415
2191,0.01084188,0.03415145,0.05753335,0.10434069,0.16187405
2192,0.01314617,0.03084930,0.05866830,0.10459080,0.16325910
2193,0.01257597,0.03298377,0.05833804,0.10354129,0.16187933
2194,0.01295968,0.02925309,0.05683539,0.10300855,0.15984394
2195,0.01175206,0.03212879,0.05790865,0.10298613,0.16089477
2196,0.01287051,0.02748807,0.05859729,0.10337308,0.16197037
2197,0.01286747,0.03400416,0.05675399,0.10410784,0.16086183
2198,0.01215892,0.03451043,0.05823195,0.10233612,0.16056807
2199,0.01064090,0.03331878,0.05811459,0.10158713,0.15970172
2200,0.01262129,0.03681217,0.05613993,0.10129253,0.15743246
2201,0.01192767,0.03400455,0.05775034,0.10192882,0.15967916
2202,0.01289674,0.02867390,0.06150552,0.10312787,0.16463339
2203,0.01343826,0.02822179,0.06111060,0.10491340,0.16602400
2204,0.01170171,0.02934273,0.05747313,0.10611970,0.16359283
2205,0.01165695,0.03215615,0.05831389,0.10602542,0.16433931
2206,0.01234412,0.03287809,0.06080033,0.10644682,0.16724715
2207,0.01345513,0.03319704,0.05991874,0.10706422,0.16698296
2208,0.01206427,0.03173674,0.05751551,0.10704624,0.16456174
2209,0.01213719,0.03490153,0.06027237,0.10364613,0.16391850
2210,0.01231817,0.03598531,0.05866956,0.10214257,0.16081213
2211,0.01106326,0.03795701,0.05662890,0.10133220,0.15796110
2212,0.01242839,0.03151812,0.05837568,0.10065389,0.15902957
2213,0.01254285,0.03943382,0.05898161,0.10138857,0.16037019
2214,0.01244622,0.03746020,0.05778487,0.10139725,0.15918212
2215,0.01140079,0.03276494,0.05802620,0.10184287,0.15986906
2216,0.01127473,0.03357401,0.05839109,0.10318717,0.16157826
2217,0.01189087,0.03676049,0.05807877,0.10462084,0.16269961
2218,0.01204093,0.03415203,0.05720797,0.10345337,0.16066134
2219,0.01365850,0.03257162,0.05791217,0.10371758,0.16162975
2220,0.01147311,0.03124877,0.05930692,0.10673869,0.16604562
2221,0.01250867,0.03426892,0.05909875,0.10611316,0.16521191
2222,0.01223095,0.03293144,0.05787414,0.10382513,0.16169927
2223,0.01202351,0.03073701,0.05760605,0.10293220,0.16053825
2224,0.01122629,0.03563776,0.05733280,0.10207017,0.15940297
2225,0.01163131,0.03028875,0.05652911,0.10173973,0.15826884
2226,0.01180449,0.03650740,0.05610610,0.10109439,0.15720050
2227,0.01215723,0.03186687,0.05655158,0.10164964,0.15820122
2228,0.01106992,0.03343629,0.05582787,0.10302807,0.15885593
2229,0.01204346,0.03193915,0.05519936,0.10601456,0.16121392
2230,0.01057836,0.03379046,0.05487957,0.10653760,0.16141717
2231,0.01209299,0.03468846,0.05443359,0.10580250,0.16023609
2232,0.01260951,0.02927596,0.05528808,0.10546006,0.16074814
2233,0.01164335,0.03148691,0.05564048,0.10442551,0.16006599
2234,0.01120268,0.03094199,0.05522801,0.10284449,0.15807251
2235,0.01187924,0.03197389,0.05682339,0.10428988,0.16111327
2236,0.01134243,0.03273454,0.05637284,0.10469515,0.16106799
2237,0.01101300,0.03315910,0.05615313,0.10253046,0.15868358
2238,0.01176212,0.03609302,0.05800221,0.10038237,0.15838457
2239,0.01253341,0.03576324,0.05685500,0.10162902,0.15848402
2240,0.01226381,0.03802718,0.05728137,0.10282888,0.16011024
2241,0.01028522,0.03402177,0.06051591,0.10257765,0.16309356
2242,0.01165412,0.03197642,0.06049904,0.10399107,0.16449011
2243,0.01237630,0.03076872,0.05724626,0.10463398,0.16188024
2244,0.01127426,0.03310454,0.05967899,0.10514929,0.16482828
2245,0.01241350,0.03215791,0.05937899,0.10424228,0.16362127
2246,0.01160320,0.03188984,0.05803769,0.10417419,0.16221188
2247,0.01247191,0.03143331,0.05727405,0.10476471,0.16203876
2248,0.01254188,0.03304806,0.05852052,0.10539653,0.16391705
2249,0.01072184,0.03440302,0.05939259,0.10540211,0.16479470
2250,0.01135561,0.03254883,0.05823704,0.10550170,0.16373874
2251,0.01207545,0.03309480,0.05779891,0.10547578,0.16327469
2252,0.01204083,0.03174301,0.05776493,0.10569310,0.16345803
2253,0.01253572,0.03100591,0.05698100,0.10405955,0.16104055
2254,0.01120875,0.03524523,0.05613403,0.10224975,0.15838378
2255,0.01079496,0.03275172,0.05796577,0.10355533,0.16152110
2256,0.01318135,0.03390494,0.05741537,0.10238498,0.15980036
2257,0.01190018,0.03626264,0.05632785,0.10129540,0.15762324
2258,0.01173220,0.03354954,0.05629891,0.10529843,0.16159734
2259,0.01185327,0.03446311,0.05707720,0.10928681,0.16636401
2260,0.01092354,0.03319217,0.05579117,0.10851178,0.16430294
2261,0.01208476,0.03573209,0.05760255,0.10605213,0.16365468
2262,0.01177439,0.03465007,0.05999483,0.10640090,0.16639573
2263,0.01132377,0.03189907,0.05684827,0.10502833,0.16187660
2264,0.01233535,0.03607919,0.05769908,0.10184646,0.15954554
2265,0.01198990,0.03567193,0.06045141,0.10262747,0.16307888
2266,0.01200692,0.03039408,0.06006252,0.10573936,0.16580189
2267,0.01351412,0.03380955,0.05891056,0.10647901,0.16538957
2268,0.01103217,0.03293579,0.06124566,0.10421185,0.16545751
2269,0.01219641,0.02954921,0.06097760,0.10395844,0.16493604
2270,0.01158025,0.03285205,0.05731919,0.10545716,0.16277636
2271,0.01202045,0.03262640,0.05807723,0.10690861,0.16498584
2272,0.01196363,0.03307108,0.05761652,0.10588741,0.16350392
2273,0.01180332,0.03081520,0.05502457,0.10410815,0.15913273
2274,0.01179688,0.02912744,0.05580840,0.10320002,0.15900842
2275,0.01165858,0.03347269,0.05664729,0.10229131,0.15893860
2276,0.01134714,0.02943411,0.05582701,0.10139335,0.15722036
2277,0.01120031,0.03099437,0.05519484,0.10118569,0.15638054
2278,0.01119421,0.03218900,0.05580220,0.10174217,0.15754437
2279,0.01195517,0.03390288,0.05661553,0.10205462,0.15867015
2280,0.01245994,0.03448605,0.05680431,0.10171965,0.15852396
2281,0.01256686,0.03476224,0.05699841,0.10127405,0.15827246
2282,0.01111722,0.03605289,0.05864124,0.10024258,0.15888382
2283,0.01201784,0.03080170,0.05847936,0.09961404,0.15809340
2284,0.01069382,0.03094723,0.05739402,0.10086073,0.15825475
2285,0.01024331,0.03730059,0.05691077,0.10273101,0.15964178
2286,0.01058701,0.03842716,0.05733988,0.10301280,0.16035268
2287,0.01249754,0.03727505,0.05764500,0.10303063,0.16067563
2288,0.01256795,0.03307620,0.05731687,0.10230297,0.15961984
2289,0.01213365,0.03183293,0.05703040,0.10215041,0.15918081
2290,0.01170081,0.03181164,0.05805381,0.10396416,0.16201796
2291,0.01261005,0.03015684,0.05845417,0.10649560,0.16494977
2292,0.01104508,0.03431135,0.05669969,0.11050531,0.16720500
2293,0.01099926,0.03154321,0.05639571,0.11253107,0.16892678
2294,0.01163483,0.03607489,0.05735286,0.10865666,0.16600952
2295,0.01171860,0.03306684,0.05692467,0.10353719,0.16046185
2296,0.01116017,0.03160708,0.05718282,0.10119323,0.15837605
2297,0.01062027,0.03035156,0.05761444,0.10240981,0.16002425
2298,0.01148000,0.03754936,0.05644907,0.10138085,0.15782992
2299,0.01070899,0.03882723,0.05626911,0.10043611,0.15670522
2300,0.01237243,0.03475253,0.05577170,0.10099248,0.15676418
2301,0.01157620,0.02815002,0.05506424,0.10189171,0.15695595
2302,0.01046794,0.03091384,0.05495590,0.10155100,0.15650690
2303,0.01067789,0.03166649,0.05435016,0.10098719,0.15533735
2304,0.01094845,0.03706005,0.05518387,0.10122458,0.15640845
2305,0.01103704,0.03271352,0.05751827,0.09971078,0.15722905
2306,0.01223537,0.02855606,0.05875533,0.09999106,0.15874639
2307,0.01134314,0.03269155,0.05851945,0.10378778,0.16230723
2308,0.01254609,0.03346440,0.05895598,0.10459248,0.16354846
2309,0.01083534,0.03487550,0.06114354,0.10058746,0.16173100
2310,0.01372174,0.03313363,0.05979258,0.09970012,0.15949270
2311,0.01220116,0.03349342,0.05630090,0.10280622,0.15910712
2312,0.01206631,0.03154892,0.05898382,0.10523765,0.16422147
2313,0.01130548,0.03179582,0.06095158,0.10379422,0.16474580
2314,0.01248306,0.03055357,0.05891493,0.10171805,0.16063298
2315,0.01120385,0.03427069,0.05887584,0.10033420,0.15921004
2316,0.01083203,0.03222604,0.05792661,0.10044025,0.15836686
2317,0.01231676,0.03481426,0.05664530,0.10178986,0.15843516
2318,0.01203558,0.03314734,0.05848714,0.10252540,0.16101254
2319,0.01178497,0.03248500,0.05894588,0.10366467,0.16261054
2320,0.01239570,0.03289841,0.05830444,0.10439125,0.16269569
2321,0.01235673,0.02990327,0.05887070,0.10588045,0.16475114
2322,0.01224169,0.03168071,0.05806473,0.10601041,0.16407514
2323,0.01129783,0.03495274,0.05698368,0.10432672,0.16131039
2324,0.01181458,0.03344731,0.05720806,0.10274876,0.15995682
2325,0.01222291,0.03198509,0.05751270,0.10179053,0.15930323
2326,0.01171252,0.03227217,0.05780524,0.10061453,0.15841977
2327,0.01205326,0.03595863,0.05840613,0.10071012,0.15911626
2328,0.01078872,0.03274083,0.05784588,0.10127113,0.15911701
2329,0.01197179,0.03397278,0.05638493,0.10199811,0.15838305
2330,0.01165608,0.03098359,0.05525834,0.10306174,0.15832008
2331,0.01130310,0.03632971,0.05478018,0.10272650,0.15750667
2332,0.01133592,0.03410577,0.05516532,0.10351814,0.15868345
2333,0.01125102,0.02954641,0.05576518,0.10513917,0.16090436
2334,0.01113529,0.03164228,0.05567562,0.10413637,0.15981199
2335,0.01136657,0.03275408,0.05580175,0.10242549,0.15822723
2336,0.01107365,0.03211731,0.05610342,0.10158379,0.15768721
2337,0.01092420,0.03135051,0.05587958,0.10129923,0.15717881
2338,0.01092634,0.03144273,0.05573568,0.10056301,0.15629869
2339,0.01084915,0.03083602,0.05775179,0.09984893,0.15760072
2340,0.01181653,0.03299830,0.05537935,0.09865388,0.15403323
2341,0.01114693,0.02579281,0.05460314,0.09898288,0.15358602
2342,0.01058279,0.03554118,0.05712193,0.10045620,0.15757813
2343,0.01238398,0.03949009,0.05710767,0.10110206,0.15820973
2344,0.01176782,0.03398566,0.05588087,0.10065950,0.15654037
2345,0.01134230,0.03132046,0.05607234,0.10059994,0.15667228
2346,0.01123324,0.03072781,0.05682576,0.10146390,0.15828966
2347,0.01107015,0.03210129,0.05713967,0.10126829,0.15840796
2348,0.01065762,0.03304586,0.05697584,0.10095244,0.15792828
2349,0.01067466,0.02957927,0.05599188,0.10087334,0.15686522
2350,0.01165901,0.03349543,0.05584280,0.10041966,0.15626245
2351,0.01184902,0.03504962,0.05545152,0.10033920,0.15579072
2352,0.01112059,0.03341232,0.05441093,0.10054223,0.15495317
2353,0.01091608,0.03105456,0.05488936,0.10118397,0.15607334
2354,0.01133719,0.02870381,0.05648349,0.10116570,0.15764919
2355,0.01050560,0.03238621,0.05727360,0.09965888,0.15693249
2356,0.01134985,0.02868114,0.05652170,0.09839737,0.15491906
2357,0.01086682,0.03040983,0.05618036,0.09823948,0.15441984
2358,0.01037723,0.03264612,0.05664200,0.09911212,0.15575413
2359,0.01115250,0.03213977,0.05548399,0.10063722,0.15612121
2360,0.01084222,0.03254709,0.05538032,0.10181536,0.15719568
2361,0.00922481,0.02972444,0.05662960,0.10251546,0.15914506
2362,0.01101138,0.03322697,0.05502529,0.10178106,0.15680635
2363,0.01006182,0.02963577,0.05385799,0.10223819,0.15609619
2364,0.01221932,0.02984978,0.05525895,0.10348745,0.15874640
2365,0.01083915,0.03167402,0.05717595,0.10390288,0.16107883
2366,0.01088816,0.03492751,0.05689009,0.10390018,0.16079027
2367,0.01167087,0.03262881,0.05611288,0.10353239,0.15964527
2368,0.01205365,0.02744807,0.05594884,0.10304068,0.15898952
2369,0.01161253,0.03001713,0.05660647,0.10339122,0.15999769
2370,0.01194892,0.03271446,0.05590998,0.10337136,0.15928134
2371,0.01152517,0.02995346,0.05516199,0.10215322,0.15731521
2372,0.01084257,0.03273707,0.05472462,0.10044032,0.15516495
2373,0.01107443,0.03444255,0.05608921,0.10102616,0.15711537
2374,0.01118636,0.03219151,0.05665044,0.10153394,0.15818438
2375,0.01098803,0.02946911,0.05638184,0.10211345,0.15849529
2376,0.01061124,0.03304917,0.05496849,0.10137861,0.15634710
2377,0.01162449,0.03232727,0.05524458,0.10016302,0.15540760
2378,0.01118936,0.03303273,0.05550636,0.10007308,0.15557944
2379,0.01115392,0.03091078,0.05553868,0.10094249,0.15648116
2380,0.01202639,0.02917287,0.05551028,0.10345618,0.15896646
2381,0.01107825,0.03337928,0.05540019,0.10536660,0.16076680
2382,0.01198337,0.03321797,0.05569088,0.10353245,0.15922333
2383,0.01189703,0.02999870,0.05569670,0.10150190,0.15719859
2384,0.01176529,0.03232455,0.05411320,0.10117777,0.15529097
2385,0.01167560,0.03163067,0.05337589,0.10062332,0.15399921
2386,0.01198628,0.03212768,0.05560997,0.10021962,0.15582959
2387,0.01113023,0.03334899,0.05686017,0.09996847,0.15682864
2388,0.01162527,0.03299622,0.05472239,0.10029580,0.15501818
2389,0.01026582,0.03237990,0.05640286,0.10075761,0.15716047
2390,0.01090892,0.03290043,0.05634633,0.10031802,0.15666435
2391,0.01103437,0.02923647,0.05431261,0.09947667,0.15378928
2392,0.01066129,0.03000273,0.05528338,0.09950913,0.15479252
2393,0.01259792,0.03243864,0.05941057,0.09959637,0.15900693
2394,0.01236701,0.03163916,0.05700888,0.10045227,0.15746116
2395,0.01098960,0.02968676,0.05484040,0.10060237,0.15544278
2396,0.01084132,0.03130864,0.05571640,0.09960714,0.15532354
2397,0.01052978,0.03232935,0.05712786,0.09869568,0.15582354
2398,0.01176459,0.03186367,0.05693023,0.09837245,0.15530268
2399,0.01065475,0.02877111,0.05874585,0.09867214,0.15741799
2400,0.01072836,0.03176296,0.05899060,0.09974906,0.15873966
2401,0.01163787,0.02714785,0.05782675,0.10249037,0.16031712
2402,0.01180207,0.03163718,0.05719631,0.10123805,0.15843436
2403,0.01228251,0.03662026,0.05630900,0.09797599,0.15428500
2404,0.01110556,0.03126952,0.05526575,0.09815592,0.15342168
2405,0.01079215,0.03239802,0.05631014,0.10026577,0.15657591
2406,0.01223492,0.03279202,0.05525240,0.10287921,0.15813161
2407,0.01203104,0.03236266,0.05507644,0.10527309,0.16034953
2408,0.01048470,0.03146693,0.05629562,0.10178553,0.15808116
2409,0.01136697,0.03825133,0.05777093,0.09860111,0.15637204
2410,0.01168573,0.03221628,0.05829200,0.10103419,0.15932619
2411,0.01189642,0.03384537,0.05775026,0.10083738,0.15858764
2412,0.01223617,0.03192772,0.05688731,0.09943877,0.15632608
2413,0.01188004,0.03274849,0.05561549,0.10178340,0.15739889
2414,0.01226018,0.03329329,0.05360795,0.10257101,0.15617896
2415,0.01087464,0.03050866,0.05480525,0.10045504,0.15526029
2416,0.01238022,0.02845179,0.05349312,0.09800241,0.15149553
2417,0.01154879,0.03253407,0.05308958,0.09792595,0.15101553
2418,0.01097410,0.02820189,0.05528926,0.09890881,0.15419807
2419,0.01154146,0.03337910,0.05612022,0.09972255,0.15584277
2420,0.01020980,0.03574642,0.05655589,0.10022157,0.15677746
2421,0.01114131,0.02871635,0.05697698,0.10140271,0.15837969
2422,0.01190615,0.03039423,0.05732623,0.10302409,0.16035032
2423,0.01146368,0.03112069,0.05797343,0.10186207,0.15983550
2424,0.01212955,0.03541704,0.05660137,0.10072733,0.15732870
2425,0.01159724,0.03081782,0.05534167,0.10017954,0.15552121
2426,0.01172504,0.02703026,0.05553809,0.10034894,0.15588703
2427,0.01040338,0.03106242,0.05691461,0.10122677,0.15814138
2428,0.01064946,0.03427917,0.05722768,0.10317548,0.16040316
2429,0.01266475,0.03080240,0.05638538,0.10437299,0.16075837
2430,0.01152423,0.03176966,0.05544857,0.10422253,0.15967110
2431,0.00995761,0.03061973,0.05553996,0.10411924,0.15965920
2432,0.01210597,0.03084932,0.05494497,0.10314445,0.15808942
2433,0.01120467,0.03314746,0.05729260,0.10216974,0.15946233
2434,0.01130311,0.03299592,0.05849490,0.10070045,0.15919535
2435,0.01123502,0.03036045,0.05601040,0.09928045,0.15529085
2436,0.01105456,0.02965574,0.05459788,0.09848820,0.15308608
2437,0.01212879,0.03087305,0.05601853,0.09917617,0.15519470
2438,0.01189504,0.03731154,0.05755820,0.09815630,0.15571449
2439,0.01227527,0.03065649,0.05746692,0.09867889,0.15614582
2440,0.01066721,0.03282681,0.05905563,0.10135507,0.16041070
2441,0.01101335,0.03211802,0.05987463,0.10480759,0.16468221
2442,0.01251321,0.03450243,0.05645576,0.10220183,0.15865760
2443,0.01127861,0.03157943,0.05510370,0.10029123,0.15539493
2444,0.01027603,0.02984218,0.05677151,0.10017196,0.15694347
2445,0.01093774,0.03301541,0.05538815,0.10001135,0.15539950
2446,0.01124381,0.03127096,0.05717161,0.10090966,0.15808127
2447,0.01109564,0.03076469,0.06055146,0.10451242,0.16506388
2448,0.01050468,0.03390468,0.06124987,0.10409184,0.16534171
2449,0.01292475,0.03147224,0.05693110,0.10017542,0.15710652
2450,0.00961872,0.02961172,0.06019677,0.09847742,0.15867419
2451,0.01162633,0.03084594,0.05997404,0.09912595,0.15909999
2452,0.01150305,0.03141584,0.05485771,0.09909841,0.15395612
2453,0.01092448,0.03089258,0.05638187,0.09892684,0.15530871
2454,0.01106850,0.03492701,0.05868119,0.09892056,0.15760175
2455,0.01040237,0.02954557,0.05608753,0.09919962,0.15528715
2456,0.01213123,0.03507416,0.05536712,0.09904711,0.15441423
2457,0.01080176,0.03609969,0.05777817,0.09895942,0.15673759
2458,0.01272929,0.03034093,0.05812772,0.09898887,0.15711659
2459,0.01178837,0.03207261,0.05594195,0.09835090,0.15429286
2460,0.01154715,0.02995228,0.05614287,0.09758198,0.15372485
2461,0.01074552,0.03014474,0.05792011,0.09776574,0.15568586
2462,0.01106475,0.02924089,0.05967097,0.09867288,0.15834386
2463,0.01121926,0.03391539,0.05873928,0.10082981,0.15956909
2464,0.01189212,0.03076145,0.05740637,0.10229358,0.15969995
2465,0.01091267,0.03277896,0.05735905,0.09923414,0.15659319
2466,0.01154002,0.03201367,0.05706323,0.09701058,0.15407380
2467,0.01120964,0.03205419,0.05708398,0.09646263,0.15354661
2468,0.01176873,0.03252899,0.05565897,0.09630368,0.15196265
2469,0.00967357,0.03128782,0.05534337,0.09772173,0.15306510
2470,0.01065187,0.03422393,0.05658913,0.09891586,0.15550499
2471,0.01169675,0.03318258,0.05760317,0.09794240,0.15554557
2472,0.01193342,0.02611675,0.05741520,0.09709702,0.15451222
2473,0.00980620,0.02818634,0.05654181,0.09757563,0.15411744
2474,0.01164346,0.03139809,0.05490093,0.09937316,0.15427409
2475,0.01103026,0.03271415,0.05436017,0.10080022,0.15516039
2476,0.01108990,0.03507157,0.05443709,0.10183303,0.15627012
2477,0.00998550,0.03084271,0.05548606,0.10253120,0.15801726
2478,0.01109021,0.03222390,0.05345122,0.10189392,0.15534515
2479,0.00965229,0.03386380,0.05265483,0.10040534,0.15306017
2480,0.01129615,0.02828595,0.05487679,0.09849445,0.15337124
2481,0.01060578,0.03178162,0.05647662,0.09881140,0.15528801
2482,0.01130276,0.03187357,0.05680169,0.09978976,0.15659145
2483,0.01195135,0.03401631,0.05483807,0.09916432,0.15400239
2484,0.01090815,0.03161782,0.05411504,0.10011370,0.15422874
2485,0.01135213,0.03376433,0.05425897,0.10468632,0.15894529
2486,0.01222034,0.03507033,0.05424325,0.10448230,0.15872555
2487,0.01085949,0.02825033,0.05488540,0.10059093,0.15547633
2488,0.01091924,0.03103483,0.05543762,0.09890584,0.15434346
2489,0.01172445,0.03013904,0.05493389,0.09994049,0.15487439
2490,0.01133204,0.03209980,0.05507373,0.09756223,0.15263596
2491,0.01133018,0.02922771,0.05761798,0.09794035,0.15555833
2492,0.01097114,0.02852114,0.05683103,0.10485144,0.16168247
2493,0.01098195,0.03178398,0.05592180,0.10342874,0.15935054
2494,0.01179024,0.03542389,0.05642738,0.09887200,0.15529938
2495,0.01089258,0.02955208,0.05626559,0.09869096,0.15495656
2496,0.01224566,0.03401775,0.05652104,0.09974952,0.15627056
2497,0.01084885,0.03250880,0.05557842,0.09977134,0.15534976
2498,0.01076534,0.03383304,0.05486670,0.10352611,0.15839281
2499,0.01095396,0.03559883,0.05583798,0.10807027,0.16390825
2500,0.01103141,0.03603368,0.05632851,0.10424100,0.16056951
2501,0.01069835,0.03086535,0.05571171,0.10000584,0.15571754
2502,0.01030250,0.03201666,0.05521332,0.09948826,0.15470158
2503,0.01016782,0.03361149,0.05406171,0.09826180,0.15232352
2504,0.00972216,0.03278864,0.05358025,0.09699298,0.15057324
2505,0.01146910,0.03111580,0.05429119,0.09738368,0.15167487
2506,0.00977679,0.02830160,0.05447517,0.09893896,0.15341412
2507,0.01048411,0.03285902,0.05504081,0.09960493,0.15464574
2508,0.01091129,0.03385718,0.05436876,0.09875354,0.15312230
2509,0.01010936,0.02862928,0.05301068,0.09869608,0.15170676
2510,0.00998717,0.03521200,0.05314565,0.10045802,0.15360367
2511,0.01050538,0.03068064,0.05331896,0.09973709,0.15305605
2512,0.01057966,0.02975947,0.05294468,0.09861264,0.15155731
2513,0.00998230,0.03229083,0.05335289,0.09722622,0.15057912
2514,0.01027023,0.03164850,0.05402382,0.09758800,0.15161182
2515,0.01056162,0.02950707,0.05466216,0.09926403,0.15392619
2516,0.01080832,0.03260194,0.05534281,0.09874842,0.15409122
2517,0.01158097,0.03216755,0.05564424,0.09719788,0.15284213
2518,0.01152523,0.03012524,0.05706041,0.09820123,0.15526164
2519,0.01189804,0.03152091,0.05737124,0.10023513,0.15760637
2520,0.01216701,0.02736676,0.05582639,0.10103726,0.15686365
2521,0.01096396,0.03069729,0.05597826,0.10082823,0.15680649
2522,0.01057457,0.03060326,0.05594777,0.10199399,0.15794175
2523,0.01203701,0.02838820,0.05604995,0.10512083,0.16117078
2524,0.01180732,0.03077787,0.05649524,0.10897302,0.16546826
2525,0.01093135,0.03436006,0.05790839,0.10567193,0.16358032
2526,0.01175711,0.03155857,0.05725590,0.10169850,0.15895440
2527,0.01132710,0.02893262,0.05468909,0.10035687,0.15504596
2528,0.01200225,0.03114025,0.05570322,0.10000629,0.15570951
2529,0.01165009,0.03024039,0.05771355,0.09917343,0.15688698
2530,0.01284288,0.02802638,0.05539759,0.09939253,0.15479012
2531,0.01145631,0.02923459,0.05501200,0.10104597,0.15605797
2532,0.01141593,0.03178156,0.05491302,0.10008686,0.15499988
2533,0.01117863,0.02894666,0.05515652,0.09868592,0.15384244
2534,0.01071715,0.03247614,0.05703231,0.09795850,0.15499081
2535,0.01081173,0.03030849,0.05690457,0.09865733,0.15556191
2536,0.01117923,0.03254813,0.05499021,0.09923464,0.15422485
2537,0.01121248,0.03314164,0.05428123,0.09992650,0.15420774
2538,0.01169630,0.02866647,0.05536095,0.09953254,0.15489349
2539,0.01101572,0.02900606,0.05565544,0.09871398,0.15436942
2540,0.01044065,0.02917179,0.05611504,0.09802097,0.15413601
2541,0.01015806,0.02992260,0.05590453,0.09720631,0.15311084
2542,0.01074964,0.02838236,0.05418826,0.09655979,0.15074806
2543,0.01154805,0.02910819,0.05354318,0.09574371,0.14928689
2544,0.00969936,0.02698442,0.05484733,0.09573793,0.15058526
2545,0.01129685,0.02862828,0.05559882,0.09700731,0.15260613
2546,0.01026423,0.03170346,0.05505346,0.09925070,0.15430415
2547,0.01084652,0.03308732,0.05456763,0.09909942,0.15366705
2548,0.01124700,0.02914417,0.05488099,0.09910440,0.15398539
2549,0.01021062,0.02836729,0.05550230,0.09875464,0.15425694
2550,0.01100480,0.02865192,0.05610174,0.09700192,0.15310365
2551,0.01017337,0.03102719,0.05622219,0.09610906,0.15233125
2552,0.01156473,0.03169134,0.05544049,0.09532416,0.15076464
2553,0.01012037,0.02821338,0.05493750,0.09559824,0.15053574
2554,0.01035619,0.02867418,0.05504071,0.09664465,0.15168536
2555,0.01154411,0.03287384,0.05564119,0.09674452,0.15238571
2556,0.01061805,0.02893907,0.05555104,0.09665454,0.15220558
2557,0.01087777,0.03252245,0.05565689,0.09611370,0.15177058
2558,0.01135238,0.03041502,0.05621367,0.09521693,0.15143060
2559,0.01070249,0.03004226,0.05407981,0.09547099,0.14955080
2560,0.01074561,0.02993384,0.05313278,0.09729870,0.15043149
2561,0.01017023,0.02962951,0.05394573,0.09869406,0.15263980
2562,0.01016878,0.03175218,0.05437844,0.09909075,0.15346918
2563,0.01042108,0.03117509,0.05255219,0.09908697,0.15163916
2564,0.01226016,0.03046211,0.05275137,0.09909154,0.15184291
2565,0.01086415,0.03157476,0.05344493,0.09919811,0.15264304
2566,0.01052408,0.02961816,0.05338280,0.09932845,0.15271125
2567,0.01041160,0.03333923,0.05540561,0.09865501,0.15406062
2568,0.01060317,0.03042820,0.05612240,0.09809937,0.15422176
2569,0.01011915,0.03009986,0.05423605,0.09863151,0.15286756
2570,0.01077682,0.03151225,0.05308247,0.09879581,0.15187828
2571,0.01026168,0.03102594,0.05319244,0.09834638,0.15153882
2572,0.00986600,0.03186223,0.05365950,0.09794375,0.15160325
2573,0.01048678,0.02744605,0.05426706,0.09828328,0.15255034
2574,0.01200191,0.02964429,0.05420583,0.09897450,0.15318033
2575,0.01102726,0.03344069,0.05421731,0.09853158,0.15274889
2576,0.01090427,0.03322816,0.05427885,0.09817275,0.15245160
2577,0.01031634,0.02890146,0.05433107,0.09921499,0.15354606
2578,0.00953390,0.03088577,0.05416543,0.10138249,0.15554792
2579,0.01134086,0.03478536,0.05437877,0.10056259,0.15494135
2580,0.01090917,0.02756605,0.05300204,0.09981541,0.15281745
2581,0.00995666,0.02894623,0.05207880,0.09968711,0.15176592
2582,0.01007514,0.02786995,0.05259227,0.09995993,0.15255221
2583,0.01114750,0.02867763,0.05423735,0.09929221,0.15352956
2584,0.01119702,0.03254441,0.05597236,0.09885448,0.15482685
2585,0.01073461,0.03076467,0.05612415,0.09868941,0.15481357
2586,0.00978771,0.03065343,0.05591147,0.09885574,0.15476722
2587,0.01071654,0.03141574,0.05503465,0.10057509,0.15560974
2588,0.01035554,0.03034386,0.05502172,0.10257303,0.15759475
2589,0.00975975,0.02951071,0.05473873,0.10307129,0.15781002
2590,0.01005475,0.03053706,0.05411513,0.10425441,0.15836954
2591,0.01041347,0.02890236,0.05339537,0.10311729,0.15651267
2592,0.01047441,0.03199884,0.05319627,0.09950375,0.15270002
2593,0.01112344,0.02948514,0.05353940,0.09757787,0.15111727
2594,0.01077072,0.02885480,0.05502507,0.09638332,0.15140839
2595,0.01043177,0.03082255,0.05501123,0.09518109,0.15019232
2596,0.01057514,0.02915327,0.05344863,0.09472656,0.14817519
2597,0.01012012,0.02763524,0.05476218,0.09460357,0.14936575
2598,0.00943053,0.03124485,0.05571198,0.09586932,0.15158130
2599,0.01034143,0.02945401,0.05548681,0.09793626,0.15342307
2600,0.01105258,0.03034043,0.05782980,0.09928764,0.15711744
2601,0.01237185,0.03078245,0.05680560,0.09849790,0.15530351
2602,0.01226129,0.03014888,0.05727195,0.09676117,0.15403312
2603,0.01268318,0.02920307,0.05706896,0.09654659,0.15361555
2604,0.01030664,0.03199933,0.05327185,0.09686462,0.15013647
2605,0.01086826,0.03179122,0.05498704,0.09739604,0.15238307
2606,0.01112607,0.03039137,0.05698438,0.09921312,0.15619749
2607,0.01228379,0.03030168,0.05463427,0.09974223,0.15437649
2608,0.00955479,0.02846589,0.05700254,0.10019893,0.15720147
2609,0.01238448,0.02932770,0.05893983,0.09999038,0.15893020
2610,0.01145340,0.03196464,0.05954837,0.10091858,0.16046694
2611,0.01163182,0.03099689,0.05879198,0.09999704,0.15878902
2612,0.01111042,0.03394275,0.05744778,0.09808715,0.15553493
2613,0.01117617,0.02897288,0.05536242,0.09791247,0.15327489
2614,0.01030066,0.02788649,0.05422338,0.09782544,0.15204882
2615,0.01082605,0.02633736,0.05524179,0.09730389,0.15254568
2616,0.01174902,0.03167129,0.05491421,0.09624393,0.15115814
2617,0.01022902,0.02898007,0.05430095,0.09591746,0.15021841
2618,0.01071240,0.02952169,0.05588737,0.09664616,0.15253353
2619,0.01113584,0.03033146,0.05613429,0.09673834,0.15287263
2620,0.01034169,0.03047771,0.05472264,0.09669965,0.15142229
2621,0.01062522,0.03080057,0.05455006,0.09573454,0.15028459
2622,0.00991943,0.02800551,0.05455986,0.09555562,0.15011548
2623,0.00990152,0.02816470,0.05440159,0.09592146,0.15032304
2624,0.00992838,0.02999401,0.05527767,0.09646168,0.15173935
2625,0.00971896,0.02968850,0.05665758,0.09755501,0.15421259
2626,0.01099953,0.03210042,0.05354317,0.09962246,0.15316563
2627,0.01098986,0.02968407,0.05288149,0.10150237,0.15438387
2628,0.00917330,0.02942082,0.05496822,0.10142761,0.15639583
2629,0.01113595,0.03153303,0.05439596,0.10085071,0.15524666
2630,0.00963510,0.02709417,0.05214772,0.09989250,0.15204022
2631,0.01041280,0.02903567,0.05450668,0.09893335,0.15344004
2632,0.01068995,0.03215991,0.05577217,0.09862847,0.15440064
2633,0.01156598,0.03146726,0.05419502,0.09762549,0.15182052
2634,0.00974015,0.02845679,0.05463750,0.09714144,0.15177894
2635,0.01055295,0.02996134,0.05545976,0.09708153,0.15254129
2636,0.01017199,0.02773650,0.05398363,0.09693670,0.15092034
2637,0.00969573,0.03083434,0.05350128,0.09672810,0.15022938
2638,0.01073367,0.02809663,0.05389760,0.09701466,0.15091226
2639,0.01103446,0.02699259,0.05361796,0.09779304,0.15141099
2640,0.01127217,0.03123669,0.05331802,0.09588265,0.14920067
2641,0.01084830,0.03252377,0.05236456,0.09451986,0.14688442
2642,0.01017984,0.02890837,0.05304159,0.09622487,0.14926646
2643,0.01046290,0.03075269,0.05451739,0.09573787,0.15025527
2644,0.01102571,0.02909023,0.05746984,0.09557522,0.15304506
2645,0.01225725,0.02899928,0.05776168,0.09920754,0.15696922
2646,0.01153367,0.03266714,0.05586627,0.10059631,0.15646258
2647,0.00969224,0.02929731,0.05420953,0.09817709,0.15238662
2648,0.01003217,0.03116626,0.05260699,0.09598950,0.14859649
2649,0.00999248,0.02847385,0.05196894,0.09607837,0.14804731
2650,0.01069139,0.03177926,0.05319911,0.09565546,0.14885457
2651,0.01022304,0.03081477,0.05505791,0.09594710,0.15100501
2652,0.01093301,0.02855619,0.05620095,0.09700449,0.15320544
2653,0.01154536,0.03164751,0.05604323,0.09680219,0.15284542
2654,0.01091734,0.03210517,0.05574641,0.09617086,0.15191726
2655,0.00993960,0.02768822,0.05567964,0.09579297,0.15147261
2656,0.01022354,0.03160528,0.05550731,0.09587532,0.15138263
2657,0.01186483,0.02900040,0.05449300,0.09575940,0.15025240
2658,0.01014333,0.02955999,0.05537034,0.09690880,0.15227914
2659,0.01191408,0.02602723,0.05397131,0.09969217,0.15366348
2660,0.00980939,0.03012661,0.05464508,0.10096059,0.15560567
2661,0.01005567,0.03191991,0.05755215,0.09990611,0.15745826
2662,0.01029839,0.02774045,0.05807464,0.09853885,0.15661349
2663,0.01148596,0.03076152,0.05431388,0.09857474,0.15288862
2664,0.01091842,0.02986193,0.05573140,0.09938133,0.15511273
2665,0.01009380,0.03033444,0.05629902,0.10048712,0.15678614
2666,0.01209644,0.03448991,0.05448750,0.09995799,0.15444549
2667,0.01111110,0.02944724,0.05512010,0.09960596,0.15472606
2668,0.01181521,0.02968370,0.05498100,0.09961522,0.15459623
2669,0.01172935,0.03074289,0.05520367,0.09947099,0.15467466
2670,0.01047821,0.02990374,0.05787435,0.09948377,0.15735812
2671,0.01034297,0.03221354,0.05916438,0.09856670,0.15773109
2672,0.01250987,0.02870213,0.05800197,0.09592998,0.15393195
2673,0.01063420,0.02865214,0.05679074,0.09460442,0.15139516
2674,0.01095201,0.02571300,0.05573336,0.09513097,0.15086433
2675,0.01006223,0.02987169,0.05526388,0.09568953,0.15095341
2676,0.01053112,0.02977638,0.05530167,0.09512138,0.15042305
2677,0.01012845,0.02988978,0.05480501,0.09553301,0.15033802
2678,0.01044228,0.02977487,0.05555778,0.09470998,0.15026775
2679,0.01039223,0.03292946,0.05479508,0.09530991,0.15010499
2680,0.01077511,0.03143902,0.05469071,0.09624803,0.15093875
2681,0.00972226,0.03379096,0.05533478,0.09792894,0.15326373
2682,0.01132632,0.02944115,0.05461184,0.10003301,0.15464485
2683,0.01015055,0.03112031,0.05334542,0.10155001,0.15489542
2684,0.00926147,0.03260532,0.05245076,0.10029039,0.15274115
2685,0.00995604,0.03013192,0.05449515,0.09980390,0.15429905
2686,0.01004637,0.02939993,0.05585010,0.09916143,0.15501153
2687,0.01073242,0.03097046,0.05536539,0.09909145,0.15445684
2688,0.01077542,0.03215181,0.05420225,0.09883519,0.15303744
2689,0.00906389,0.03276731,0.05413807,0.09814554,0.15228361
2690,0.00993955,0.02931307,0.05479239,0.09766544,0.15245784
2691,0.01085825,0.03017014,0.05457871,0.09660345,0.15118216
2692,0.00961424,0.03078761,0.05302797,0.09611075,0.14913873
2693,0.00977669,0.02919806,0.05280681,0.09632930,0.14913611
2694,0.01085006,0.03275297,0.05159811,0.09648387,0.14808198
2695,0.01063210,0.02872406,0.05128539,0.09594958,0.14723497
2696,0.00957679,0.03156713,0.05183550,0.09644392,0.14827942
2697,0.01072628,0.03050501,0.05219591,0.09918746,0.15138337
2698,0.01058931,0.02948703,0.05193692,0.10156928,0.15350620
2699,0.00994056,0.02986576,0.05207693,0.10312232,0.15519925
2700,0.00946650,0.03005614,0.05251176,0.10086857,0.15338033
2701,0.01079330,0.03022784,0.05381138,0.09842705,0.15223843
2702,0.00924067,0.02963073,0.05427750,0.09817656,0.15245406
2703,0.01042850,0.02947033,0.05429028,0.09837730,0.15266759
2704,0.00991500,0.03047889,0.05561962,0.09879508,0.15441470
2705,0.01094348,0.03069165,0.05439382,0.09946207,0.15385589
2706,0.00959208,0.02568629,0.05359050,0.09964991,0.15324040
2707,0.01050958,0.02680888,0.05294965,0.09931741,0.15226706
2708,0.01010239,0.02814311,0.05231429,0.09853531,0.15084960
2709,0.01008486,0.02787399,0.05245679,0.09755449,0.15001128
2710,0.00983189,0.03287074,0.05310553,0.09650763,0.14961316
2711,0.00987022,0.02917770,0.05355437,0.09669530,0.15024967
2712,0.00963036,0.03160525,0.05258418,0.09668089,0.14926507
2713,0.00894716,0.03357825,0.05308625,0.09700330,0.15008956
2714,0.01086225,0.02924115,0.05313093,0.09698484,0.15011577
2715,0.00936994,0.03061556,0.05239848,0.09688510,0.14928358
2716,0.01010838,0.03181991,0.05203442,0.09533504,0.14736947
2717,0.00897909,0.02931883,0.05268354,0.09533114,0.14801468
2718,0.00977555,0.03467065,0.05317805,0.09634390,0.14952196
2719,0.01083996,0.02959711,0.05309566,0.09676968,0.14986535
2720,0.01088122,0.02948491,0.05271819,0.09713431,0.14985251
2721,0.00997099,0.03285048,0.05360937,0.09707408,0.15068345
2722,0.01118863,0.03066042,0.05290508,0.09596745,0.14887253
2723,0.01029431,0.02860780,0.05297838,0.09776597,0.15074436
2724,0.00942280,0.03041639,0.05307017,0.09803107,0.15110124
2725,0.01012106,0.03212258,0.05169722,0.09681784,0.14851506
2726,0.01127297,0.03068629,0.05449899,0.09617218,0.15067117
2727,0.00940979,0.03336596,0.05604285,0.09665319,0.15269605
2728,0.01165589,0.02696133,0.05367293,0.09923674,0.15290967
2729,0.01148022,0.02798230,0.05636770,0.10150068,0.15786837
2730,0.01087333,0.03175839,0.05519205,0.10102639,0.15621844
2731,0.01065367,0.02952931,0.05382869,0.09823439,0.15206309
2732,0.01023045,0.02894226,0.05544784,0.09657930,0.15202714
2733,0.01090614,0.03008114,0.05425768,0.09595972,0.15021740
2734,0.01086249,0.02758165,0.05267949,0.09620295,0.14888243
2735,0.00962829,0.02980488,0.05386948,0.09770032,0.15156980
2736,0.01001157,0.03284358,0.05495557,0.09807345,0.15302902
2737,0.00950707,0.02998841,0.05559825,0.09754977,0.15314802
2738,0.00981647,0.02854110,0.05581299,0.09790394,0.15371693
2739,0.00976364,0.02853555,0.05336735,0.09867085,0.15203820
2740,0.01079474,0.03517027,0.05313383,0.09719165,0.15032548
2741,0.00953545,0.02982911,0.05631051,0.09640294,0.15271345
2742,0.01182187,0.02704392,0.05383081,0.09717122,0.15100203
2743,0.01011345,0.02950248,0.05483742,0.09770247,0.15253988
2744,0.01007863,0.03169809,0.05637307,0.09576663,0.15213969
2745,0.01019617,0.02908890,0.05568402,0.09546196,0.15114598
2746,0.01161515,0.03118762,0.05366827,0.09453810,0.14820637
2747,0.01116597,0.03087239,0.05361548,0.09518534,0.14880082
2748,0.00996598,0.03154885,0.05299524,0.09954324,0.15253847
2749,0.01080859,0.02778121,0.05390511,0.10304400,0.15694911
2750,0.00943452,0.02987679,0.05530532,0.09858431,0.15388963
2751,0.01024056,0.02753263,0.05454804,0.09578263,0.15033067
2752,0.01126471,0.02775693,0.05428255,0.09611542,0.15039797
2753,0.00965418,0.03053558,0.05436671,0.09606212,0.15042884
2754,0.00988086,0.02821708,0.05372975,0.09394453,0.14767427
2755,0.00953510,0.02882817,0.05424022,0.09315126,0.14739148
2756,0.00946056,0.02935942,0.05513594,0.09590000,0.15103594
2757,0.01061346,0.02942835,0.05250048,0.09690545,0.14940593
2758,0.00881451,0.02954574,0.05354773,0.09585458,0.14940231
2759,0.01001312,0.02861258,0.05625185,0.09423155,0.15048339
2760,0.01042822,0.02901785,0.05398534,0.09425161,0.14823695
2761,0.01054219,0.03433251,0.05309668,0.09573466,0.14883133
2762,0.00937223,0.02765251,0.05702893,0.09719460,0.15422353
2763,0.00982692,0.03374931,0.05580267,0.09636098,0.15216365
2764,0.01121563,0.03088616,0.05314351,0.09593460,0.14907811
2765,0.01011558,0.03204020,0.05397613,0.09652486,0.15050100
2766,0.01084935,0.02823513,0.05355451,0.09771432,0.15126883
2767,0.01124552,0.02750574,0.05269940,0.09912740,0.15182680
2768,0.01003702,0.03192377,0.05319738,0.09990893,0.15310631
2769,0.01072102,0.02981679,0.05286593,0.10026497,0.15313090
2770,0.01038969,0.02900523,0.05449051,0.09867720,0.15316771
2771,0.01014511,0.02969102,0.05534001,0.09877298,0.15411299
2772,0.01091501,0.02845237,0.05409784,0.09877807,0.15287591
2773,0.00960698,0.03183180,0.05374691,0.09673941,0.15048632
2774,0.01021036,0.02826099,0.05457733,0.09598342,0.15056074
2775,0.01019810,0.02894254,0.05551972,0.09765609,0.15317582
2776,0.01123622,0.03020803,0.05449692,0.09768878,0.15218570
2777,0.01071844,0.02908609,0.05281378,0.09772898,0.15054276
2778,0.00836445,0.03226047,0.05263959,0.09678727,0.14942687
2779,0.00940765,0.02983284,0.05363411,0.09663829,0.15027240
2780,0.01100329,0.02809347,0.05214282,0.09726845,0.14941128
2781,0.00983904,0.03137291,0.05167753,0.09793795,0.14961548
2782,0.00995924,0.03120330,0.05221281,0.09936373,0.15157654
2783,0.01018242,0.02873392,0.05340127,0.09886018,0.15226145
2784,0.01082180,0.02888044,0.05236903,0.09635048,0.14871951
2785,0.00887209,0.02835251,0.05223650,0.09509239,0.14732889
2786,0.00909414,0.02929349,0.05343137,0.09496252,0.14839389
2787,0.00955234,0.03322386,0.05431289,0.09458023,0.14889311
2788,0.01124438,0.02743563,0.05305753,0.09521232,0.14826985
2789,0.00901277,0.02665513,0.05228649,0.09739389,0.14968038
2790,0.01054910,0.02889813,0.05173085,0.09891883,0.15064967
2791,0.00959839,0.02881681,0.05140870,0.09596207,0.14737077
2792,0.00906395,0.03204278,0.05217408,0.09444723,0.14662131
2793,0.01077014,0.02687982,0.05193974,0.09350827,0.14544802
2794,0.01007997,0.02929559,0.05184302,0.09348270,0.14532572
2795,0.00926534,0.03120335,0.05280911,0.09524056,0.14804967
2796,0.00897849,0.02720141,0.05310347,0.09720456,0.15030802
2797,0.00946019,0.02823261,0.05246396,0.09769592,0.15015988
2798,0.01010192,0.02852301,0.05225913,0.09793561,0.15019474
2799,0.01057755,0.02772405,0.05071090,0.09788126,0.14859216
2800,0.01026693,0.02765605,0.05083114,0.09779675,0.14862789
2801,0.01059447,0.02885990,0.05157575,0.09735432,0.14893007
2802,0.01003009,0.02658581,0.05151113,0.09706110,0.14857223
2803,0.01044888,0.03076087,0.05274647,0.09686696,0.14961343
2804,0.01040513,0.03050394,0.05628389,0.09582218,0.15210607
2805,0.01084660,0.02786441,0.05700668,0.09540905,0.15241573
2806,0.01045607,0.03233534,0.05723510,0.09516275,0.15239785
2807,0.00992364,0.02958720,0.05635345,0.09487566,0.15122911
2808,0.01027151,0.03033490,0.05414830,0.09556704,0.14971534
2809,0.00978125,0.02791879,0.05429916,0.09756904,0.15186820
2810,0.00930682,0.02986401,0.05535544,0.10029382,0.15564926
2811,0.01061554,0.03311442,0.05189474,0.09798957,0.14988431
2812,0.00998888,0.03478384,0.05205794,0.09586895,0.14792689
2813,0.01091490,0.02829402,0.05435165,0.09986494,0.15421659
2814,0.00954277,0.03023515,0.05373285,0.10134311,0.15507596
2815,0.01100044,0.03048657,0.05456337,0.09876310,0.15332647
2816,0.00879381,0.03153303,0.05822924,0.10039493,0.15862417
2817,0.01086354,0.02912571,0.05322831,0.10217098,0.15539930
2818,0.00984314,0.02933928,0.05245763,0.09966821,0.15212584
2819,0.00949450,0.03012268,0.05627857,0.09739230,0.15367087
2820,0.01041356,0.02686763,0.05512579,0.09745497,0.15258076
2821,0.01015618,0.03183787,0.05216118,0.09580632,0.14796750
2822,0.00861606,0.03054790,0.05326381,0.09428738,0.14755119
2823,0.01154866,0.02726012,0.05376203,0.09615888,0.14992090
2824,0.00986295,0.03028766,0.05471610,0.10139056,0.15610665
2825,0.01002444,0.02946975,0.05448567,0.10189162,0.15637730
2826,0.01095876,0.02943832,0.05097289,0.09749726,0.14847016
2827,0.00992504,0.03146276,0.05123425,0.09608416,0.14731841
2828,0.01084707,0.02693218,0.05469037,0.09531915,0.15000952
2829,0.01041418,0.02857431,0.05297331,0.09678612,0.14975943
2830,0.00998953,0.03065073,0.05154843,0.09950979,0.15105822
2831,0.00950844,0.03007899,0.05415347,0.09916925,0.15332272
2832,0.00979992,0.02997370,0.05412059,0.09698711,0.15110769
2833,0.00961114,0.02868581,0.05470535,0.09572341,0.15042876
2834,0.01003355,0.03094329,0.05618281,0.09479729,0.15098010
2835,0.00878285,0.02751588,0.05487577,0.09459083,0.14946660
2836,0.00944536,0.02859375,0.05217761,0.09593360,0.14811121
2837,0.00959235,0.02986914,0.05270606,0.09895383,0.15165989
2838,0.00950780,0.02905292,0.05363733,0.09841052,0.15204786
2839,0.01004961,0.02617295,0.05196194,0.09588069,0.14784263
2840,0.00928113,0.02801035,0.05330730,0.09426019,0.14756749
2841,0.01066187,0.03390816,0.05445767,0.09349746,0.14795513
2842,0.00977414,0.02867590,0.05230971,0.09333742,0.14564712
2843,0.00846295,0.03482406,0.05038839,0.09448835,0.14487674
2844,0.00976062,0.03196193,0.05111098,0.09460948,0.14572046
2845,0.01011380,0.02892119,0.05097993,0.09407476,0.14505468
2846,0.00921070,0.02981617,0.05067779,0.09567997,0.14635776
2847,0.01061051,0.03043494,0.05272400,0.09790364,0.15062764
2848,0.01017398,0.02839033,0.05429277,0.09839325,0.15268602
2849,0.00982787,0.02866029,0.05324246,0.09781211,0.15105457
2850,0.00941351,0.02559985,0.05149218,0.09805462,0.14954680
2851,0.01025133,0.02781012,0.05222496,0.09604401,0.14826898
2852,0.00958209,0.02801026,0.05299152,0.09424348,0.14723501
2853,0.00966820,0.02690667,0.05312289,0.09324192,0.14636481
2854,0.01056906,0.02892292,0.05280562,0.09255277,0.14535838
2855,0.00943989,0.02874434,0.05303537,0.09272189,0.14575726
2856,0.01109812,0.02590614,0.05287273,0.09348865,0.14636138
2857,0.00950975,0.02642906,0.05242765,0.09494037,0.14736803
2858,0.00978148,0.02875442,0.05303331,0.09503842,0.14807173
2859,0.00952807,0.02839655,0.05289884,0.09530531,0.14820414
2860,0.01108730,0.02877405,0.05425768,0.09558591,0.14984358
2861,0.01077244,0.02994640,0.05430364,0.09665456,0.15095821
2862,0.01070836,0.03439469,0.05300824,0.09786028,0.15086853
2863,0.01072581,0.03126285,0.05235419,0.09763830,0.14999249
2864,0.00975873,0.03012381,0.05315176,0.09734051,0.15049227
2865,0.01038404,0.02858426,0.05376466,0.09684172,0.15060638
2866,0.01006225,0.03069315,0.05526094,0.09793107,0.15319201
2867,0.00998330,0.02902733,0.05594197,0.09772279,0.15366476
2868,0.00981732,0.02675796,0.05525358,0.09493732,0.15019089
2869,0.00988114,0.02776356,0.05402560,0.09222078,0.14624637
2870,0.01028492,0.02991116,0.05325863,0.09180909,0.14506772
2871,0.01135608,0.02937392,0.05213647,0.09206571,0.14420218
2872,0.01182916,0.02798865,0.05120119,0.09181307,0.14301425
2873,0.00973321,0.02509260,0.05338632,0.09150761,0.14489393
2874,0.01159824,0.03096475,0.05424959,0.09169627,0.14594586
2875,0.01077408,0.03008399,0.05495276,0.09324192,0.14819468
2876,0.01076609,0.02562556,0.05672024,0.09395780,0.15067805
2877,0.01120675,0.02800639,0.05755968,0.09540965,0.15296934
2878,0.01099378,0.03109745,0.05398643,0.09646934,0.15045577
2879,0.01040606,0.02844536,0.05395285,0.09670702,0.15065987
2880,0.00968040,0.02929018,0.05749269,0.09598805,0.15348074
2881,0.01136417,0.02797209,0.05604098,0.09562526,0.15166624
2882,0.01050900,0.02726636,0.05126068,0.09574069,0.14700137
2883,0.00962169,0.03184116,0.05390240,0.09570990,0.14961230
2884,0.00941898,0.02922887,0.05768161,0.09589279,0.15357440
2885,0.00987251,0.02677750,0.05743426,0.09542500,0.15285926
2886,0.00992981,0.02597302,0.05708342,0.09476799,0.15185141
2887,0.00954701,0.02750407,0.05724385,0.09531605,0.15255991
2888,0.01021880,0.02800626,0.05663681,0.09614553,0.15278234
2889,0.00934391,0.03028582,0.05365849,0.09388288,0.14754137
2890,0.00866782,0.02742960,0.05387012,0.09256915,0.14643927
2891,0.01034886,0.02949939,0.05413621,0.09225136,0.14638757
2892,0.01107466,0.03003828,0.05161652,0.09213119,0.14374771
2893,0.00851890,0.03181029,0.05151752,0.09373064,0.14524816
2894,0.00895116,0.03068626,0.05437312,0.09606836,0.15044148
2895,0.00919842,0.02910198,0.05541318,0.09844155,0.15385472
2896,0.00974863,0.03249086,0.05504110,0.09936600,0.15440711
2897,0.01071274,0.03067824,0.05545808,0.09731961,0.15277769
2898,0.01112855,0.02856829,0.05434615,0.09633989,0.15068604
2899,0.00961146,0.02759458,0.05346438,0.09519017,0.14865456
2900,0.01044298,0.02898789,0.05507030,0.09476061,0.14983091
2901,0.01238432,0.02885687,0.05316276,0.09556097,0.14872373
2902,0.00881775,0.02810910,0.05104784,0.09680261,0.14785045
2903,0.00916825,0.03096365,0.05095243,0.09392082,0.14487325
2904,0.00837188,0.03115550,0.05153888,0.09238265,0.14392153
2905,0.00989556,0.03105482,0.05184693,0.09507117,0.14691811
2906,0.00938454,0.02701248,0.05171541,0.09617789,0.14789331
2907,0.01101972,0.03104885,0.05117453,0.09495962,0.14613415
2908,0.00964444,0.02660648,0.05094156,0.09874876,0.14969032
2909,0.00905808,0.02833593,0.05072347,0.10021380,0.15093728
2910,0.00926371,0.02725150,0.04987149,0.09643855,0.14631004
2911,0.00885383,0.03054350,0.04921400,0.09398976,0.14320376
2912,0.00986065,0.02902262,0.04943822,0.09446037,0.14389858
2913,0.00953960,0.02983189,0.05050810,0.09369776,0.14420586
2914,0.00958235,0.02819486,0.05192000,0.09505033,0.14697033
2915,0.01033020,0.02761540,0.05312065,0.10224240,0.15536305
2916,0.00943977,0.02643248,0.05180107,0.10622335,0.15802443
2917,0.00941306,0.03159625,0.05098104,0.09727702,0.14825806
2918,0.00927824,0.02982536,0.05126845,0.09568273,0.14695118
2919,0.01040532,0.02963228,0.05118787,0.09794008,0.14912795
2920,0.00944214,0.02895199,0.05071126,0.09533096,0.14604222
2921,0.00929627,0.02599290,0.05046468,0.09530246,0.14576714
2922,0.01060706,0.03080177,0.05021702,0.09926615,0.14948317
2923,0.00923008,0.02844174,0.05138385,0.10040163,0.15178548
2924,0.00960517,0.02997988,0.05309717,0.09639232,0.14948949
2925,0.01077159,0.02862006,0.05348358,0.09424771,0.14773129
2926,0.00842587,0.03136013,0.05252049,0.09455104,0.14707153
2927,0.00883277,0.02823203,0.05133221,0.09344237,0.14477457
2928,0.00846074,0.02750901,0.05206835,0.09173955,0.14380790
2929,0.00956628,0.02620332,0.05182394,0.09201363,0.14383756
2930,0.01104820,0.02804080,0.04998157,0.09345792,0.14343949
2931,0.00947555,0.02834439,0.05037247,0.09464443,0.14501690
2932,0.00885127,0.02752176,0.05135369,0.09458842,0.14594211
2933,0.00933872,0.02867000,0.05255557,0.09511475,0.14767032
2934,0.00979964,0.03106861,0.05329662,0.09678759,0.15008420
2935,0.00893720,0.02942626,0.05307938,0.09709866,0.15017804
2936,0.01059066,0.02868891,0.05330414,0.09687190,0.15017604
2937,0.00973678,0.02781405,0.05358140,0.09885959,0.15244099
2938,0.00969770,0.03097154,0.05305387,0.09938675,0.15244063
2939,0.00940758,0.02873811,0.05239886,0.09532599,0.14772486
2940,0.00987751,0.03242418,0.05214845,0.09292168,0.14507013
2941,0.00926141,0.02773906,0.05207603,0.09213395,0.14420997
2942,0.00925197,0.02994006,0.05193788,0.09349693,0.14543481
2943,0.00911954,0.02801469,0.05247065,0.09665451,0.14912517
2944,0.00900185,0.02960111,0.05290098,0.09779227,0.15069325
2945,0.00927209,0.02789293,0.05062182,0.09840569,0.14902750
2946,0.00871125,0.02962363,0.05036207,0.09817681,0.14853888
2947,0.00884863,0.02817993,0.05070125,0.09804860,0.14874985
2948,0.00974026,0.02674701,0.05002949,0.09858735,0.14861684
2949,0.00877957,0.02654813,0.05087755,0.09801166,0.14888920
2950,0.00965055,0.02567950,0.05135865,0.09527405,0.14663270
2951,0.00850761,0.03230936,0.05057664,0.09306590,0.14364254
2952,0.00892984,0.02882896,0.05042338,0.09781212,0.14823551
2953,0.00964893,0.02598083,0.05032475,0.09950186,0.14982660
2954,0.00977457,0.03146186,0.05095624,0.09822985,0.14918609
2955,0.00949671,0.02668051,0.05217360,0.09588107,0.14805467
2956,0.01069208,0.02677120,0.05298715,0.09362193,0.14660909
2957,0.01109717,0.02654398,0.05226810,0.09246404,0.14473214
2958,0.00989963,0.02792746,0.05101938,0.09318735,0.14420673
2959,0.00848104,0.02858626,0.05056281,0.09616209,0.14672490
2960,0.00899143,0.02833037,0.05098571,0.09691861,0.14790432
2961,0.00853400,0.02830908,0.05115872,0.09463400,0.14579271
2962,0.01040368,0.02752720,0.05112392,0.09379318,0.14491710
2963,0.00960699,0.02794010,0.05098361,0.09553610,0.14651971
2964,0.00910007,0.02798797,0.05034609,0.09658313,0.14692922
2965,0.00840556,0.02838925,0.04956312,0.09686442,0.14642753
2966,0.00907467,0.03277436,0.05037457,0.09503733,0.14541191
2967,0.00840120,0.02733239,0.05120253,0.09460905,0.14581158
2968,0.00864894,0.02507608,0.05123766,0.09469802,0.14593568
2969,0.00895424,0.03174153,0.05327683,0.09370892,0.14698576
2970,0.00948785,0.02890232,0.05369713,0.09216587,0.14586300
2971,0.01001278,0.02812227,0.05070559,0.09083703,0.14154262
2972,0.00831363,0.02927085,0.05291646,0.09160046,0.14451692
2973,0.00972108,0.02787034,0.05366708,0.09328835,0.14695542
2974,0.01100456,0.02756137,0.05016761,0.09539014,0.14555775
2975,0.00920764,0.03212505,0.05382319,0.09628190,0.15010509
2976,0.00921561,0.03561348,0.05804325,0.09626176,0.15430501
2977,0.01024918,0.03123771,0.05159586,0.09494913,0.14654500
2978,0.01070858,0.03033075,0.05405239,0.09358219,0.14763458
2979,0.00901012,0.02690719,0.06035055,0.09383440,0.15418495
2980,0.01071722,0.02788918,0.05491737,0.09576788,0.15068524
2981,0.00918374,0.02663931,0.05569652,0.09832501,0.15402152
2982,0.00850323,0.02813558,0.05904760,0.09816717,0.15721476
2983,0.00962993,0.02942501,0.05493497,0.09584970,0.15078467
2984,0.00923951,0.02859888,0.05246555,0.09535200,0.14781755
2985,0.01044271,0.02660400,0.05445449,0.09650688,0.15096137
2986,0.00998987,0.02639565,0.05570474,0.09749690,0.15320164
2987,0.01033685,0.02647783,0.05280649,0.09900603,0.15181252
2988,0.00966462,0.02804508,0.05516832,0.09734078,0.15250910
2989,0.00949575,0.02655317,0.05867842,0.09589898,0.15457740
2990,0.01076151,0.02776391,0.05735663,0.09262282,0.14997945
2991,0.01131264,0.02666271,0.05393104,0.09232649,0.14625753
2992,0.00993959,0.02766207,0.05208943,0.09275440,0.14484384
2993,0.00986504,0.02663689,0.05053488,0.09411926,0.14465414
2994,0.00927184,0.02859909,0.05124848,0.09735011,0.14859858
2995,0.00914664,0.02641750,0.05423917,0.09759437,0.15183354
2996,0.00994540,0.02887997,0.05283757,0.09563494,0.14847251
2997,0.00920378,0.02693369,0.05135386,0.09436555,0.14571941
2998,0.00999755,0.03018144,0.05246626,0.09394177,0.14640803
2999,0.00848194,0.02815326,0.05466089,0.09444955,0.14911044
3000,0.00965190,0.02782190,0.05532571,0.09502934,0.15035504
3001,0.01010676,0.02750014,0.05357533,0.09463289,0.14820821
3002,0.00958906,0.02812088,0.05221531,0.09438176,0.14659708
3003,0.00844277,0.02811418,0.05195553,0.09502295,0.14697848
3004,0.00946091,0.02810193,0.05117687,0.09589145,0.14706831
3005,0.00907315,0.02765657,0.05003997,0.09474388,0.14478385
3006,0.01010135,0.02813315,0.05017002,0.09455603,0.14472605
3007,0.00976392,0.02893388,0.05173295,0.09618392,0.14791687
3008,0.00879977,0.02647465,0.05328489,0.10037068,0.15365557
3009,0.00938935,0.02820787,0.05211579,0.10050457,0.15262036
3010,0.00824055,0.02829956,0.05170257,0.09730316,0.14900573
3011,0.00998765,0.02616460,0.05247320,0.09337286,0.14584606
3012,0.00920902,0.02887553,0.05075192,0.09267751,0.14342943
3013,0.00985486,0.03024851,0.05090642,0.09515679,0.14606321
3014,0.01068310,0.02789374,0.05112888,0.09475474,0.14588362
3015,0.00956474,0.02777187,0.05116183,0.09297131,0.14413314
3016,0.00937857,0.03192301,0.05054829,0.09168532,0.14223361
3017,0.00887904,0.02590132,0.05004970,0.09254702,0.14259673
3018,0.00949324,0.02792673,0.05115136,0.09598625,0.14713761
3019,0.00820042,0.03068239,0.05101421,0.09883643,0.14985064
3020,0.00993119,0.02959370,0.05088647,0.09657017,0.14745664
3021,0.00943742,0.02732042,0.05139706,0.09369272,0.14508978
3022,0.00777920,0.02808465,0.05102033,0.09369408,0.14471441
3023,0.00869577,0.02638193,0.05092176,0.09359988,0.14452164
3024,0.00936853,0.02749322,0.05075660,0.09253733,0.14329393
3025,0.00864583,0.02566085,0.05088089,0.09226689,0.14314777
3026,0.00885146,0.02470328,0.04988165,0.09338225,0.14326390
3027,0.00959159,0.02896762,0.05048193,0.09451837,0.14500030
3028,0.00818631,0.02653358,0.05179333,0.09548462,0.14727795
3029,0.00945986,0.02918657,0.05001463,0.09571985,0.14573448
3030,0.00921600,0.02688749,0.04956717,0.09505241,0.14461958
3031,0.00767397,0.03169390,0.05143194,0.09317723,0.14460917
3032,0.00869795,0.02900277,0.05078075,0.09238954,0.14317029
3033,0.00936841,0.02746581,0.05161650,0.09264206,0.14425856
3034,0.00865188,0.03028728,0.05322149,0.09376979,0.14699128
3035,0.00919863,0.02700209,0.05249271,0.09538350,0.14787621
3036,0.00919282,0.02719662,0.05268109,0.09557783,0.14825892
3037,0.01021650,0.02790055,0.05249573,0.09564247,0.14813820
3038,0.01092723,0.03667415,0.05107081,0.09625457,0.14732539
3039,0.00873340,0.02692629,0.05429208,0.09744810,0.15174018
3040,0.00970370,0.02820453,0.05612583,0.09684899,0.15297482
3041,0.00957796,0.02624257,0.05420946,0.09609413,0.15030359
3042,0.00875236,0.02588570,0.05679886,0.09506273,0.15186159
3043,0.01068724,0.02683233,0.05834660,0.09389377,0.15224037
3044,0.01013272,0.02919745,0.05799633,0.09672696,0.15472329
3045,0.01080295,0.02960443,0.05583195,0.09612159,0.15195354
3046,0.00922058,0.02789587,0.05493573,0.09211513,0.14705087
3047,0.01037302,0.02553825,0.05343563,0.09071714,0.14415277
3048,0.00866899,0.02896916,0.05416413,0.09102124,0.14518537
3049,0.00838080,0.02849737,0.05631461,0.09180035,0.14811496
3050,0.00976527,0.02740243,0.05398234,0.09302372,0.14700606
3051,0.00933864,0.02783552,0.05256623,0.09369504,0.14626127
3052,0.01032773,0.02921128,0.05313163,0.09367324,0.14680487
3053,0.00982798,0.02705918,0.05244529,0.09340722,0.14585251
3054,0.00997257,0.02753108,0.05372144,0.09487224,0.14859368
3055,0.00843637,0.02616601,0.05395558,0.09775374,0.15170933
3056,0.00907758,0.02910933,0.05178645,0.09761243,0.14939889
3057,0.00895215,0.02719182,0.05223871,0.09545722,0.14769593
3058,0.00968052,0.03095704,0.05616993,0.09264683,0.14881676
3059,0.00968616,0.02959194,0.05798798,0.09305205,0.15104004
3060,0.00991863,0.02786374,0.05311760,0.09378581,0.14690341
3061,0.00984531,0.02763614,0.05260485,0.09449459,0.14709944
3062,0.00912742,0.03003460,0.05407413,0.09636763,0.15044177
3063,0.01048019,0.02849372,0.05208395,0.09914044,0.15122439
3064,0.01023364,0.02935140,0.05100376,0.09902927,0.15003303
3065,0.01024936,0.02558118,0.05209682,0.09633000,0.14842682
3066,0.00873523,0.02675658,0.05315894,0.09370463,0.14686357
3067,0.01091092,0.02707776,0.05138388,0.09249845,0.14388233
3068,0.00894860,0.02709102,0.04957019,0.09191896,0.14148915
3069,0.00942668,0.02820355,0.05017582,0.09142878,0.14160460
3070,0.00979375,0.02631689,0.05105624,0.09198459,0.14304084
3071,0.01036423,0.02753597,0.05372090,0.09459442,0.14831532
3072,0.00909702,0.02602123,0.05445782,0.09567267,0.15013049
3073,0.00933911,0.02889148,0.05276430,0.09588095,0.14864524
3074,0.00989180,0.02584195,0.05209593,0.09515112,0.14724705
3075,0.00968507,0.02869894,0.05285306,0.09388594,0.14673899
3076,0.00896146,0.02704114,0.05205848,0.09179243,0.14385091
3077,0.00872401,0.02479248,0.05000066,0.09238250,0.14238316
3078,0.00981023,0.03151137,0.05105839,0.09450565,0.14556403
3079,0.00844448,0.03335449,0.05205342,0.09582940,0.14788283
3080,0.00882338,0.02956310,0.05163322,0.09455550,0.14618872
3081,0.00940834,0.02943472,0.05019560,0.09433363,0.14452923
3082,0.01065306,0.03035096,0.05037022,0.09447555,0.14484577
3083,0.00924027,0.02921569,0.05056977,0.09305948,0.14362925
3084,0.00893764,0.02789561,0.05192766,0.09575917,0.14768683
3085,0.00870483,0.02666476,0.05442169,0.09965440,0.15407609
3086,0.00848015,0.03050528,0.05596383,0.09615052,0.15211435
3087,0.00943729,0.03013622,0.05327198,0.09271581,0.14598780
3088,0.00876868,0.02770460,0.05095885,0.09142382,0.14238267
3089,0.00907564,0.02775583,0.05106289,0.09180167,0.14286456
3090,0.00897774,0.02809116,0.05085198,0.09344061,0.14429259
3091,0.00891077,0.02973447,0.04913072,0.09398255,0.14311327
3092,0.00920902,0.02509209,0.05043625,0.09343105,0.14386730
3093,0.01022676,0.02668182,0.05344440,0.09378276,0.14722716
3094,0.01004793,0.02803474,0.05166093,0.09483112,0.14649205
3095,0.00928859,0.02667184,0.04933316,0.09399550,0.14332866
3096,0.00971388,0.02800101,0.05051200,0.09315555,0.14366755
3097,0.00937639,0.02642056,0.05041997,0.09379246,0.14421243
3098,0.00898115,0.02658517,0.04968578,0.09583313,0.14551891
3099,0.00951809,0.02794186,0.05023327,0.09856576,0.14879903
3100,0.00849637,0.02725255,0.05115775,0.09654541,0.14770317
3101,0.00917565,0.02550725,0.05167740,0.09382341,0.14550081
3102,0.01014999,0.02843410,0.05067656,0.09207101,0.14274757
3103,0.00845235,0.03121476,0.04963901,0.09328826,0.14292727
3104,0.00949608,0.02712211,0.05027766,0.09351067,0.14378833
3105,0.00891341,0.02712079,0.05163918,0.09372572,0.14536490
3106,0.00893778,0.02948435,0.05318551,0.09362715,0.14681266
3107,0.00934309,0.02625159,0.05241705,0.09422070,0.14663775
3108,0.00893287,0.03012531,0.05093262,0.09131301,0.14224564
3109,0.00876262,0.02806837,0.04947072,0.08999176,0.13946247
3110,0.00781944,0.03357950,0.04876840,0.09121986,0.13998826
3111,0.00853206,0.02608297,0.04934545,0.09130923,0.14065468
3112,0.00938421,0.02507001,0.04974298,0.09166683,0.14140980
3113,0.00990674,0.02891991,0.04981370,0.09702163,0.14683533
3114,0.00972567,0.03019407,0.04978017,0.09861777,0.14839794
3115,0.00846443,0.02939152,0.05083779,0.09532285,0.14616064
3116,0.00971380,0.02667371,0.05250210,0.09247390,0.14497600
3117,0.00828167,0.02873238,0.05440435,0.09203573,0.14644009
3118,0.00919756,0.02669791,0.05478309,0.09193621,0.14671930
3119,0.01019564,0.02819218,0.05371317,0.09225383,0.14596700
3120,0.00948315,0.02460721,0.05177852,0.09399275,0.14577127
3121,0.00943582,0.02702465,0.05166567,0.09441370,0.14607937
3122,0.00928048,0.03047426,0.05278314,0.09449049,0.14727363
3123,0.00944526,0.02713875,0.05323702,0.09422611,0.14746313
3124,0.00974770,0.02655622,0.05201722,0.09354198,0.14555920
3125,0.01007081,0.02872426,0.05144041,0.09319218,0.14463259
3126,0.00937173,0.02801843,0.05069255,0.09378584,0.14447838
3127,0.00920732,0.02971462,0.05042392,0.09438888,0.14481280
3128,0.00906609,0.02751402,0.04923865,0.09454518,0.14378383
3129,0.00974846,0.02890145,0.04895665,0.09393260,0.14288925
3130,0.00884681,0.02706258,0.04888673,0.09332484,0.14221157
3131,0.00903279,0.02672439,0.04930867,0.09363215,0.14294082
3132,0.00807500,0.02904984,0.05005338,0.09456417,0.14461755
3133,0.00815271,0.02752523,0.05107123,0.09496693,0.14603816
3134,0.00840480,0.02947821,0.05178963,0.09434189,0.14613152
3135,0.00992804,0.02723194,0.05197032,0.09376161,0.14573193
3136,0.00944854,0.03275020,0.05117396,0.09281708,0.14399103
3137,0.01003485,0.02909381,0.05157246,0.09331775,0.14489022
3138,0.00866892,0.02750060,0.05163651,0.09533515,0.14697166
3139,0.00977914,0.02820087,0.05034605,0.09409735,0.14444339
3140,0.00887091,0.02673318,0.04953541,0.09233627,0.14187169
3141,0.00864307,0.02477014,0.04955593,0.09255209,0.14210802
3142,0.00947049,0.02774949,0.05006327,0.09237884,0.14244211
3143,0.01008199,0.02736557,0.05025167,0.09158575,0.14183741
3144,0.00883074,0.03171001,0.05027905,0.09287719,0.14315623
3145,0.01003432,0.02729723,0.05026756,0.09562288,0.14589044
3146,0.00786919,0.02883464,0.05024510,0.09597532,0.14622042
3147,0.00864444,0.02478538,0.05032906,0.09623426,0.14656333
3148,0.00874332,0.03204330,0.05099015,0.09577651,0.14676666
3149,0.00806793,0.02763492,0.04996141,0.09580256,0.14576397
3150,0.00865113,0.02660907,0.04928696,0.09482306,0.14411002
3151,0.00846025,0.02757277,0.04914314,0.09332570,0.14246883
3152,0.00932314,0.02632999,0.04941859,0.09292252,0.14234111
3153,0.00896175,0.03101926,0.04962353,0.09311546,0.14273899
3154,0.00884661,0.02752223,0.04964692,0.09393466,0.14358158
3155,0.00763676,0.03011495,0.04902653,0.09359951,0.14262604
3156,0.00965296,0.02700902,0.04868143,0.09333078,0.14201220
3157,0.00905920,0.02684532,0.04893387,0.09375098,0.14268485
3158,0.00953826,0.02773998,0.04952015,0.09387331,0.14339346
3159,0.00917594,0.02652581,0.05084251,0.09404323,0.14488574
3160,0.00832343,0.02882969,0.05117747,0.09379721,0.14497469
3161,0.00915521,0.02825415,0.04966106,0.09285669,0.14251775
3162,0.00795012,0.02516928,0.04844057,0.09198009,0.14042066
3163,0.00897473,0.02688245,0.04799818,0.09102074,0.13901892
3164,0.00878682,0.02895593,0.04878074,0.09004445,0.13882520
3165,0.00958631,0.03132897,0.04988904,0.09051754,0.14040658
3166,0.00895346,0.02800139,0.04964191,0.09403583,0.14367774
3167,0.00852562,0.02728136,0.04960169,0.09291694,0.14251864
3168,0.00831880,0.02483353,0.05104711,0.09142986,0.14247697
3169,0.00894091,0.02877217,0.05155455,0.09127755,0.14283209
3170,0.00942685,0.02610397,0.05059348,0.09091567,0.14150916
3171,0.00873759,0.02856680,0.05025924,0.09048184,0.14074108
3172,0.01027305,0.02778829,0.04941728,0.09166906,0.14108634
3173,0.00871602,0.02671961,0.04831095,0.09334168,0.14165263
3174,0.00907738,0.02604413,0.04775030,0.09285726,0.14060755
3175,0.00938787,0.02535618,0.04756862,0.09060939,0.13817802
3176,0.00863359,0.02573212,0.04924975,0.09070893,0.13995867
3177,0.00911878,0.02598075,0.05012998,0.09115428,0.14128426
3178,0.00896194,0.02939172,0.04992323,0.09132456,0.14124779
3179,0.00889517,0.02412117,0.05070290,0.09423645,0.14493934
3180,0.00819776,0.02499134,0.05163353,0.09825609,0.14988961
3181,0.00928795,0.02979492,0.05187958,0.09687917,0.14875875
3182,0.00899352,0.02867440,0.05204742,0.09307308,0.14512050
3183,0.00974083,0.02682413,0.05174954,0.09316772,0.14491726
3184,0.00916604,0.02679745,0.05181766,0.09359591,0.14541357
3185,0.00864942,0.02604307,0.05115133,0.09277633,0.14392766
3186,0.00790859,0.02563234,0.05044700,0.09291449,0.14336149
3187,0.00870159,0.02506955,0.04964586,0.09570879,0.14535465
3188,0.00867365,0.02609692,0.05049759,0.09483773,0.14533532
3189,0.00910685,0.02814083,0.05002989,0.09276650,0.14279639
3190,0.00882290,0.02595661,0.04958973,0.09134876,0.14093849
3191,0.00907941,0.02542083,0.05015804,0.09056353,0.14072157
3192,0.00863812,0.02615026,0.05006810,0.09075262,0.14082072
3193,0.00862653,0.02404342,0.05030461,0.09290640,0.14321101
3194,0.00984135,0.02656549,0.04954397,0.09493461,0.14447858
3195,0.00864170,0.02959158,0.04866562,0.09325028,0.14191590
3196,0.00912568,0.03134638,0.04876876,0.09221426,0.14098302
3197,0.00902644,0.02897469,0.04945319,0.09226850,0.14172169
3198,0.00841410,0.02742845,0.05057927,0.09106438,0.14164365
3199,0.00860846,0.02756043,0.05105773,0.09114315,0.14220088
3200,0.00942041,0.02805105,0.05029620,0.09407032,0.14436652
3201,0.00793043,0.02928265,0.04976263,0.09545458,0.14521721
3202,0.00891010,0.02949542,0.04955071,0.09423368,0.14378439
3203,0.00780246,0.02784858,0.04892342,0.09278102,0.14170444
3204,0.00849558,0.02648953,0.04782175,0.09364317,0.14146491
3205,0.01018963,0.02672622,0.04887018,0.09323701,0.14210719
3206,0.00857570,0.02571609,0.05068961,0.09283412,0.14352372
3207,0.00843492,0.02660657,0.05084340,0.09483135,0.14567475
3208,0.00857845,0.02888161,0.05183802,0.09446187,0.14629989
3209,0.00932880,0.02695390,0.05114022,0.09184661,0.14298682
3210,0.00839294,0.02930493,0.05035188,0.09071290,0.14106477
3211,0.00928813,0.02624773,0.05074627,0.09055349,0.14129977
3212,0.00923935,0.02922965,0.05014687,0.09039579,0.14054266
3213,0.00838780,0.02696631,0.04922461,0.08995877,0.13918338
3214,0.00863574,0.02841677,0.04799396,0.09117067,0.13916463
3215,0.00977078,0.02655066,0.04854653,0.09107064,0.13961717
3216,0.00836816,0.02453430,0.05014138,0.09100821,0.14114959
3217,0.00817582,0.02814373,0.05081841,0.09158602,0.14240442
3218,0.00891291,0.02931905,0.05019195,0.09360969,0.14380164
3219,0.00820771,0.02753882,0.04999232,0.09598432,0.14597665
3220,0.00814014,0.02500591,0.04964166,0.09489875,0.14454041
3221,0.00979234,0.02684952,0.04897467,0.09112842,0.14010309
3222,0.00965664,0.02617213,0.04909660,0.08968612,0.13878272
3223,0.00831938,0.02838821,0.05040460,0.09176397,0.14216858
3224,0.00825472,0.02587052,0.05111246,0.09191846,0.14303092
3225,0.00873388,0.02684069,0.04984516,0.09150498,0.14135014
3226,0.00874981,0.02501289,0.04907258,0.09385239,0.14292497
3227,0.00853216,0.02697126,0.04835683,0.09816285,0.14651968
3228,0.00770363,0.02999881,0.04856351,0.09701159,0.14557509
3229,0.00856119,0.03062130,0.04822598,0.09320236,0.14142834
3230,0.00871975,0.02732345,0.04976132,0.09436796,0.14412928
3231,0.00813856,0.02596180,0.04968791,0.09416226,0.14385017
3232,0.00949748,0.02607098,0.04957339,0.09312384,0.14269723
3233,0.00845175,0.02491519,0.05340341,0.09666890,0.15007231
3234,0.00935505,0.02551092,0.05058941,0.09662417,0.14721358
3235,0.00829331,0.02636927,0.04954041,0.09302800,0.14256841
3236,0.00803358,0.02752295,0.05142689,0.09038275,0.14180963
3237,0.00971403,0.03009610,0.04926415,0.09073922,0.14000337
3238,0.00884725,0.02954087,0.04967536,0.08978266,0.13945802
3239,0.00948445,0.02564027,0.05202245,0.09067717,0.14269962
3240,0.00966830,0.02646593,0.05191099,0.09202030,0.14393129
3241,0.00952587,0.02788950,0.05023963,0.09317227,0.14341189
3242,0.00830169,0.02680037,0.05137369,0.09300893,0.14438261
3243,0.00952405,0.02750997,0.05113993,0.09137865,0.14251858
3244,0.00851590,0.02771762,0.05080208,0.09065869,0.14146077
3245,0.00889366,0.02703910,0.05078890,0.08973993,0.14052884
3246,0.00879417,0.02571957,0.05003452,0.08999101,0.14002553
3247,0.00817494,0.03021734,0.04922072,0.09283954,0.14206026
3248,0.00871503,0.02696401,0.04851135,0.09464067,0.14315202
3249,0.00846943,0.02955869,0.04776964,0.09479874,0.14256838
3250,0.00897031,0.02970819,0.04768845,0.09555505,0.14324351
3251,0.00906371,0.02692488,0.04832296,0.09637402,0.14469698
3252,0.00823339,0.02809256,0.05118502,0.09651911,0.14770414
3253,0.00908655,0.03021282,0.05201355,0.09418174,0.14619529
3254,0.00876943,0.02668222,0.05038206,0.09443845,0.14482051
3255,0.00982219,0.03046352,0.05110399,0.09270985,0.14381385
3256,0.00825328,0.03011910,0.05041052,0.09237865,0.14278917
3257,0.01029711,0.02702254,0.05233746,0.09258297,0.14492043
3258,0.00877070,0.02909373,0.05786736,0.09266441,0.15053177
3259,0.01194577,0.02472877,0.05226242,0.09209273,0.14435515
3260,0.00881877,0.02858848,0.05031163,0.09246912,0.14278074
3261,0.00965316,0.02743134,0.05718523,0.09338763,0.15057286
3262,0.01074398,0.02418550,0.05448164,0.09416404,0.14864568
3263,0.00948708,0.02718579,0.05338617,0.09424587,0.14763204
3264,0.00871042,0.03166975,0.05554125,0.09571131,0.15125256
3265,0.00946220,0.02899691,0.05457254,0.09505115,0.14962370
3266,0.00886416,0.02960418,0.05330501,0.09285781,0.14616282
3267,0.00942201,0.02493475,0.05280916,0.09202231,0.14483147
3268,0.00955865,0.02893350,0.05210915,0.09275011,0.14485926
3269,0.00830348,0.02748993,0.05037390,0.09282632,0.14320022
3270,0.00859781,0.02502951,0.05023677,0.09237809,0.14261487
3271,0.00954954,0.02573152,0.05206953,0.09253351,0.14460303
3272,0.00860972,0.02776504,0.05289821,0.09409595,0.14699415
3273,0.00908064,0.03093988,0.05047658,0.09902044,0.14949702
3274,0.00902619,0.02733924,0.04937803,0.10482217,0.15420021
3275,0.00962501,0.03096987,0.04963455,0.10183689,0.15147144
3276,0.00893442,0.02855652,0.04931724,0.09628423,0.14560147
3277,0.00937844,0.02840247,0.04894797,0.09553998,0.14448795
3278,0.00860933,0.02847039,0.04944017,0.09476616,0.14420633
3279,0.00878005,0.02912649,0.05029457,0.09323590,0.14353048
3280,0.00855172,0.02810637,0.05031280,0.09370364,0.14401644
3281,0.00940701,0.02690428,0.05053205,0.09471605,0.14524810
3282,0.00870389,0.02938145,0.05173683,0.09626080,0.14799763
3283,0.00844015,0.02756408,0.05178925,0.09579942,0.14758867
3284,0.00944403,0.02732211,0.05189484,0.09561656,0.14751140
3285,0.00907061,0.02872352,0.05403154,0.09487490,0.14890643
3286,0.00894093,0.02965068,0.05448826,0.09445893,0.14894719
3287,0.00875457,0.02605387,0.05267573,0.09392629,0.14660202
3288,0.00820046,0.02924238,0.05113100,0.09448344,0.14561444
3289,0.00889771,0.02575056,0.05085044,0.09582385,0.14667430
3290,0.00870426,0.02988767,0.04913872,0.09476794,0.14390665
3291,0.01012383,0.02961109,0.04939603,0.09291677,0.14231281
3292,0.00946032,0.02959784,0.05161199,0.09379906,0.14541106
3293,0.00886811,0.02785701,0.05175491,0.09573786,0.14749277
3294,0.00846162,0.02904980,0.05014272,0.09477589,0.14491861
3295,0.00848699,0.02862500,0.04996093,0.09316803,0.14312895
3296,0.00972996,0.02984793,0.04946404,0.09195030,0.14141433
3297,0.00932475,0.02942992,0.05068153,0.09237888,0.14306041
3298,0.00876661,0.02976167,0.05465275,0.09292921,0.14758196
3299,0.00853860,0.02633041,0.05483971,0.09256037,0.14740008
3300,0.00894749,0.02934317,0.05244636,0.09271090,0.14515726
3301,0.00925764,0.02816596,0.05032394,0.09293626,0.14326020
3302,0.00790961,0.03041058,0.05026573,0.09392220,0.14418793
3303,0.00914701,0.02900195,0.04929087,0.09433883,0.14362970
3304,0.00832917,0.03032252,0.04926151,0.09370288,0.14296439
3305,0.00813625,0.02563194,0.04912138,0.09183097,0.14095234
3306,0.00903848,0.02799459,0.04861455,0.09079452,0.13940907
3307,0.00894019,0.02456511,0.04872768,0.09154955,0.14027723
3308,0.00872325,0.02742846,0.04870563,0.09370785,0.14241348
3309,0.00939867,0.02586766,0.04900996,0.09337210,0.14238206
3310,0.00818387,0.02537785,0.04937050,0.09298237,0.14235288
3311,0.00902683,0.02864182,0.05091045,0.09477568,0.14568613
3312,0.00804759,0.02629596,0.05241204,0.09598240,0.14839444
3313,0.00851594,0.02732541,0.05283682,0.09847795,0.15131477
3314,0.00941417,0.02647337,0.05187742,0.09955094,0.15142836
3315,0.00838844,0.02541799,0.05063103,0.09808159,0.14871262
3316,0.00848583,0.02673738,0.05108203,0.09448524,0.14556727
3317,0.00890818,0.02828827,0.05163818,0.09084762,0.14248580
3318,0.00931153,0.02660481,0.04978232,0.09282716,0.14260947
3319,0.00931548,0.03079287,0.04848425,0.09093070,0.13941495
3320,0.00901239,0.02962163,0.04858093,0.08896622,0.13754715
3321,0.00896377,0.02990278,0.04909025,0.09060562,0.13969588
3322,0.00897224,0.02598503,0.05091445,0.09148387,0.14239832
3323,0.00862017,0.02559596,0.05251973,0.09320879,0.14572852
3324,0.00839921,0.02423982,0.05065336,0.09536460,0.14601796
3325,0.00998808,0.03122802,0.04857242,0.09536347,0.14393589
3326,0.00893385,0.02625629,0.04733828,0.09392464,0.14126292
3327,0.00840515,0.02691554,0.04775268,0.09125940,0.13901208
3328,0.00921193,0.02487239,0.04899401,0.09006403,0.13905804
3329,0.00790623,0.02441522,0.04967596,0.09013186,0.13980782
3330,0.00848276,0.02777783,0.05040058,0.09068568,0.14108626
3331,0.00901682,0.02362853,0.04998476,0.09082133,0.14080609
3332,0.00799750,0.02720747,0.04985556,0.09025376,0.14010932
3333,0.00906848,0.02419093,0.04947649,0.09070585,0.14018234
3334,0.00962735,0.02608742,0.04923001,0.09228133,0.14151133
3335,0.00893240,0.02764697,0.04909758,0.09241375,0.14151133
3336,0.00886654,0.02524529,0.04935301,0.09201165,0.14136466
3337,0.00791742,0.02676377,0.04953379,0.09097423,0.14050803
3338,0.00823921,0.02737448,0.04971346,0.09105587,0.14076933
3339,0.00928388,0.02593826,0.04952967,0.09002482,0.13955449
3340,0.00834463,0.02631290,0.04873787,0.08972275,0.13846062
3341,0.00752257,0.02805296,0.04841506,0.09013245,0.13854751
3342,0.00895004,0.02951735,0.04907115,0.09138296,0.14045411
3343,0.00808837,0.02687430,0.04893859,0.09129374,0.14023232
3344,0.00818862,0.02419693,0.04865280,0.09219310,0.14084590
3345,0.00890299,0.02767879,0.04799646,0.09438139,0.14237785
3346,0.00854421,0.02806303,0.04905289,0.09514450,0.14419739
3347,0.01012701,0.02669752,0.05011515,0.09239665,0.14251180
3348,0.00955953,0.02974044,0.05022398,0.09199678,0.14222077
3349,0.00835541,0.02751588,0.04926573,0.09265210,0.14191783
3350,0.00896188,0.02865343,0.04936400,0.09327247,0.14263647
3351,0.00810389,0.02595759,0.04959827,0.09446211,0.14406038
3352,0.00814321,0.02465011,0.04940590,0.09484729,0.14425319
3353,0.00899458,0.02782249,0.04837254,0.09295021,0.14132275
3354,0.00847177,0.02533338,0.04811238,0.09116303,0.13927541
3355,0.00854291,0.02643563,0.04860246,0.09040006,0.13900251
3356,0.00836015,0.03152526,0.04967595,0.09058764,0.14026359
3357,0.00859571,0.02779603,0.05005133,0.09070552,0.14075685
3358,0.00858259,0.02444171,0.04928929,0.09117984,0.14046913
3359,0.00848524,0.02894175,0.05041030,0.09085999,0.14127029
3360,0.00805506,0.02436057,0.05173804,0.09081542,0.14255346
3361,0.00917215,0.02378969,0.05107908,0.09145034,0.14252942
3362,0.00920429,0.02600568,0.04996355,0.09267540,0.14263894
3363,0.00875722,0.02777262,0.04955025,0.09327878,0.14282903
3364,0.00947935,0.02746597,0.04974557,0.09201384,0.14175941
3365,0.00817768,0.02681058,0.04885484,0.08959222,0.13844706
3366,0.00823145,0.02929951,0.04899766,0.09012776,0.13912542
3367,0.00776722,0.02783830,0.04986237,0.09054504,0.14040741
3368,0.00807450,0.02788351,0.05005836,0.09104833,0.14110669
3369,0.00811792,0.02628974,0.05044127,0.09494587,0.14538714
3370,0.00737923,0.02715098,0.04955311,0.09603056,0.14558367
3371,0.00817272,0.02501706,0.04872491,0.09365446,0.14237937
3372,0.00857360,0.02615632,0.05097591,0.09118840,0.14216431
3373,0.00818077,0.02624447,0.05436694,0.09092548,0.14529242
3374,0.00784542,0.02463218,0.05180121,0.09047998,0.14228119
3375,0.00935291,0.02518147,0.04948749,0.08927427,0.13876176
3376,0.00793070,0.02852498,0.05102889,0.09078367,0.14181256
3377,0.00942824,0.02655660,0.05054673,0.09299206,0.14353879
3378,0.00920289,0.02771519,0.05079686,0.09311873,0.14391559
3379,0.00763115,0.02666021,0.05332378,0.09079949,0.14412327
3380,0.00923908,0.02425990,0.05349317,0.09116267,0.14465585
3381,0.00927197,0.02738953,0.05036128,0.09221186,0.14257314
3382,0.00817426,0.02605321,0.05038698,0.09154936,0.14193634
3383,0.00797739,0.02620922,0.05362127,0.09114216,0.14476343
3384,0.00948140,0.02641751,0.05539561,0.09125359,0.14664919
3385,0.00881947,0.02697019,0.05334850,0.09043813,0.14378663
3386,0.01014457,0.02613414,0.05193494,0.09020002,0.14213496
3387,0.00942082,0.02784102,0.05105714,0.09033775,0.14139488
3388,0.00829161,0.02812908,0.05038332,0.09131704,0.14170036
3389,0.00873785,0.02571666,0.04932841,0.09079798,0.14012639
3390,0.00846866,0.02659271,0.04805759,0.09083974,0.13889733
3391,0.00810523,0.02605445,0.04902653,0.09349614,0.14252267
3392,0.00862018,0.02544497,0.04958200,0.09563151,0.14521351
3393,0.00834671,0.02697781,0.04871881,0.09367182,0.14239063
3394,0.00849732,0.02752228,0.04869477,0.09147397,0.14016874
3395,0.00718375,0.02846281,0.04904362,0.09063544,0.13967906
3396,0.00797482,0.02396587,0.04984466,0.09025136,0.14009602
3397,0.00855260,0.02836365,0.05051984,0.09027044,0.14079028
3398,0.00821988,0.02723403,0.05038172,0.09026542,0.14064713
3399,0.00826242,0.02801870,0.04999776,0.09107317,0.14107093
3400,0.00728936,0.02516453,0.04944286,0.09124216,0.14068502
3401,0.00851562,0.02663977,0.04843731,0.08918510,0.13762240
3402,0.00811235,0.02590763,0.04766986,0.09013866,0.13780852
3403,0.00831987,0.02558428,0.04814505,0.08904727,0.13719232
3404,0.00850059,0.02762726,0.05040339,0.08927140,0.13967479
3405,0.00856872,0.02548886,0.05119450,0.09175322,0.14294772
3406,0.00816840,0.02801250,0.04975691,0.09175423,0.14151113
3407,0.00817100,0.02754282,0.04897409,0.09058435,0.13955843
3408,0.00850146,0.02441276,0.04896003,0.09033815,0.13929818
3409,0.00988073,0.02632903,0.04902277,0.09201939,0.14104216
3410,0.00853453,0.02743131,0.04907616,0.09433778,0.14341394
3411,0.00837414,0.02819028,0.04981709,0.09604523,0.14586233
3412,0.00951985,0.02670260,0.04916028,0.09808263,0.14724291
3413,0.00798754,0.02545854,0.04820256,0.09589942,0.14410198
3414,0.00870062,0.02924666,0.04835201,0.09295380,0.14130581
3415,0.00779135,0.02596439,0.04941034,0.09284510,0.14225544
3416,0.00903845,0.02843414,0.05013962,0.09200080,0.14214042
3417,0.00883744,0.02758614,0.04932553,0.09147613,0.14080166
3418,0.00880908,0.02653222,0.04893936,0.09175273,0.14069209
3419,0.00865444,0.02796970,0.04886606,0.09160609,0.14047214
3420,0.00884850,0.02766057,0.04902944,0.09194989,0.14097932
3421,0.00962191,0.02715459,0.04953725,0.09287298,0.14241023
3422,0.00910131,0.02717590,0.04972647,0.09361693,0.14334340
3423,0.00937914,0.02636344,0.04841781,0.09470636,0.14312417
3424,0.00792927,0.02554551,0.04795643,0.09518974,0.14314618
3425,0.00835261,0.02676480,0.04802791,0.09387530,0.14190322
3426,0.00947297,0.02876522,0.04726063,0.09256770,0.13982834
3427,0.00986931,0.02793442,0.04976408,0.09282462,0.14258870
3428,0.00870246,0.02699383,0.04944401,0.09317997,0.14262398
3429,0.00838835,0.02941909,0.04925354,0.09118076,0.14043431
3430,0.00924372,0.02791842,0.04985810,0.08961011,0.13946821
3431,0.00821013,0.02824915,0.04918860,0.09115674,0.14034535
3432,0.00894649,0.02575569,0.04936867,0.09538271,0.14475138
3433,0.00838095,0.02906566,0.05125320,0.09523124,0.14648444
3434,0.00867277,0.02586928,0.04947712,0.09330107,0.14277818
3435,0.00865832,0.02875053,0.04853480,0.09310782,0.14164262
3436,0.00886934,0.02483838,0.04884825,0.09340299,0.14225124
3437,0.00847320,0.02824812,0.05040363,0.09343849,0.14384212
3438,0.00825692,0.03012166,0.05247007,0.09332933,0.14579940
3439,0.00831959,0.02918882,0.05263949,0.09190980,0.14454929
3440,0.00889278,0.02638393,0.05070587,0.09112335,0.14182922
3441,0.00897455,0.02442593,0.04950261,0.09176518,0.14126779
3442,0.00886305,0.02501623,0.04830979,0.09319446,0.14150425
3443,0.00832417,0.02643660,0.04847950,0.09445608,0.14293558
3444,0.00818118,0.02546286,0.04949522,0.09497966,0.14447488
3445,0.00920327,0.02736743,0.05040924,0.09351662,0.14392585
3446,0.00856579,0.02436146,0.04946637,0.09133084,0.14079721
3447,0.00770458,0.02591415,0.04894743,0.09115537,0.14010280
3448,0.00812823,0.02716385,0.04978556,0.09082228,0.14060784
3449,0.00985170,0.02862936,0.04960619,0.09050035,0.14010654
3450,0.00793740,0.02585179,0.04851684,0.09003171,0.13854856
3451,0.00788675,0.02656288,0.04916624,0.08874536,0.13791160
3452,0.00792583,0.02699505,0.04978211,0.09347076,0.14325287
3453,0.00819248,0.02634985,0.04701047,0.09801817,0.14502864
3454,0.00779182,0.02595866,0.04724776,0.09711034,0.14435810
3455,0.00909414,0.02717604,0.04705360,0.09311911,0.14017271
3456,0.00840478,0.02787898,0.04822002,0.09307373,0.14129375
3457,0.00772278,0.02622385,0.05004081,0.09207529,0.14211610
3458,0.00903772,0.03016759,0.05045794,0.09014803,0.14060597
3459,0.00884913,0.02421331,0.04968214,0.09362116,0.14330330
3460,0.00826575,0.02683530,0.04938156,0.09567986,0.14506141
3461,0.00783516,0.02473336,0.04768153,0.09211448,0.13979601
3462,0.00773747,0.02484799,0.04724720,0.09108707,0.13833428
3463,0.00798178,0.02782082,0.04974362,0.09245030,0.14219391
3464,0.00959638,0.02874892,0.05007741,0.09227998,0.14235739
3465,0.00769933,0.02595431,0.04769613,0.09411883,0.14181496
3466,0.00896331,0.02723483,0.04666714,0.09540234,0.14206947
3467,0.00770661,0.02613670,0.04707836,0.09458278,0.14166114
3468,0.00815978,0.02786235,0.04778377,0.09166025,0.13944402
3469,0.00791074,0.02701369,0.04948694,0.09058716,0.14007410
3470,0.00829170,0.02732170,0.05044148,0.09136292,0.14180440
3471,0.00797529,0.02676673,0.04962290,0.09228940,0.14191230
3472,0.00951314,0.02586286,0.04832489,0.09439420,0.14271909
3473,0.00873294,0.02690728,0.04803270,0.09728631,0.14531901
3474,0.00758330,0.02734472,0.04795934,0.09562757,0.14358691
3475,0.00865908,0.02578088,0.04850809,0.09424000,0.14274810
3476,0.00780886,0.02526731,0.04923834,0.09496521,0.14420355
3477,0.00860776,0.02864741,0.04715621,0.09341231,0.14056852
3478,0.00801967,0.02547999,0.04682911,0.09230735,0.13913646
3479,0.00783269,0.02432447,0.04828737,0.09365474,0.14194211
3480,0.00874349,0.02747891,0.04991575,0.09491971,0.14483546
3481,0.00851447,0.02565293,0.04987630,0.09462944,0.14450574
3482,0.00979888,0.02542700,0.04909653,0.09209654,0.14119307
3483,0.00859226,0.02700709,0.04840792,0.09192025,0.14032817
3484,0.00818112,0.02752729,0.04846635,0.09084117,0.13930751
3485,0.00840567,0.02624922,0.04878029,0.09028493,0.13906522
3486,0.00891162,0.02531568,0.04882311,0.09301565,0.14183876
3487,0.00856875,0.02486528,0.04871291,0.09628580,0.14499870
3488,0.00835869,0.02731448,0.04979355,0.09772257,0.14751611
3489,0.00831298,0.02555673,0.05058017,0.09423373,0.14481390
3490,0.00812291,0.02550593,0.05010225,0.09035436,0.14045661
3491,0.00940268,0.02565978,0.04868637,0.08976366,0.13845004
3492,0.00807533,0.02714380,0.04847113,0.08989261,0.13836375
3493,0.00719634,0.02719124,0.04923058,0.08806226,0.13729285
3494,0.00867914,0.02599187,0.04914780,0.08828696,0.13743475
3495,0.00807831,0.02391456,0.04824167,0.09192108,0.14016275
3496,0.00791590,0.02559000,0.04741208,0.09257491,0.13998698
3497,0.00889908,0.02890075,0.04813783,0.09149802,0.13963586
3498,0.00897474,0.02469750,0.04982493,0.09286064,0.14268557
3499,0.00904509,0.02874646,0.05107513,0.09513746,0.14621259
3500,0.00957714,0.02616359,0.05015083,0.09427073,0.14442156
3501,0.00948345,0.02684211,0.04998964,0.09323435,0.14322399
3502,0.00920520,0.02675275,0.04986443,0.09589832,0.14576275
3503,0.00945024,0.02637042,0.04868235,0.09495957,0.14364192
3504,0.00797682,0.02414240,0.04852173,0.09093377,0.13945550
3505,0.00780862,0.02456387,0.04860277,0.09130122,0.13990398
3506,0.00836538,0.02772649,0.04975277,0.09045813,0.14021090
3507,0.00737200,0.02740275,0.05014519,0.09085248,0.14099768
3508,0.00825602,0.02504396,0.04986282,0.09559766,0.14546048
3509,0.00984757,0.02702617,0.04903229,0.09668580,0.14571809
3510,0.00827607,0.02499109,0.04861218,0.09306701,0.14167919
3511,0.00940451,0.02537872,0.04804969,0.09088020,0.13892989
3512,0.00861027,0.02438137,0.04729092,0.09016858,0.13745950
3513,0.00810742,0.02870234,0.04775955,0.08907600,0.13683555
3514,0.00908864,0.02362979,0.04916136,0.08963721,0.13879857
3515,0.00803263,0.02807478,0.05015078,0.08992954,0.14008033
3516,0.00907453,0.02593649,0.05020207,0.09044010,0.14064217
3517,0.00959703,0.02499938,0.05097917,0.09136569,0.14234486
3518,0.00802489,0.02525248,0.05028541,0.09206509,0.14235050
3519,0.00760017,0.02496074,0.05032124,0.09205408,0.14237532
3520,0.00762054,0.02587007,0.05051849,0.09153817,0.14205666
3521,0.00842457,0.02701811,0.05089553,0.09127790,0.14217344
3522,0.00900595,0.02332994,0.05071766,0.09052664,0.14124430
3523,0.00762175,0.02525487,0.04935562,0.08974818,0.13910380
3524,0.00779887,0.02750222,0.04816567,0.09079677,0.13896244
3525,0.00854695,0.02978303,0.04845116,0.09270119,0.14115234
3526,0.00844511,0.02558747,0.04781796,0.09251097,0.14032893
3527,0.00775541,0.02614470,0.04771467,0.09115025,0.13886492
3528,0.00760254,0.02574799,0.04846609,0.09015568,0.13862177
3529,0.00826231,0.02712148,0.04946817,0.09146444,0.14093261
3530,0.00847561,0.02763638,0.04829168,0.09457093,0.14286261
3531,0.00788929,0.02924913,0.04704886,0.09612694,0.14317579
3532,0.00789372,0.02938909,0.04807606,0.09539925,0.14347531
3533,0.00801645,0.02692613,0.04864947,0.09553716,0.14418663
3534,0.00773236,0.02513796,0.04855932,0.09538224,0.14394157
3535,0.00878138,0.02589733,0.04912568,0.09440123,0.14352690
3536,0.00855245,0.02581930,0.05098825,0.09340885,0.14439710
3537,0.00809197,0.02799376,0.05029863,0.09424969,0.14454832
3538,0.00751502,0.02996687,0.04798319,0.09350500,0.14148819
3539,0.00860985,0.02740445,0.04635648,0.09224992,0.13860640
3540,0.00814031,0.02840167,0.04635239,0.09224252,0.13859492
3541,0.00811550,0.02853817,0.04650322,0.09188541,0.13838863
3542,0.00791084,0.02459596,0.04733546,0.09217398,0.13950944
3543,0.00677783,0.02645871,0.04777215,0.09281948,0.14059164
3544,0.00855295,0.02412098,0.04896106,0.09264194,0.14160300
3545,0.00803795,0.02499407,0.04868514,0.09242267,0.14110781
3546,0.00840525,0.02806170,0.04766524,0.09276897,0.14043422
3547,0.00767708,0.02780085,0.04815090,0.09266764,0.14081854
3548,0.00878737,0.02866200,0.04950900,0.09041043,0.13991943
3549,0.00875155,0.02527540,0.04930212,0.08840363,0.13770575
3550,0.00729343,0.02712387,0.04917849,0.08969122,0.13886971
3551,0.00878673,0.02712381,0.04975819,0.09129000,0.14104819
3552,0.00907048,0.02814559,0.05072488,0.09139513,0.14212001
3553,0.00920881,0.02682309,0.04986030,0.09182776,0.14168806
3554,0.00974838,0.02458350,0.04914158,0.09179719,0.14093877
3555,0.00883616,0.02636517,0.04949550,0.09142972,0.14092521
3556,0.00833515,0.02663412,0.04885761,0.09166668,0.14052429
3557,0.00953617,0.02484272,0.04771091,0.09380760,0.14151851
3558,0.00837996,0.02699080,0.04774133,0.09501271,0.14275404
3559,0.00883982,0.02702036,0.04883230,0.09318063,0.14201293
3560,0.00823582,0.02603962,0.05038676,0.09154988,0.14193664
3561,0.00783552,0.02825500,0.04996959,0.09095158,0.14092117
3562,0.00809884,0.02573183,0.04881946,0.09061746,0.13943692
3563,0.00841006,0.02675026,0.04875116,0.09270778,0.14145894
3564,0.00795544,0.02887493,0.04880434,0.09288621,0.14169055
3565,0.00849221,0.02663721,0.04856782,0.09192879,0.14049661
3566,0.00877381,0.02900686,0.04903418,0.09110857,0.14014275
3567,0.00875384,0.02723984,0.05060744,0.09141261,0.14202005
3568,0.00837568,0.02588430,0.04959286,0.09199121,0.14158407
3569,0.00892809,0.02577004,0.04729245,0.09330681,0.14059926
3570,0.00779198,0.02282614,0.04829606,0.09374348,0.14203954
3571,0.00860530,0.02341484,0.04905546,0.09302033,0.14207580
3572,0.00809488,0.02608675,0.05010733,0.09084497,0.14095230
3573,0.00818460,0.02525928,0.05052601,0.08980551,0.14033153
3574,0.00784441,0.02793086,0.05000944,0.08923337,0.13924281
3575,0.00822810,0.02679263,0.04870153,0.08987826,0.13857979
3576,0.00717144,0.02292071,0.04810918,0.09106250,0.13917168
3577,0.00826557,0.02421493,0.04796648,0.09150379,0.13947027
3578,0.00751362,0.02702826,0.04808558,0.09036464,0.13845022
3579,0.00823689,0.02572194,0.04876637,0.08889847,0.13766484
3580,0.00876167,0.02713592,0.04779371,0.08848220,0.13627591
3581,0.00688866,0.02474363,0.04882380,0.09002920,0.13885300
3582,0.00833345,0.02710833,0.04870883,0.08979554,0.13850437
3583,0.00904534,0.02810758,0.04858585,0.09022285,0.13880870
3584,0.00786555,0.02449918,0.04863251,0.09280181,0.14143432
3585,0.00870889,0.02761639,0.04882156,0.09430653,0.14312809
3586,0.00892643,0.02704007,0.04865769,0.09064818,0.13930587
3587,0.00758681,0.02577033,0.04769128,0.08803064,0.13572192
3588,0.00744904,0.02569847,0.04772389,0.08848734,0.13621123
3589,0.00786755,0.02694027,0.04800875,0.08993826,0.13794701
3590,0.00799625,0.02433329,0.04794838,0.09335940,0.14130778
3591,0.00778006,0.02720902,0.04809789,0.09471861,0.14281650
3592,0.00758740,0.02815463,0.04818032,0.09120279,0.13938311
3593,0.00794427,0.02652862,0.04783458,0.08759869,0.13543327
3594,0.00779919,0.02553770,0.04994293,0.08680499,0.13674793
3595,0.00889352,0.02639550,0.05124358,0.08700790,0.13825148
3596,0.00896032,0.02661336,0.05094214,0.08786377,0.13880591
3597,0.00908267,0.02594600,0.05068582,0.09244227,0.14312809
3598,0.00880112,0.02607977,0.04974220,0.09443703,0.14417922
3599,0.00896437,0.02358045,0.04866516,0.09378348,0.14244864
3600,0.01133304,0.02722456,0.04808995,0.09231701,0.14040696
3601,0.00885027,0.02567138,0.04762816,0.09244180,0.14006995
3602,0.00785763,0.02639698,0.04732701,0.09210067,0.13942768
3603,0.00872316,0.02417226,0.04703902,0.09060498,0.13764400
3604,0.00887040,0.02742141,0.04682878,0.08951941,0.13634819
3605,0.00722870,0.02384424,0.04735957,0.09016982,0.13752939
3606,0.00806895,0.02321077,0.04796973,0.09113930,0.13910903
3607,0.00792313,0.02893821,0.04881893,0.09075513,0.13957407
3608,0.00834921,0.02385977,0.04921635,0.09023018,0.13944653
3609,0.00845613,0.02572572,0.04899155,0.09180842,0.14079997
3610,0.00943734,0.02677994,0.04773933,0.09275915,0.14049848
3611,0.00789996,0.02435359,0.04800465,0.09135190,0.13935655
3612,0.00847001,0.02664286,0.04781701,0.08963871,0.13745572
3613,0.00775386,0.02477755,0.04769143,0.08992865,0.13762008
3614,0.00721809,0.02726088,0.04738926,0.08894569,0.13633495
3615,0.00872198,0.02794083,0.04710665,0.08867607,0.13578272
3616,0.00796353,0.02582339,0.04737191,0.09030265,0.13767457
3617,0.00845658,0.02938000,0.04917598,0.09227571,0.14145169
3618,0.00822313,0.02868396,0.04831928,0.09201702,0.14033630
3619,0.00836256,0.02887191,0.04771774,0.09128260,0.13900033
3620,0.00832141,0.02974052,0.04774180,0.09218703,0.13992883
3621,0.00888082,0.02851184,0.04798239,0.09124479,0.13922719
3622,0.00822983,0.02687651,0.04850353,0.08958977,0.13809331
3623,0.00830249,0.02603169,0.04833534,0.08916099,0.13749633
3624,0.00772873,0.02320855,0.04767578,0.09025148,0.13792727
3625,0.00812436,0.03024038,0.04794201,0.09243140,0.14037341
3626,0.00850903,0.02735403,0.04821852,0.09207273,0.14029125
3627,0.00781637,0.02243698,0.04865697,0.09130840,0.13996537
3628,0.00759060,0.02607165,0.04927873,0.09117112,0.14044986
3629,0.00750598,0.02485629,0.04820311,0.08971200,0.13791511
3630,0.00847817,0.02757760,0.04649884,0.08888174,0.13538058
3631,0.00754742,0.02556110,0.04601986,0.08883972,0.13485959
3632,0.00787148,0.02666969,0.04595346,0.08869582,0.13464928
3633,0.00839034,0.02575422,0.04775533,0.08875090,0.13650623
3634,0.00874656,0.02580810,0.05012906,0.08925857,0.13938763
3635,0.00854201,0.02666588,0.04799801,0.09082102,0.13881903
3636,0.00748940,0.02949120,0.04824800,0.09124586,0.13949386
3637,0.00879198,0.02620765,0.04924912,0.09130654,0.14055566
3638,0.00894903,0.02327510,0.04658540,0.09150250,0.13808791
3639,0.00797089,0.02829207,0.04996452,0.09175622,0.14172075
3640,0.00806759,0.02490984,0.05511732,0.09238292,0.14750025
3641,0.00863223,0.02475934,0.05171095,0.09271777,0.14442873
3642,0.00806852,0.02804329,0.04969680,0.09160627,0.14130308
3643,0.00843467,0.02607951,0.05059886,0.09080618,0.14140503
3644,0.00869336,0.02635211,0.04924991,0.09081762,0.14006752
3645,0.00728271,0.02367008,0.04953860,0.09108850,0.14062710
3646,0.00816752,0.02724833,0.05008184,0.09088919,0.14097102
3647,0.00763265,0.02529967,0.05094108,0.09236654,0.14330762
3648,0.00886272,0.02552034,0.04902761,0.09318564,0.14221325
3649,0.00871735,0.02557344,0.04745295,0.08778962,0.13524258
3650,0.00739369,0.02514386,0.04726519,0.08827088,0.13553607
3651,0.00800550,0.02595083,0.04792614,0.09015931,0.13808545
3652,0.00837366,0.02712997,0.04902707,0.08859916,0.13762623
3653,0.00743683,0.02605214,0.05058319,0.09267707,0.14326027
3654,0.00875824,0.02621214,0.05058275,0.09551992,0.14610267
3655,0.00821962,0.02436287,0.04932804,0.09360199,0.14293003
3656,0.00870829,0.02602921,0.05050301,0.09053691,0.14103992
3657,0.00893377,0.02886442,0.04760627,0.08991489,0.13752116
3658,0.00879176,0.02472386,0.04996540,0.09052137,0.14048677
3659,0.00779159,0.02653693,0.05290619,0.08925813,0.14216432
3660,0.00919182,0.02529620,0.05095799,0.09097150,0.14192948
3661,0.00789491,0.02574315,0.04810111,0.09337601,0.14147712
3662,0.00876659,0.03055564,0.04962450,0.09222783,0.14185233
3663,0.00859048,0.02517539,0.04995288,0.09151044,0.14146332
3664,0.00819052,0.02410944,0.05034349,0.09090395,0.14124743
3665,0.00777831,0.02779522,0.05273470,0.09000349,0.14273819
3666,0.00819372,0.02500976,0.05021326,0.08993297,0.14014623
3667,0.00830237,0.02593597,0.04716642,0.09054026,0.13770668
3668,0.00774771,0.02893575,0.04687338,0.09039006,0.13726344
3669,0.00825915,0.02727311,0.04559269,0.08897258,0.13456527
3670,0.00854724,0.02794536,0.04790306,0.08839914,0.13630220
3671,0.00828648,0.02572745,0.05222401,0.09067184,0.14289586
3672,0.00864361,0.02626865,0.04990749,0.09320617,0.14311365
3673,0.00829628,0.02708634,0.05290023,0.09435991,0.14726014
3674,0.00889377,0.02504804,0.05320665,0.09446891,0.14767556
3675,0.00987125,0.02808793,0.04972388,0.09396494,0.14368882
3676,0.00823410,0.02367657,0.05343377,0.09372958,0.14716335
3677,0.00879846,0.02564241,0.05363328,0.09136599,0.14499927
3678,0.00791745,0.02529751,0.04989887,0.09089769,0.14079657
3679,0.00869296,0.02782177,0.04975062,0.09065722,0.14040784
3680,0.00858894,0.02528143,0.04998535,0.09009591,0.14008126
3681,0.00846456,0.02159665,0.04710839,0.09057395,0.13768234
3682,0.00937867,0.02419749,0.04815408,0.09100018,0.13915426
3683,0.00798926,0.02822064,0.05127114,0.08998540,0.14125654
3684,0.00858208,0.02504163,0.05136022,0.08973309,0.14109331
3685,0.00909704,0.02635357,0.04977740,0.09106656,0.14084396
3686,0.00799582,0.02818534,0.04905821,0.09382909,0.14288730
3687,0.00791360,0.02561150,0.04935475,0.09472214,0.14407690
3688,0.00799515,0.02846506,0.04979815,0.09287360,0.14267175
3689,0.00886833,0.02449334,0.04933022,0.09013534,0.13946556
3690,0.00791235,0.02131644,0.04887122,0.08899567,0.13786688
3691,0.00767826,0.02378070,0.04836253,0.08842313,0.13678567
3692,0.00858650,0.02570487,0.04713355,0.08848192,0.13561547
3693,0.00862279,0.02427867,0.04667234,0.09028482,0.13695716
3694,0.00813163,0.02729101,0.04764082,0.09185185,0.13949266
3695,0.00768271,0.02672345,0.04884575,0.08923724,0.13808299
3696,0.00807493,0.02554944,0.04892008,0.08774888,0.13666896
3697,0.00832654,0.02391699,0.04712530,0.08953731,0.13666261
3698,0.00846021,0.02730120,0.04825788,0.08899320,0.13725108
3699,0.00784683,0.02571580,0.04870428,0.08721926,0.13592354
3700,0.00834179,0.02349875,0.04779093,0.09048163,0.13827256
3701,0.00834011,0.02558064,0.04705228,0.09398559,0.14103786
3702,0.00824991,0.02382298,0.04694103,0.09277006,0.13971109
3703,0.00812453,0.02761756,0.04730788,0.09098917,0.13829705
3704,0.00794356,0.02566173,0.04722600,0.08979583,0.13702183
3705,0.00835165,0.02257031,0.04685662,0.08877886,0.13563548
3706,0.00873255,0.02483194,0.04713158,0.08835886,0.13549043
3707,0.00806783,0.02641994,0.04791875,0.08877123,0.13668998
3708,0.00853839,0.02536434,0.04899590,0.08940644,0.13840234
3709,0.00780431,0.02524810,0.04821894,0.08941492,0.13763386
3710,0.00881207,0.02365618,0.04805544,0.08995887,0.13801431
3711,0.00782612,0.03210758,0.04799842,0.08912621,0.13712464
3712,0.00804191,0.02342156,0.04861480,0.08874737,0.13736217
3713,0.00818216,0.02450222,0.04818298,0.08902556,0.13720854
3714,0.00792975,0.02453070,0.04900437,0.09009618,0.13910056
3715,0.00831012,0.02303620,0.04889807,0.09112675,0.14002483
3716,0.00857019,0.02476995,0.04891143,0.09190838,0.14081981
3717,0.00845344,0.02620140,0.04930929,0.09178027,0.14108955
3718,0.00769997,0.02585020,0.04868519,0.09153815,0.14022334
3719,0.00920147,0.02433498,0.04788881,0.09230991,0.14019873
3720,0.00842262,0.02599134,0.04745712,0.09168365,0.13914077
3721,0.00869356,0.02569337,0.04659332,0.09024458,0.13683790
3722,0.00790975,0.02425461,0.04610083,0.08851089,0.13461172
3723,0.00791663,0.02529364,0.04649005,0.08741511,0.13390516
3724,0.00776432,0.02260159,0.04797516,0.08871395,0.13668911
3725,0.00733074,0.02394772,0.04834737,0.09013259,0.13847996
3726,0.00790652,0.02621984,0.04975342,0.08958497,0.13933839
3727,0.00860800,0.02222881,0.05137532,0.09071974,0.14209506
3728,0.00803753,0.02599325,0.05089048,0.09161308,0.14250355
3729,0.00886864,0.02681911,0.05070102,0.09185228,0.14255330
3730,0.00798788,0.02470218,0.05017448,0.09129000,0.14146448
3731,0.00818537,0.02362630,0.04893414,0.09141351,0.14034765
3732,0.00885601,0.02349673,0.04786649,0.09123680,0.13910329
3733,0.00834598,0.02308596,0.04928228,0.08882885,0.13811112
3734,0.00944479,0.02629589,0.05044834,0.08801653,0.13846487
3735,0.00777627,0.02904062,0.04992580,0.08866439,0.13859019
3736,0.00985683,0.02470906,0.04920181,0.08937255,0.13857436
3737,0.00752467,0.02799975,0.04968746,0.09029728,0.13998474
3738,0.00748965,0.02492726,0.05036664,0.09077469,0.14114133
3739,0.00850957,0.02359231,0.04893307,0.08946161,0.13839468
3740,0.00924293,0.02459131,0.04716273,0.08944091,0.13660364
3741,0.00830452,0.02362441,0.04677823,0.08941111,0.13618934
3742,0.00803582,0.02224396,0.04772674,0.08914150,0.13686825
3743,0.00825287,0.02413047,0.04947650,0.08980870,0.13928520
3744,0.00905422,0.02366659,0.04995923,0.09167784,0.14163707
3745,0.00734882,0.02328094,0.04885442,0.09139618,0.14025060
3746,0.00811443,0.02348618,0.04796916,0.08930373,0.13727289
3747,0.00786925,0.02393131,0.04899830,0.08845937,0.13745767
3748,0.00750645,0.02631672,0.05018901,0.08801045,0.13819947
3749,0.00857936,0.02516224,0.04951961,0.08818973,0.13770934
3750,0.00820475,0.02441760,0.04802603,0.08929174,0.13731778
3751,0.00805603,0.02521252,0.04796484,0.09001222,0.13797706
3752,0.00836292,0.02496575,0.04845461,0.09014721,0.13860182
3753,0.00959279,0.02756981,0.04879150,0.09088185,0.13967335
3754,0.00845770,0.02365185,0.04845751,0.09133726,0.13979476
3755,0.00866007,0.02375205,0.04728312,0.09199321,0.13927633
3756,0.00718219,0.02455617,0.04765924,0.09049762,0.13815686
3757,0.00859607,0.02684616,0.04788473,0.08901504,0.13689977
3758,0.00794868,0.02417712,0.04895486,0.08765537,0.13661023
3759,0.00882840,0.02404029,0.04931702,0.08803996,0.13735697
3760,0.00755932,0.02582018,0.04851358,0.08843431,0.13694789
3761,0.00925300,0.02434221,0.04785104,0.08823884,0.13608987
3762,0.00775378,0.02565695,0.04770488,0.08794381,0.13564870
3763,0.00757474,0.02418666,0.04810920,0.08881038,0.13691958
3764,0.00823080,0.02339452,0.04807256,0.09065614,0.13872870
3765,0.00842869,0.02486730,0.04743721,0.09144001,0.13887721
3766,0.00885094,0.02556594,0.04719020,0.08957389,0.13676409
3767,0.00796177,0.02601768,0.04806593,0.08817549,0.13624142
3768,0.00873071,0.02262220,0.04793963,0.08752640,0.13546604
3769,0.00712240,0.02626843,0.04750739,0.08840746,0.13591484
3770,0.00766263,0.02407369,0.04833038,0.08984659,0.13817697
3771,0.00785854,0.02475066,0.04772390,0.09095266,0.13867657
3772,0.00793338,0.02398767,0.04588228,0.08780830,0.13369058
3773,0.00813299,0.02385654,0.04583788,0.08792387,0.13376175
3774,0.00824473,0.02262319,0.04647827,0.08995689,0.13643517
3775,0.00786025,0.03154399,0.04727185,0.09157613,0.13884798
3776,0.00808358,0.02643428,0.04693744,0.09308380,0.14002123
3777,0.00729325,0.02476955,0.04656459,0.09290736,0.13947195
3778,0.00791085,0.02460241,0.04652908,0.09015204,0.13668112
3779,0.00792453,0.02557641,0.04744294,0.08921634,0.13665928
3780,0.00762756,0.02543712,0.04783028,0.08936512,0.13719540
3781,0.00730011,0.02161818,0.04708613,0.08978818,0.13687431
3782,0.00797226,0.02565831,0.04858291,0.09148835,0.14007127
3783,0.00777482,0.02634814,0.04928029,0.09473342,0.14401372
3784,0.00771529,0.02351619,0.04812177,0.09418858,0.14231035
3785,0.00718138,0.02631310,0.04929946,0.09003948,0.13933894
3786,0.00778896,0.02621485,0.04919817,0.08913443,0.13833260
3787,0.00743929,0.02694631,0.04776963,0.08903282,0.13680245
3788,0.00908539,0.02387545,0.04993795,0.08889213,0.13883008
3789,0.00952051,0.02450142,0.04847986,0.09184868,0.14032854
3790,0.00796141,0.02562511,0.04969198,0.09476694,0.14445893
3791,0.00821261,0.02539836,0.05218741,0.09528565,0.14747306
3792,0.00865176,0.02590446,0.05132351,0.09361340,0.14493691
3793,0.00778369,0.02466993,0.04919832,0.09157954,0.14077786
3794,0.00856877,0.02360562,0.04820557,0.09002849,0.13823406
3795,0.00821042,0.02446728,0.04819871,0.08924444,0.13744316
3796,0.00805751,0.02381661,0.04776453,0.08863166,0.13639619
3797,0.00851765,0.02706483,0.04756461,0.08841364,0.13597826
3798,0.00790850,0.02591056,0.04774007,0.08883633,0.13657640
3799,0.00846105,0.02544106,0.04767545,0.08919324,0.13686869
3800,0.00821677,0.03060528,0.04823202,0.08897231,0.13720432
3801,0.00863525,0.02846993,0.04774088,0.08878541,0.13652629
3802,0.00708644,0.02415902,0.04764367,0.09054685,0.13819052
3803,0.00873477,0.02459432,0.04754668,0.09158959,0.13913627
3804,0.00896214,0.02656585,0.04746558,0.09254014,0.14000572
3805,0.00771487,0.02410351,0.04779118,0.09355585,0.14134703
3806,0.00837809,0.02816450,0.04702286,0.09195626,0.13897912
3807,0.00816644,0.02321845,0.04605189,0.08967896,0.13573084
3808,0.00723261,0.02347456,0.04746139,0.08900893,0.13647031
3809,0.00923007,0.02648235,0.04832652,0.08941127,0.13773779
3810,0.00797535,0.02754612,0.04748487,0.08835351,0.13583839
3811,0.00808655,0.02708053,0.04933502,0.08922388,0.13855891
3812,0.00735136,0.02405586,0.05020868,0.09235804,0.14256672
3813,0.00833864,0.02666925,0.04838930,0.09271254,0.14110184
3814,0.00756478,0.02575628,0.04731884,0.09278969,0.14010854
3815,0.00890962,0.02465483,0.04768151,0.09362928,0.14131079
3816,0.00860716,0.02625928,0.04663190,0.09301915,0.13965105
3817,0.00742099,0.02489492,0.04816719,0.09189071,0.14005790
3818,0.00869298,0.02703002,0.04917503,0.09019008,0.13936510
3819,0.00778838,0.02195060,0.04746317,0.09042871,0.13789188
3820,0.00800882,0.02491658,0.04739364,0.09031207,0.13770571
3821,0.00781430,0.02754418,0.04792414,0.08925870,0.13718284
3822,0.00760968,0.02692465,0.04839217,0.08720130,0.13559347
3823,0.00874043,0.02477705,0.04890117,0.08769062,0.13659180
3824,0.00860674,0.02270941,0.04851548,0.08705123,0.13556671
3825,0.00730607,0.02617493,0.04808784,0.08668523,0.13477307
3826,0.00758468,0.02436132,0.04785370,0.09070092,0.13855462
3827,0.00721584,0.02542628,0.04732060,0.09347272,0.14079332
3828,0.00724304,0.02484375,0.04586489,0.09140138,0.13726628
3829,0.00833201,0.02649846,0.04593685,0.08697286,0.13290972
3830,0.00759064,0.02983763,0.04965802,0.08884618,0.13850421
3831,0.00722921,0.02346868,0.04825558,0.08915830,0.13741388
3832,0.00837181,0.02337329,0.04692345,0.08660991,0.13353335
3833,0.00836590,0.02382179,0.04763978,0.08838338,0.13602315
3834,0.00897796,0.02790539,0.04557493,0.09390642,0.13948135
3835,0.00769461,0.03006313,0.04829095,0.09527966,0.14357060
3836,0.00767965,0.02664540,0.05174763,0.09133203,0.14307966
3837,0.00927705,0.02644370,0.04974229,0.09111211,0.14085440
3838,0.00816955,0.02616770,0.04919274,0.09201363,0.14120637
3839,0.00852187,0.02706893,0.04972339,0.09054404,0.14026742
3840,0.00784933,0.02699303,0.04809840,0.09309298,0.14119138
3841,0.00721256,0.02379432,0.04732539,0.09746753,0.14479292
3842,0.00739231,0.02910095,0.05128951,0.09485682,0.14614633
3843,0.00947103,0.02740019,0.05041350,0.09126966,0.14168315
3844,0.00732251,0.02428493,0.04832289,0.09119926,0.13952215
3845,0.00774883,0.02645574,0.04622890,0.09157731,0.13780622
3846,0.00792008,0.02636079,0.04749357,0.09096853,0.13846209
3847,0.00799993,0.02521517,0.04830057,0.08858964,0.13689021
3848,0.00788901,0.02606713,0.04733739,0.08982395,0.13716134
3849,0.00877438,0.03084827,0.04834728,0.09171627,0.14006355
3850,0.00820918,0.02509571,0.05074017,0.09140138,0.14214156
3851,0.00754578,0.02516127,0.05081368,0.09080219,0.14161588
3852,0.00897590,0.02454484,0.05038443,0.09224347,0.14262790
3853,0.00782308,0.02739989,0.04945073,0.09380499,0.14325571
3854,0.00763210,0.02894063,0.04755298,0.09448390,0.14203687
3855,0.00773186,0.02497631,0.04651861,0.09555864,0.14207724
3856,0.00706610,0.02499195,0.04783381,0.09221645,0.14005025
3857,0.00804384,0.02336157,0.04905603,0.08853614,0.13759217
3858,0.00862305,0.02543464,0.04827922,0.08704591,0.13532513
3859,0.00787753,0.02476154,0.04793931,0.08753058,0.13546989
3860,0.00691229,0.02580340,0.04831740,0.08829511,0.13661251
3861,0.00740980,0.02531464,0.04751534,0.08852419,0.13603952
3862,0.00752381,0.02314101,0.04715211,0.09019247,0.13734458
3863,0.00783556,0.02529139,0.04732949,0.09292626,0.14025575
3864,0.00726875,0.02318278,0.04701070,0.09314340,0.14015410
3865,0.00986112,0.02686265,0.04646533,0.09093582,0.13740115
3866,0.00888437,0.02721694,0.04728859,0.08975835,0.13704694
3867,0.00751350,0.02755574,0.04790683,0.09135497,0.13926180
3868,0.00872141,0.02460810,0.04852122,0.09066312,0.13918434
3869,0.00784601,0.02400508,0.05047102,0.08901469,0.13948571
3870,0.00801964,0.02461178,0.05087287,0.09059819,0.14147106
3871,0.00984444,0.02367825,0.05071199,0.09278200,0.14349399
3872,0.00832941,0.02597266,0.04920277,0.08912019,0.13832297
3873,0.00708455,0.02524679,0.04753873,0.08825848,0.13579721
3874,0.00769264,0.02475080,0.04697919,0.08964493,0.13662412
3875,0.00854528,0.02815681,0.04563795,0.09001303,0.13565098
3876,0.00854813,0.02384019,0.04536634,0.09046217,0.13582851
3877,0.00824098,0.02236243,0.04565354,0.09258283,0.13823637
3878,0.00818585,0.02425758,0.04594877,0.09283833,0.13878710
3879,0.00791737,0.02525180,0.04538063,0.09012987,0.13551050
3880,0.00742893,0.02487989,0.04632273,0.08883342,0.13515615
3881,0.00787080,0.02474331,0.04724290,0.08851635,0.13575925
3882,0.00816374,0.02613191,0.04740359,0.08844830,0.13585189
3883,0.00801263,0.02733829,0.04768189,0.08779318,0.13547507
3884,0.00790926,0.02557322,0.04889092,0.08702143,0.13591235
3885,0.00765161,0.02196733,0.04916017,0.08728579,0.13644596
3886,0.00748948,0.02312551,0.04830083,0.08912699,0.13742782
3887,0.00774710,0.02309060,0.04780792,0.09068611,0.13849403
3888,0.00840934,0.02598705,0.04709733,0.08996495,0.13706227
3889,0.00793356,0.02437675,0.04769123,0.08874618,0.13643740
3890,0.00663459,0.02266181,0.04943107,0.08832228,0.13775336
3891,0.00744814,0.02604160,0.04951768,0.08864015,0.13815783
3892,0.00851882,0.02654136,0.04793510,0.08885265,0.13678775
3893,0.00749959,0.02533251,0.04712334,0.08857282,0.13569616
3894,0.00811492,0.02326871,0.04836698,0.08869562,0.13706259
3895,0.00789642,0.02286971,0.04920065,0.08864446,0.13784511
3896,0.00673439,0.02196665,0.04852006,0.08873991,0.13725997
3897,0.00800207,0.02350010,0.04751343,0.08908266,0.13659609
3898,0.00803629,0.02302773,0.04810897,0.08896635,0.13707531
3899,0.00946512,0.02431851,0.04822290,0.08918947,0.13741237
3900,0.00725056,0.02548547,0.04728943,0.08901012,0.13629955
3901,0.00808019,0.02280457,0.04751204,0.08940618,0.13691822
3902,0.00805630,0.02560127,0.04771397,0.08888821,0.13660217
3903,0.00802493,0.02491746,0.04742461,0.08824505,0.13566966
3904,0.00795468,0.02544025,0.04890534,0.09103871,0.13994405
3905,0.00711990,0.02400505,0.04844642,0.09428129,0.14272770
3906,0.00801710,0.02573286,0.04796797,0.09286021,0.14082818
3907,0.00764341,0.02886320,0.04906553,0.08811227,0.13717781
3908,0.00756169,0.02460274,0.04880271,0.08809263,0.13689533
3909,0.00825051,0.02344521,0.04658704,0.08954293,0.13612998
3910,0.00799854,0.02616110,0.04525159,0.08881216,0.13406375
3911,0.00816722,0.02804069,0.04843920,0.08832923,0.13676843
3912,0.00829751,0.02669259,0.04982829,0.09174880,0.14157709
3913,0.00766635,0.02639505,0.04694195,0.09494340,0.14188534
3914,0.00800223,0.02555391,0.04693353,0.09470256,0.14163609
3915,0.00803407,0.02536224,0.04882082,0.09224894,0.14106976
3916,0.00788512,0.02609463,0.04904342,0.08983487,0.13887829
3917,0.00753411,0.02315250,0.04750815,0.08869085,0.13619900
3918,0.00784751,0.02324176,0.04828077,0.08924722,0.13752799
3919,0.00791044,0.02614055,0.04782841,0.08920918,0.13703759
3920,0.00790674,0.02796705,0.04765070,0.08817350,0.13582420
3921,0.00777200,0.02670961,0.04667917,0.08735830,0.13403747
3922,0.00676481,0.02620860,0.04683193,0.08926753,0.13609946
3923,0.00732982,0.02458270,0.04843203,0.09165060,0.14008263
3924,0.00819446,0.02375410,0.04845898,0.09223228,0.14069126
3925,0.00798718,0.02686256,0.04608153,0.09001873,0.13610027
3926,0.00818395,0.02378972,0.04663965,0.08774389,0.13438354
3927,0.00758777,0.02424066,0.04602433,0.08657128,0.13259561
3928,0.00756354,0.02606093,0.04567671,0.08575296,0.13142967
3929,0.00776316,0.02679884,0.04760940,0.08456258,0.13217198
3930,0.00762883,0.02570470,0.04949939,0.08390255,0.13340194
3931,0.00810825,0.02477024,0.04756320,0.08572451,0.13328771
3932,0.00731145,0.02315888,0.04659566,0.08782474,0.13442039
3933,0.00669816,0.02754062,0.04611124,0.08795202,0.13406326
3934,0.00795420,0.02425783,0.04639180,0.08702544,0.13341725
3935,0.00840182,0.02502744,0.04813282,0.08790165,0.13603447
3936,0.00768790,0.02354111,0.04723512,0.08829349,0.13552861
3937,0.00709579,0.02699573,0.04642444,0.08750536,0.13392980
3938,0.00861505,0.02754261,0.04667920,0.08651575,0.13319495
3939,0.00749665,0.02473216,0.04837026,0.08762697,0.13599723
3940,0.00724146,0.02469933,0.05045763,0.08935553,0.13981316
3941,0.00755257,0.02395122,0.05049763,0.08971582,0.14021344
3942,0.00798530,0.02447527,0.04751227,0.08996339,0.13747567
3943,0.00814840,0.02476128,0.04686932,0.08939526,0.13626458
3944,0.00745225,0.02707180,0.04774373,0.08831868,0.13606241
3945,0.00658707,0.02487209,0.04694803,0.08813317,0.13508120
3946,0.00784302,0.02217007,0.04832616,0.08934014,0.13766630
3947,0.00780637,0.02766270,0.04710806,0.09111998,0.13822804
3948,0.00793955,0.02637054,0.04683928,0.09220003,0.13903931
3949,0.00762204,0.02480100,0.04859725,0.09045702,0.13905427
3950,0.00795845,0.02394718,0.04809297,0.08906618,0.13715915
3951,0.00861014,0.02516347,0.04903404,0.08742715,0.13646119
3952,0.00772078,0.02455213,0.04984945,0.08681388,0.13666333
3953,0.00804751,0.02326886,0.04656351,0.08854815,0.13511166
3954,0.00826019,0.02538578,0.04483736,0.09063777,0.13547513
3955,0.00835304,0.02552180,0.04560200,0.09186731,0.13746931
3956,0.00708237,0.02878433,0.04502080,0.09186420,0.13688500
3957,0.00750733,0.02722207,0.04543848,0.08897115,0.13440962
3958,0.00707913,0.02339061,0.04807107,0.08922691,0.13729798
3959,0.00709013,0.02666093,0.04903313,0.09207844,0.14111157
3960,0.00838506,0.02617223,0.04872023,0.09137246,0.14009269
3961,0.00792608,0.02362982,0.04762343,0.09151153,0.13913495
3962,0.00788133,0.02318829,0.04657794,0.09349767,0.14007561
3963,0.00700383,0.02224032,0.04673345,0.09260996,0.13934341
3964,0.00749288,0.02519576,0.04750746,0.08916672,0.13667418
3965,0.00677158,0.02491184,0.04770812,0.08834455,0.13605267
3966,0.00826989,0.02241659,0.04734399,0.08996037,0.13730437
3967,0.00786440,0.02649017,0.04750427,0.09049206,0.13799633
3968,0.00691350,0.02469701,0.04858716,0.09222785,0.14081502
3969,0.00863275,0.02519645,0.04892114,0.09490341,0.14382455
3970,0.00810058,0.03005384,0.04850890,0.09114420,0.13965310
3971,0.00857946,0.02304039,0.04724829,0.08788807,0.13513636
3972,0.00749805,0.02602131,0.04721219,0.08900642,0.13621862
3973,0.00706615,0.02710778,0.04772062,0.08889773,0.13661835
3974,0.00797891,0.02520480,0.04754205,0.08706273,0.13460478
3975,0.00763174,0.02517400,0.04712035,0.08929612,0.13641647
3976,0.00767185,0.02784785,0.04733625,0.09254014,0.13987638
3977,0.00826525,0.02419440,0.04826670,0.09398811,0.14225481
3978,0.00732791,0.02451760,0.04847202,0.09333816,0.14181019
3979,0.00769818,0.02505798,0.04787913,0.09122004,0.13909917
3980,0.00777703,0.02712391,0.04663933,0.09095997,0.13759931
3981,0.00810300,0.02498208,0.04629461,0.09061061,0.13690522
3982,0.00736980,0.02404390,0.04606444,0.08992673,0.13599116
3983,0.00689800,0.02420720,0.04659383,0.09297904,0.13957286
3984,0.00663412,0.02685392,0.04694148,0.09410429,0.14104577
3985,0.00834708,0.02452641,0.04651633,0.09185215,0.13836848
3986,0.00755094,0.02423087,0.04657004,0.08908760,0.13565764
3987,0.00783534,0.02471685,0.04672317,0.08925128,0.13597445
3988,0.00804960,0.02708994,0.04714005,0.09148511,0.13862515
3989,0.00772821,0.02590097,0.04781744,0.09223583,0.14005327
3990,0.00778592,0.02594962,0.04825189,0.09209298,0.14034487
3991,0.00822357,0.02428988,0.04714845,0.09202916,0.13917761
3992,0.00738412,0.02549003,0.04800598,0.08965399,0.13765997
3993,0.00770004,0.02406149,0.04861258,0.08882619,0.13743877
3994,0.00749097,0.02637246,0.04893227,0.08896507,0.13789735
3995,0.00912013,0.02452505,0.04870891,0.08915741,0.13786632
3996,0.00763398,0.02460573,0.04823883,0.08862235,0.13686118
3997,0.00684645,0.02385160,0.04892798,0.08804879,0.13697677
3998,0.00721241,0.02990066,0.04846240,0.08901644,0.13747884
3999,0.00808309,0.02549656,0.04678693,0.09040637,0.13719331
4000,0.00765586,0.02127382,0.04612005,0.09208868,0.13820873
4001,0.00816312,0.02345334,0.04708971,0.09252625,0.13961596
4002,0.00741557,0.02693317,0.04731698,0.09132860,0.13864558
4003,0.00841183,0.02498078,0.04655590,0.08924662,0.13580252
4004,0.00805671,0.02492245,0.04715162,0.08811124,0.13526286
4005,0.00770573,0.02279904,0.05169201,0.08796243,0.13965444
4006,0.00833305,0.02645762,0.05254653,0.08839103,0.14093756
4007,0.00872214,0.02571230,0.04851239,0.08847431,0.13698670
4008,0.00835433,0.02330457,0.05027306,0.08936275,0.13963581
4009,0.00815483,0.02397690,0.04981494,0.08982450,0.13963944
4010,0.00822557,0.02287128,0.05147442,0.08956048,0.14103490
4011,0.00818744,0.02240603,0.05120732,0.08913067,0.14033799
4012,0.00841745,0.02438423,0.04930883,0.08932357,0.13863240
4013,0.00747736,0.02246296,0.04911974,0.08999751,0.13911725
4014,0.00808320,0.02362824,0.04955685,0.09092738,0.14048423
4015,0.00764356,0.02412878,0.04957196,0.09164670,0.14121866
4016,0.00792995,0.02672568,0.04869241,0.09219494,0.14088734
4017,0.00781340,0.02759190,0.04748066,0.08947480,0.13695546
4018,0.00806217,0.02570955,0.04784510,0.08807563,0.13592073
4019,0.00856859,0.02750352,0.04818235,0.08825489,0.13643724
4020,0.00783483,0.02518569,0.04757482,0.08848914,0.13606396
4021,0.00717853,0.02453384,0.04944587,0.08983158,0.13927744
4022,0.00787159,0.02569037,0.05074852,0.09213328,0.14288179
4023,0.00852138,0.02568755,0.04985673,0.09270260,0.14255933
4024,0.00889890,0.02518353,0.04960818,0.08983853,0.13944671
4025,0.00758946,0.02396201,0.04888889,0.08745996,0.13634885
4026,0.00791575,0.02734654,0.04962704,0.08718083,0.13680787
4027,0.00799652,0.02610211,0.04992218,0.08671076,0.13663294
4028,0.00902841,0.02689447,0.04849406,0.08745867,0.13595273
4029,0.00778575,0.02248823,0.04834215,0.09131335,0.13965550
4030,0.00717378,0.02547343,0.04808313,0.09241927,0.14050240
4031,0.00767425,0.03187402,0.04698987,0.08971409,0.13670396
4032,0.00771545,0.02455340,0.04696244,0.08827294,0.13523538
4033,0.00715503,0.02361074,0.04833845,0.08911947,0.13745793
4034,0.00805050,0.02487866,0.04836376,0.08944415,0.13780790
4035,0.00767530,0.02619825,0.04700374,0.08869293,0.13569666
4036,0.00694369,0.02391831,0.04694565,0.08923001,0.13617566
4037,0.00880262,0.02556377,0.04821692,0.08966736,0.13788429
4038,0.00707060,0.02393836,0.04830295,0.08997156,0.13827451
4039,0.00783117,0.02851492,0.04825751,0.08819840,0.13645591
4040,0.00865020,0.02633039,0.04836955,0.08768049,0.13605004
4041,0.00823679,0.02489785,0.04879277,0.08771675,0.13650952
4042,0.00744119,0.02632786,0.04847496,0.08789034,0.13636531
4043,0.00816549,0.02205548,0.04710706,0.08855300,0.13566007
4044,0.00789003,0.02587565,0.04686007,0.08875017,0.13561024
4045,0.00713246,0.02540699,0.04634757,0.09034677,0.13669433
4046,0.00763773,0.02856857,0.04636536,0.09035670,0.13672206
4047,0.00788885,0.02862473,0.04558649,0.08853921,0.13412571
4048,0.00739179,0.02435116,0.04536059,0.08717389,0.13253449
4049,0.00764472,0.02332877,0.04519339,0.08753040,0.13272379
4050,0.00779386,0.02711593,0.04610840,0.08846583,0.13457423
4051,0.00858517,0.02304269,0.04745366,0.08850984,0.13596350
4052,0.00736652,0.02695814,0.04890649,0.08834457,0.13725106
4053,0.00732883,0.02773686,0.04996363,0.08868663,0.13865026
4054,0.00770127,0.02513152,0.04959087,0.08833476,0.13792563
4055,0.00816151,0.02416554,0.04839935,0.08771816,0.13611751
4056,0.00770443,0.02459332,0.04762617,0.08960308,0.13722925
4057,0.00739962,0.02324247,0.04860606,0.09308023,0.14168629
4058,0.00771878,0.02443031,0.04718046,0.09469768,0.14187814
4059,0.00819347,0.02458155,0.04673318,0.09388706,0.14062024
4060,0.00666813,0.02109237,0.04808759,0.09204086,0.14012844
4061,0.00788459,0.02617960,0.04743450,0.09042120,0.13785570
4062,0.00794884,0.02432756,0.04673402,0.08841004,0.13514406
4063,0.00762687,0.02330666,0.04665155,0.08837636,0.13502790
4064,0.00841335,0.02399095,0.04824852,0.08920889,0.13745740
4065,0.00802566,0.02638518,0.04836893,0.08844227,0.13681121
4066,0.00788764,0.02341858,0.04767914,0.08721776,0.13489691
4067,0.00759648,0.02581139,0.04748575,0.08677687,0.13426263
4068,0.00766179,0.02416847,0.04726376,0.08818926,0.13545302
4069,0.00847041,0.02301072,0.04821121,0.09006020,0.13827141
4070,0.00812121,0.02382332,0.05052412,0.09156214,0.14208627
4071,0.00812123,0.02503047,0.04938472,0.09103104,0.14041577
4072,0.00764533,0.02187312,0.04717453,0.08784652,0.13502105
4073,0.00664030,0.02307411,0.04707508,0.08599435,0.13306943
4074,0.00762023,0.02406921,0.04709849,0.08656432,0.13366281
4075,0.00758653,0.02463522,0.04581251,0.08705366,0.13286617
4076,0.00826906,0.02390675,0.04569700,0.08715462,0.13285162
4077,0.00849775,0.02717488,0.04860563,0.08752765,0.13613328
4078,0.00733239,0.02635982,0.04824908,0.08817506,0.13642414
4079,0.00815210,0.02518311,0.04591404,0.08904082,0.13495485
4080,0.00769324,0.02500875,0.04812372,0.08877978,0.13690350
4081,0.00797460,0.02584741,0.04822823,0.08683499,0.13506322
4082,0.00697473,0.02569817,0.04901261,0.08581959,0.13483220
4083,0.00760545,0.02544304,0.05107043,0.08581673,0.13688715
4084,0.00815295,0.02483794,0.04788252,0.08594449,0.13382701
4085,0.00765211,0.02670864,0.04602151,0.08654422,0.13256574
4086,0.00782011,0.02666820,0.04612898,0.08746593,0.13359491
4087,0.00738996,0.02497490,0.04643299,0.08845729,0.13489028
4088,0.00740320,0.02790769,0.04866420,0.08904248,0.13770669
4089,0.00738517,0.02251206,0.04950415,0.08956654,0.13907069
4090,0.00723102,0.02396700,0.04837383,0.08965544,0.13802927
4091,0.00752579,0.02581478,0.04777214,0.08857255,0.13634468
4092,0.00726482,0.02521837,0.04750804,0.08802884,0.13553688
4093,0.00746765,0.02397641,0.04838561,0.08782489,0.13621050
4094,0.00833149,0.02264314,0.04916376,0.08851446,0.13767822
4095,0.00770188,0.02536624,0.04976144,0.08863866,0.13840009
4096,0.00813468,0.02780209,0.04817885,0.08874533,0.13692418
4097,0.00832739,0.02578099,0.04817833,0.08834767,0.13652600
4098,0.00760003,0.02318801,0.04834560,0.08808208,0.13642768
4099,0.00796391,0.02544698,0.04702995,0.08818735,0.13521730
4100,0.00722463,0.02274008,0.04720039,0.08864899,0.13584938
4101,0.00780954,0.02743558,0.04736669,0.08910242,0.13646911
4102,0.00703604,0.02653587,0.04771581,0.09066460,0.13838041
4103,0.00786873,0.02594109,0.04838133,0.09088113,0.13926246
4104,0.00709810,0.02423687,0.04790460,0.08808777,0.13599238
4105,0.00712424,0.02404354,0.04601906,0.08659893,0.13261800
4106,0.00771718,0.02621985,0.04807257,0.08644765,0.13452021
4107,0.00806422,0.02458302,0.04841251,0.08716776,0.13558028
4108,0.00707496,0.02301767,0.04716972,0.08823776,0.13540747
4109,0.00848188,0.02589576,0.04780076,0.08765359,0.13545435
4110,0.00762633,0.02253361,0.04727615,0.08749655,0.13477270
4111,0.00806383,0.02597415,0.04680336,0.08593806,0.13274141
4112,0.00741842,0.02169492,0.04739472,0.08573004,0.13312476
4113,0.00677482,0.02183798,0.04837628,0.08683509,0.13521137
4114,0.00794672,0.02400594,0.04798274,0.08737871,0.13536146
4115,0.00733216,0.02169785,0.04749059,0.08837377,0.13586435
4116,0.00726712,0.02439479,0.04709179,0.09022865,0.13732045
4117,0.00745124,0.02354441,0.04665345,0.09114064,0.13779409
4118,0.00796035,0.02866383,0.04652968,0.08948293,0.13601261
4119,0.00704614,0.02484870,0.04687774,0.08677225,0.13364999
4120,0.00763753,0.02571762,0.04874629,0.08651965,0.13526594
4121,0.00701899,0.02388317,0.05061309,0.08722369,0.13783678
4122,0.00819993,0.02442191,0.04975979,0.08748060,0.13724039
4123,0.00680083,0.02304288,0.04793274,0.08839048,0.13632323
4124,0.00707726,0.02446879,0.04731752,0.08859076,0.13590828
4125,0.00786036,0.02272515,0.04624590,0.08716206,0.13340797
4126,0.00764873,0.02506761,0.04846628,0.08629587,0.13476215
4127,0.00806746,0.02436860,0.04981871,0.08635392,0.13617263
4128,0.00829562,0.02520406,0.04698385,0.08680978,0.13379363
4129,0.00741906,0.02549833,0.04671200,0.08821227,0.13492427
4130,0.00707381,0.02338897,0.04892752,0.09122791,0.14015543
4131,0.00833966,0.02305694,0.04871950,0.09413663,0.14285612
4132,0.00809413,0.02432797,0.04806852,0.09447324,0.14254176
4133,0.00736494,0.02449722,0.05011535,0.09263610,0.14275145
4134,0.00806741,0.02239001,0.04910594,0.09143990,0.14054584
4135,0.00777681,0.02452045,0.04605271,0.09004001,0.13609272
4136,0.00676771,0.02499105,0.04531647,0.08861585,0.13393232
4137,0.00710753,0.02852895,0.04662434,0.08729602,0.13392035
4138,0.00734777,0.02575927,0.04616038,0.08561943,0.13177981
4139,0.00716301,0.02757524,0.04739686,0.08604956,0.13344642
4140,0.00770253,0.02422000,0.04745892,0.08722191,0.13468084
4141,0.00757289,0.02552227,0.04605418,0.09093940,0.13699359
4142,0.00723735,0.02363219,0.04675639,0.09377300,0.14052939
4143,0.00799735,0.02427912,0.04662719,0.09327467,0.13990186
4144,0.00692022,0.02843539,0.04671146,0.09087441,0.13758587
4145,0.00731115,0.02497486,0.04732781,0.09008440,0.13741221
4146,0.00721955,0.03041381,0.04801147,0.08877663,0.13678810
4147,0.00883426,0.02468867,0.04754571,0.08717513,0.13472084
4148,0.00847452,0.02428886,0.04777696,0.08807478,0.13585174
4149,0.00795067,0.02447736,0.04748188,0.09338945,0.14087133
4150,0.00796270,0.02592921,0.04667771,0.09116031,0.13783802
4151,0.00794165,0.02618124,0.04929204,0.08791999,0.13721203
4152,0.00761778,0.02535816,0.04927624,0.08984486,0.13912110
4153,0.00744887,0.02472388,0.04793918,0.09148484,0.13942402
4154,0.00707340,0.02515403,0.04770260,0.09062249,0.13832509
4155,0.00903921,0.02444509,0.04623963,0.09291352,0.13915315
4156,0.00895268,0.02805243,0.04578510,0.09262658,0.13841168
4157,0.00737194,0.02464080,0.04717209,0.08925207,0.13642416
4158,0.00801850,0.02309765,0.04769317,0.08761311,0.13530628
4159,0.00713223,0.02563008,0.04775356,0.08825316,0.13600672
4160,0.00804033,0.02758963,0.04687119,0.08618540,0.13305660
