{
  "generated_at_utc": "2026-06-12T09:55:54.773969+00:00",
  "target_ys": 1.0,
  "target_fs": 1.0,
  "objectives": "three",
  "population_size": 10,
  "offspring_per_generation": 10,
  "generations": 2,
  "device": "cpu",
  "archive_size": 624,
  "num_original": 604,
  "num_virtual": 20,
  "best_weighted_score": 0.07845157384872437,
  "pareto_front_size": 9,
  "knee_index": 8,
  "individuals": [
    {
      "genome_30d": [
        6.5,
        2.0,
        0.0,
        1.0,
        0.0,
        0.0,
        0.15000000596046448,
        1.0,
        0.0,
        0.0,
        -0.7908832430839539,
        0.10166878998279572,
        0.11778303980827332,
        0.0,
        0.0,
        0.0,
        0.0,
        0.0,
        0.0,
        0.0,
        0.0,
        0.0,
        0.0,
        0.0,
        0.0,
        0.0,
        0.0,
        0.0,
        0.0,
        0.0
      ],
      "element_wt_pct": {
        "Al": 6.5,
        "Zr": 2.0,
        "Sn": 0.0,
        "Mo": 1.0,
        "Cr": 0.0,
        "Nb": 0.0,
        "Si": 0.15000000596046448,
        "V": 1.0,
        "Ta": 0.0,
        "Fe": 0.0
      },
      "ti_balance_wt_pct": 89.3499984741211,
      "testenv_z": [
        -0.7908832430839539,
        0.10166878998279572
      ],
      "coldway_3x6": [
        [
          0.11778303980827332,
          0.0,
          0.0,
          0.0,
          0.0,
          0.0
        ],
        [
          0.0,
          0.0,
          0.0,
          0.0,
          0.0,
          0.0
        ],
        [
          0.0,
          0.0,
          0.0,
          0.0,
          0.0,
          0.0
        ]
      ],
      "f1_ys_abs_err": 0.0029941797256469727,
      "f2_fs_abs_err": 0.649844229221344,
      "f3_anchor_l2": 0.0,
      "ys_pred": 0.997005820274353,
      "fs_pred": 0.350155770778656,
      "nearest_train_idx": 21
    },
    {
      "genome_30d": [
        3.0,
        0.0,
        3.0,
        0.0,
        3.0,
        0.0,
        0.0,
        15.0,
        0.0,
        0.0,
        -0.7908832430839539,
        1.7176671028137207,
        0.0,
        -1.3862943649291992,
        0.0,
        0.0,
        0.0,
        0.0,
        0.0,
        0.0,
        0.0,
        0.0,
        -0.20763938128948212,
        2.4849066734313965,
        0.0,
        0.0,
        0.0,
        0.0,
        0.0,
        0.0
      ],
      "element_wt_pct": {
        "Al": 3.0,
        "Zr": 0.0,
        "Sn": 3.0,
        "Mo": 0.0,
        "Cr": 3.0,
        "Nb": 0.0,
        "Si": 0.0,
        "V": 15.0,
        "Ta": 0.0,
        "Fe": 0.0
      },
      "ti_balance_wt_pct": 76.0,
      "testenv_z": [
        -0.7908832430839539,
        1.7176671028137207
      ],
      "coldway_3x6": [
        [
          0.0,
          -1.3862943649291992,
          0.0,
          0.0,
          0.0,
          0.0
        ],
        [
          0.0,
          0.0,
          0.0,
          0.0,
          -0.20763938128948212,
          2.4849066734313965
        ],
        [
          0.0,
          0.0,
          0.0,
          0.0,
          0.0,
          0.0
        ]
      ],
      "f1_ys_abs_err": 0.056526005268096924,
      "f2_fs_abs_err": 0.04306149482727051,
      "f3_anchor_l2": 0.0,
      "ys_pred": 0.9434739947319031,
      "fs_pred": 1.0430614948272705,
      "nearest_train_idx": 115
    },
    {
      "genome_30d": [
        3.0,
        0.0,
        0.0,
        0.0,
        0.0,
        0.0,
        0.0,
        10.0,
        0.0,
        2.0,
        -0.7908832430839539,
        1.3944674730300903,
        0.036813993006944656,
        -0.8675006031990051,
        0.0,
        0.0,
        0.0,
        0.0,
        0.0,
        0.0,
        0.0,
        0.0,
        0.0,
        0.0,
        0.0,
        0.0,
        0.0,
        0.0,
        0.0,
        0.0
      ],
      "element_wt_pct": {
        "Al": 3.0,
        "Zr": 0.0,
        "Sn": 0.0,
        "Mo": 0.0,
        "Cr": 0.0,
        "Nb": 0.0,
        "Si": 0.0,
        "V": 10.0,
        "Ta": 0.0,
        "Fe": 2.0
      },
      "ti_balance_wt_pct": 85.0,
      "testenv_z": [
        -0.7908832430839539,
        1.3944674730300903
      ],
      "coldway_3x6": [
        [
          0.036813993006944656,
          -0.8675006031990051,
          0.0,
          0.0,
          0.0,
          0.0
        ],
        [
          0.0,
          0.0,
          0.0,
          0.0,
          0.0,
          0.0
        ],
        [
          0.0,
          0.0,
          0.0,
          0.0,
          0.0,
          0.0
        ]
      ],
      "f1_ys_abs_err": 0.2409745454788208,
      "f2_fs_abs_err": 0.007213175296783447,
      "f3_anchor_l2": 0.0,
      "ys_pred": 0.7590254545211792,
      "fs_pred": 0.9927868247032166,
      "nearest_train_idx": 142
    },
    {
      "genome_30d": [
        3.0,
        0.0,
        0.0,
        0.0,
        0.0,
        0.0,
        0.0,
        10.0,
        0.0,
        2.0,
        -0.7908832430839539,
        1.3944674730300903,
        0.16126810014247894,
        -0.8675006031990051,
        0.0,
        0.0,
        0.0,
        0.0,
        0.0,
        0.0,
        0.0,
        0.0,
        0.0,
        0.0,
        0.0,
        0.0,
        0.0,
        0.0,
        0.0,
        0.0
      ],
      "element_wt_pct": {
        "Al": 3.0,
        "Zr": 0.0,
        "Sn": 0.0,
        "Mo": 0.0,
        "Cr": 0.0,
        "Nb": 0.0,
        "Si": 0.0,
        "V": 10.0,
        "Ta": 0.0,
        "Fe": 2.0
      },
      "ti_balance_wt_pct": 85.0,
      "testenv_z": [
        -0.7908832430839539,
        1.3944674730300903
      ],
      "coldway_3x6": [
        [
          0.16126810014247894,
          -0.8675006031990051,
          0.0,
          0.0,
          0.0,
          0.0
        ],
        [
          0.0,
          0.0,
          0.0,
          0.0,
          0.0,
          0.0
        ],
        [
          0.0,
          0.0,
          0.0,
          0.0,
          0.0,
          0.0
        ]
      ],
      "f1_ys_abs_err": 0.27504962682724,
      "f2_fs_abs_err": 0.00039881467819213867,
      "f3_anchor_l2": 0.0,
      "ys_pred": 0.72495037317276,
      "fs_pred": 0.9996011853218079,
      "nearest_train_idx": 148
    },
    {
      "genome_30d": [
        6.0,
        0.0,
        0.0,
        2.5,
        1.5,
        0.0,
        0.30000001192092896,
        0.0,
        0.0,
        0.5,
        -0.7908832430839539,
        -0.8679302334785461,
        0.0,
        0.0,
        0.2623642086982727,
        0.6931471824645996,
        0.0,
        0.0,
        0.0,
        0.0,
        0.0,
        0.0,
        0.0,
        0.0,
        0.0,
        0.0,
        0.0,
        0.0,
        0.0,
        0.0
      ],
      "element_wt_pct": {
        "Al": 6.0,
        "Zr": 0.0,
        "Sn": 0.0,
        "Mo": 2.5,
        "Cr": 1.5,
        "Nb": 0.0,
        "Si": 0.30000001192092896,
        "V": 0.0,
        "Ta": 0.0,
        "Fe": 0.5
      },
      "ti_balance_wt_pct": 89.19999694824219,
      "testenv_z": [
        -0.7908832430839539,
        -0.8679302334785461
      ],
      "coldway_3x6": [
        [
          0.0,
          0.0,
          0.2623642086982727,
          0.6931471824645996,
          0.0,
          0.0
        ],
        [
          0.0,
          0.0,
          0.0,
          0.0,
          0.0,
          0.0
        ],
        [
          0.0,
          0.0,
          0.0,
          0.0,
          0.0,
          0.0
        ]
      ],
      "f1_ys_abs_err": 0.004655420780181885,
      "f2_fs_abs_err": 0.12455445528030396,
      "f3_anchor_l2": 0.0,
      "ys_pred": 0.9953445792198181,
      "fs_pred": 0.875445544719696,