{
  "generated_at_utc": "2026-06-12T08:02:25.149036+00:00",
  "device": "cuda",
  "total_wt": 100.0,
  "target_mode": "ground_truth",
  "converged": false,
  "final_recon_mse": 1.3045837879180908,
  "final_ys_mae": 0.5152239203453064,
  "final_fs_mae": 0.751862645149231,
  "n_iters": 1500,
  "best_init": "zero",
  "eval_mask": "val",
  "num_nodes": 604,
  "num_eval_nodes": 121,
  "feature_mae_on_eval": {
    "element_0_9": 1.0072004795074463,
    "ti_balance": 4.312594413757324,
    "testenv_z": 0.8837110996246338,
    "coldway": 0.35600703954696655
  },
  "bounds": {
    "testenv_lower": [
      -0.9131895303726196,
      -0.9972100853919983
    ],
    "testenv_upper": [
      1.777549147605896,
      1.8469469547271729
    ],
    "coldway_lower": [
      -0.07671134173870087,
      -1.4902664422988892,
      -0.33252671360969543,
      -1.5249238014221191,
      -0.014015348628163338,
      -1.1987531185150146,
      -5.000000058430487e-08,
      -5.000000058430487e-08,
      -0.5019090175628662,
      -0.833784818649292,
      -0.6289634704589844,
      -0.13862943649291992,
      -0.060788653790950775,
      -0.03465735912322998,
      -0.359269380569458,
      -0.08470176160335541,
      -5.000000058430487e-08,
      -5.000000058430487e-08
    ],
    "coldway_upper": [
      0.337271124124527,
      0.7971192598342896,
      0.30948951840400696,
      1.5249238014221191,
      0.29432231187820435,
      0.7832376956939697,
      5.000000058430487e-08,
      5.000000058430487e-08,
      0.023900430649518967,
      2.2602434158325195,
      0.055819071829319,
      2.9112181663513184,
      0.0028946977108716965,
      0.7278045415878296,
      0.017108066007494926,
      1.77873694896698,
      5.000000058430487e-08,
      5.000000058430487e-08
    ]
  },
  "paths": {
    "x_inv_pt": "/home/data/metalgnn/metalForTi/grd/outputs/x_inv.pt",
    "summary_json": "/home/data/metalgnn/metalForTi/grd/outputs/inversion_summary.json",
    "summary_txt": "/home/data/metalgnn/metalForTi/grd/outputs/inversion_summary.txt"
  },
  "data_dir": "/home/data/metalgnn/metalForTi/gnnDir/gnndataPT/r-gatPT",
  "ckpt": "/home/data/metalgnn/metalForTi/gnnDir/gnn/r-gatDouble/runs/best_ysfs_gat.pt",
  "x_inv_shape": [
    604,
    30
  ],
  "ti_balance_inv_mean": 81.51033782958984,
  "ti_balance_true_mean": 82.57997131347656,
  "element_sum_inv_mean": 18.48965835571289,
  "element_sum_inv_max": 39.928707122802734,
  "element_sum_true_mean": 17.420032501220703,
  "field_descriptions": {
    "device": "运行设备（cuda 或 cpu）",
    "total_wt": "钛合金总量标尺（wt%），A 模式下 Ti = total_wt - sum(合金化元素)",
    "target_mode": "反推目标：ground_truth=真实 ys/fs 标签；model_forward=当前 x 的前向预测",
    "converged": "是否达到重建误差容限或早停条件",
    "final_recon_mse": "用反推 x 预测 ys、fs 相对目标的均方误差（越小越好）",
    "final_ys_mae": "屈服强度 YS 预测与目标的平均绝对误差",
    "final_fs_mae": "抗拉/疲劳强度 FS 预测与目标的平均绝对误差",
    "n_iters": "优化实际迭代步数",
    "best_init": "多初始点中重建误差最小的初始化策略名称",
    "eval_mask": "计算特征 MAE 时使用的节点子集（all/train/val）",
    "num_nodes": "图中节点总数",
    "num_eval_nodes": "参与特征 MAE 统计的节点数",
    "feature_mae_on_eval": "反推特征与真值 x 的分段平均绝对误差（在 eval_mask 上）",
    "element_0_9": "10 个显式合金化元素（Al…Fe）的 MAE",
    "ti_balance": "钛余量 Ti(wt%) 的 MAE，Ti=total_wt-sum(element)",
    "testenv_z": "试验环境 tem、fcr 的 z-score MAE（与训练张量同空间）",
    "coldway": "18 维工艺 coldway 特征的 MAE",
    "bounds": "反推投影使用的上下界",
    "testenv_lower": "testenv 维下界（z-score 空间，列顺序 tem, fcr）",
    "testenv_upper": "testenv 维上界（z-score 空间）",
    "coldway_lower": "coldway 18 维下界（训练分位数，与 x 一致）",
    "coldway_upper": "coldway 18 维上界",
    "paths": "输出文件路径",
    "x_inv_pt": "PyTorch 主结果文件，含 x_inv 张量及 ti_balance 等",
    "summary_json": "本 JSON 汇总（机器可读）",
    "summary_txt": "本 TXT 汇总（人类可读，含中文说明）",
    "x_inv_shape": "反推输入特征张量形状 [节点数, 30]",
    "ti_balance_inv_mean": "反推钛余量在全图上的平均值",
    "ti_balance_true_mean": "真值钛余量在全图上的平均值",
    "element_sum_inv_mean": "反推 10 元含量之和的平均值（应 ≤ total_wt）",
    "element_sum_true_mean": "真值 10 元含量之和的平均值",
    "field_descriptions": "各 JSON 字段的中文含义（本字典）"
  }
}